MovieID,Title,Genre,ReleaseYear,ReleaseDate,Country, BudgetUSD , US_BoxOfficeUSD , Global_BoxOfficeUSD , Opening_Day_SalesUSD , One_Week_SalesUSD ,IMDbRating,RottenTomatoesScore,NumVotesIMDb,NumVotesRT,Director,LeadActor, Profit ,Profit%,Hit_Flop,Rating_Category
1,Might toward capital,Comedy,2003,28-09-2003,China," $65,77,427.79 "," $66,13,685.82 "," $1,54,72,035.66 "," $17,78,530.85 "," $30,34,053.32 ",6.2,58,7865,10596,Kristina Moore,Brian Mccormick," $88,94,607.87 ",135.23%,Hit,Good Performance
2,He however experience,Comedy,1988,14-02-1988,USA," $18,83,810.10 "," $19,30,949.15 "," $36,37,731.12 "," $2,47,115.74 "," $8,31,828.84 ",5.2,44,1708,220,Benjamin Hudson,Ashley Pena," $17,53,921.02 ",93.10%,flop,Average
3,Star responsibility politics,Comedy,1971,02-11-1971,USA," $24,68,079.29 "," $41,86,694.69 "," $71,65,111.24 "," $8,78,453.95 "," $21,71,405.93 ",5.5,55,4678,7805,Kayla Young,Alexander Haley," $46,97,031.95 ",190.31%,Hit,Average
4,Exactly live,Comedy,1998,06-08-1998,USA," $14,47,311.46 "," $20,23,683.92 "," $43,73,820.26 "," $5,70,657.72 "," $8,98,886.01 ",7.3,87,2467,1751,Michael Ross,Patrick Barnett," $29,26,508.80 ",202.20%,Hit,Good Performance
5,Focus improve especially,Documentary,2021,17-12-2021,India," $9,00,915.86 "," $21,29,629.10 "," $31,13,017.38 "," $3,61,189.37 "," $8,61,775.91 ",6.1,67,5555,697,Faith Franklin,Duane Fletcher DDS," $22,12,101.52 ",245.54%,Hit,Good Performance
6,Deal reveal fine,Drama,1996,09-05-1996,USA," $63,56,058.11 "," $67,90,420.62 "," $1,23,32,192.70 "," $18,77,251.88 "," $36,81,524.22 ",8.9,100,362,229,Thomas Peterson,Carolyn Calhoun," $59,76,134.59 ",94.02%,flop,Excellent Performance
7,Drug when,Comedy,1991,24-09-1991,USA," $3,08,81,640.04 "," $3,55,69,499.73 "," $6,16,33,322.70 "," $57,71,559.63 "," $2,13,05,870.04 ",3.6,39,556,98,Maria Lane,Melissa Cain," $3,07,51,682.66 ",99.58%,flop,Average
8,Almost option of,Horror,1990,04-08-1990,USA," $52,49,748.92 "," $35,69,563.24 "," $60,59,156.85 "," $4,29,972.59 "," $15,13,066.66 ",7.3,75,283,1219,Diane Skinner,Catherine Willis," $8,09,407.93 ",15.42%,flop,Good Performance
9,Film about training,Drama,1983,12-03-1983,USA," $47,46,218.15 "," $63,61,493.82 "," $95,06,139.90 "," $16,12,321.12 "," $29,77,114.88 ",6.9,69,1041,1467,Albert Phillips,Ashley Reeves," $47,59,921.75 ",100.29%,Hit,Good Performance
10,Begin difficult world,Documentary,2005,06-09-2005,USA," $13,54,686.21 "," $38,37,061.91 "," $67,47,065.42 "," $4,40,667.37 "," $20,31,776.94 ",8.4,87,10079,514,Francisco Ford,Richard Miller," $53,92,379.21 ",398.05%,Hit,Excellent Performance
11,Eight,Documentary,1999,17-09-1999,USA," $36,67,201.98 "," $79,45,886.26 "," $1,24,90,413.60 "," $13,60,084.00 "," $40,90,873.55 ",6.7,63,426,456,Mark Brooks,Jacqueline Cooper," $88,23,211.62 ",240.60%,Hit,Good Performance
12,Score by attorney,Comedy,2001,29-06-2001,India," $9,95,578.82 "," $21,20,910.30 "," $37,71,450.73 "," $4,38,402.43 "," $11,80,655.22 ",8.7,86,22577,1782,Robert Webster,Nicholas Richards," $27,75,871.91 ",278.82%,Hit,Excellent Performance
13,Nice piece near,Drama,1984,18-07-1984,USA," $34,74,516.10 "," $19,21,326.86 "," $47,20,393.32 "," $2,64,115.44 "," $8,34,339.97 ",4.4,43,23965,445,Michelle Collins,Paige Gonzalez," $12,45,877.22 ",35.86%,flop,Average
14,Among money,Drama,1967,29-05-1967,USA," $20,03,466.13 "," $28,01,289.00 "," $56,18,102.90 "," $5,38,865.31 "," $15,84,090.22 ",4.6,55,2457,1664,Philip Simmons,Kristy Faulkner," $36,14,636.77 ",180.42%,Hit,Average
15,Purpose miss others show,Action,1963,18-08-1963,USA," $85,01,420.16 "," $62,11,747.19 "," $90,97,154.27 "," $16,23,480.87 "," $29,87,040.85 ",6.5,78,934,1602,Patricia Munoz,Sharon Riley," $5,95,734.11 ",7.01%,flop,Good Performance
16,Similar off,Drama,1983,03-03-1983,USA," $2,56,24,591.73 "," $3,25,69,914.94 "," $6,76,39,926.85 "," $68,39,515.13 "," $1,87,66,598.57 ",5,38,2912,53,Jason Jones,Thomas Hill," $4,20,15,335.12 ",163.96%,Hit,Average
17,Accept past she somebody,Horror,2019,07-04-2019,USA," $2,01,09,873.91 "," $4,53,76,636.88 "," $9,67,10,883.85 "," $47,52,425.69 "," $1,97,05,757.17 ",4.2,36,8691,3326,Mr. Jorge Anderson,Daniel Hughes," $7,66,01,009.94 ",380.91%,Hit,Average
18,Memory blue,Thriller,1963,04-09-1963,USA," $40,36,756.47 "," $89,83,230.19 "," $1,71,72,258.41 "," $16,33,753.84 "," $46,21,801.17 ",8.1,82,24249,50,Mr. Jorge Anderson,Casey Lloyd," $1,31,35,501.94 ",325.40%,Hit,Excellent Performance
19,Sport just score,Drama,2009,23-11-2009,India," $11,84,356.93 "," $14,59,831.77 "," $23,44,529.83 "," $4,35,180.88 "," $6,77,505.19 ",4.2,55,14306,644,Amanda Cantrell,Christopher Hanson," $11,60,172.90 ",97.96%,flop,Average
20,Mrs close hotel,Comedy,2004,05-04-2004,USA," $1,67,57,088.88 "," $1,35,67,813.68 "," $2,69,58,812.72 "," $14,96,912.68 "," $65,50,068.04 ",7.4,80,594,136,Kimberly Barker,Kimberly Ray," $1,02,01,723.84 ",60.88%,flop,Good Performance
21,Agree garden,Romance,2005,23-02-2005,USA," $2,73,022.95 "," $2,26,835.03 "," $4,19,360.89 "," $64,754.05 "," $1,06,243.16 ",7,77,46809,684,Rachel Hayes,Michael Martinez," $1,46,337.94 ",53.60%,flop,Good Performance
22,Short phone sometimes product,Drama,2003,26-08-2003,USA," $20,77,605.68 "," $12,08,808.10 "," $20,77,605.68 "," $1,86,896.30 "," $6,99,624.15 ",5.5,55,27847,6812,Sophia Gomez,Nathan Nelson, $-   ,0.00%,Break_even,Average
23,Identify,Drama,2013,07-10-2013,USA," $28,46,436.28 "," $54,20,815.26 "," $91,72,595.82 "," $12,93,966.86 "," $28,29,319.33 ",5.3,49,2103,490,Robert Webster,Victoria Phillips," $63,26,159.54 ",222.25%,Hit,Average
24,Large over the,Comedy,2014,11-03-2014,India," $1,61,06,357.21 "," $1,08,26,254.71 "," $1,61,06,357.21 "," $31,94,948.01 "," $60,16,765.18 ",6.7,82,7987,296,Colleen Willis,Cody Peters, $-   ,0.00%,Break_even,Good Performance
25,Picture value,Drama,2008,12-08-2008,USA," $97,23,471.21 "," $2,33,59,088.54 "," $4,04,16,194.23 "," $37,05,611.28 "," $94,56,073.51 ",6.6,69,23341,199,Mark Brooks,Tonya Campbell," $3,06,92,723.02 ",315.66%,Hit,Good Performance
26,Seem into beyond,Comedy,1998,12-12-1998,USA," $67,34,151.18 "," $1,39,67,085.26 "," $2,03,71,544.33 "," $32,29,502.73 "," $62,97,509.22 ",5.2,54,1520,1312,Faith Franklin,Melissa Cunningham," $1,36,37,393.15 ",202.51%,Hit,Average
27,Bad side,Drama,1970,16-05-1970,USA," $20,24,799.03 "," $31,20,803.68 "," $45,06,880.52 "," $3,74,038.96 "," $12,56,605.58 ",6.9,93,1446,216,Abigail Robles,Diane Jacobs," $24,82,081.49 ",122.58%,Hit,Good Performance
28,Second,Romance,2007,04-06-2007,USA," $24,69,350.08 "," $12,73,405.22 "," $24,69,350.08 "," $2,56,057.50 "," $7,27,685.16 ",5.6,41,571,58,Robert Webster,Christopher Tucker, $-   ,0.00%,Break_even,Average
29,Character institution good thousand,Sci-Fi,1990,05-06-1990,USA," $34,58,304.82 "," $55,48,990.92 "," $96,44,313.66 "," $7,37,086.51 "," $25,69,995.24 ",9.3,90,4652,1610,Chad Koch,Valerie Dennis," $61,86,008.84 ",178.87%,Hit,Excellent Performance
30,Professor either,Drama,2020,13-06-2020,USA," $12,38,210.99 "," $41,22,230.93 "," $60,59,554.17 "," $11,83,716.03 "," $18,58,052.62 ",8.6,85,7629,404,Jacqueline Briggs,Melissa Mcgee," $48,21,343.18 ",389.38%,Hit,Excellent Performance
31,Model station,Action,1996,21-09-1996,USA," $11,72,141.81 "," $14,82,929.54 "," $22,82,612.88 "," $2,00,603.95 "," $6,80,917.04 ",9.3,80,239,3468,Jerry Owens,Amanda Jenkins," $11,10,471.07 ",94.74%,flop,Excellent Performance
32,Dinner,Action,2019,31-10-2019,USA," $39,13,191.11 "," $68,78,105.93 "," $1,03,33,332.03 "," $20,57,699.07 "," $32,95,543.01 ",5.5,63,2201,1023,Oscar Santos,William Ramirez," $64,20,140.92 ",164.06%,Hit,Average
33,From cold law,Comedy,2013,02-07-2013,USA," $41,71,378.00 "," $66,48,127.90 "," $1,40,91,331.15 "," $15,34,870.98 "," $30,67,624.23 ",5.9,67,1374,50,Megan Sharp,George Green," $99,19,953.15 ",237.81%,Hit,Average
34,Character return,Drama,2021,03-04-2021,USA," $1,07,950.63 "," $3,38,018.02 "," $4,95,980.30 "," $75,865.17 "," $1,64,850.74 ",7.4,74,26678,112,Barbara Torres,Lorraine White DDS," $3,88,029.67 ",359.45%,Hit,Good Performance
35,Draw trade,Drama,2021,15-08-2021,USA," $1,00,000.00 "," $1,15,654.78 "," $1,93,622.56 "," $33,823.66 "," $50,853.38 ",6.7,78,4570,1065,Karen Smith,Thomas Sims," $93,622.56 ",93.62%,flop,Good Performance
36,Exist put simply,Horror,2018,20-11-2018,USA," $24,30,470.62 "," $59,27,177.49 "," $1,20,39,047.95 "," $12,11,567.88 "," $26,10,598.55 ",5.7,56,2839,141,Bryan Murray,Becky Dean," $96,08,577.33 ",395.34%,Hit,Average
37,Region region,Drama,2003,03-08-2003,Australia," $20,94,307.14 "," $50,20,481.93 "," $91,66,273.70 "," $7,38,047.91 "," $20,61,563.72 ",4.9,55,8011,122,David Charles,Danny Kline," $70,71,966.56 ",337.68%,Hit,Average
38,Can shoulder,Thriller,2017,18-02-2017,USA," $6,44,70,180.12 "," $4,66,79,051.80 "," $9,67,68,123.94 "," $60,74,963.37 "," $2,22,18,475.45 ",4.2,27,265,21363,Renee Campbell,Mark Jones," $3,22,97,943.82 ",50.10%,flop,Average
40,Record stay lead,Sci-Fi,2011,17-04-2011,USA," $65,74,229.67 "," $43,84,075.74 "," $96,75,132.29 "," $10,34,644.32 "," $23,39,816.82 ",4.9,57,2630,149,Albert Phillips,Victoria Phillips," $31,00,902.62 ",47.17%,flop,Average
41,Bank government year,Romance,1993,12-04-1993,USA," $11,44,198.37 "," $22,58,528.34 "," $34,04,123.13 "," $5,38,761.77 "," $11,46,165.66 ",4.2,47,4131,9710,Sophia Gomez,Pamela Lopez," $22,59,924.76 ",197.51%,Hit,Average
42,Sing office hair,Sci-Fi,2009,31-05-2009,UK," $13,40,364.37 "," $28,32,081.13 "," $46,92,308.66 "," $7,59,063.94 "," $12,27,524.14 ",8.4,80,3000,73,Michael Richards,Lucas Collins," $33,51,944.29 ",250.08%,Hit,Excellent Performance
43,Head lay,Drama,2015,26-07-2015,USA," $15,56,340.37 "," $43,31,530.19 "," $67,83,887.36 "," $7,75,833.56 "," $19,10,484.32 ",5.9,71,3443,50,Robin Hooper,Jeffrey Smith," $52,27,546.99 ",335.89%,Hit,Average
44,Majority,Horror,2019,08-08-2019,France," $1,81,638.25 "," $4,44,091.30 "," $6,47,412.82 "," $1,15,173.15 "," $2,46,810.43 ",8.2,100,167,61,Hannah Camacho,Jason Mercer," $4,65,774.57 ",256.43%,Hit,Excellent Performance
45,Message bed behind,Drama,2012,25-03-2012,USA," $4,35,309.57 "," $12,86,177.95 "," $21,07,337.11 "," $2,67,419.05 "," $5,91,257.88 ",4.1,42,11862,58,Daniel Brown,Valerie Dennis," $16,72,027.54 ",384.10%,Hit,Average
46,Official possible,Action,2025,17-03-2025,India," $1,61,34,359.03 "," $1,82,54,337.62 "," $3,37,90,208.23 "," $43,86,586.46 "," $86,75,311.25 ",7.1,61,3080,330,Claudia Smith,Ryan Hood," $1,76,55,849.20 ",109.43%,Hit,Good Performance
47,Example center man,Drama,2003,25-05-2003,USA," $37,78,402.22 "," $58,01,682.55 "," $1,43,21,983.04 "," $10,90,064.13 "," $26,04,561.73 ",7.3,78,1304,197,Judy Walker,William Crawford," $1,05,43,580.82 ",279.05%,Hit,Good Performance
48,Head team onto model,Drama,2011,24-05-2011,Australia," $1,43,45,515.59 "," $2,23,40,579.44 "," $3,62,57,512.61 "," $53,50,194.61 "," $91,51,233.82 ",9.6,87,280,986,Robert Hendricks,Melissa Morales," $2,19,11,997.02 ",152.74%,Hit,Excellent Performance
49,Finish,Thriller,2012,14-11-2012,India," $16,79,677.57 "," $46,53,196.68 "," $71,70,484.62 "," $6,98,285.69 "," $20,24,793.94 ",8.8,92,4950,149,Seth Whitehead,Kathy Marshall," $54,90,807.05 ",326.90%,Hit,Excellent Performance
50,Right,Comedy,1993,25-04-1993,USA," $29,29,612.32 "," $36,30,673.53 "," $54,24,425.42 "," $3,79,549.57 "," $15,63,726.25 ",6.6,61,4726,1206,Faith Franklin,Mckenzie Perez," $24,94,813.10 ",85.16%,flop,Good Performance
51,Dog improve perhaps,Comedy,1994,20-12-1994,India," $1,65,38,725.61 "," $1,98,70,382.45 "," $3,67,52,241.31 "," $57,84,169.09 "," $1,17,76,984.60 ",4.8,30,4177,302,Jennifer Willis,Daniel Hughes," $2,02,13,515.70 ",122.22%,Hit,Average
52,Strong son travel,Drama,1974,07-01-1974,India," $38,66,117.13 "," $94,93,477.11 "," $1,57,38,161.74 "," $23,85,246.49 "," $48,62,447.47 ",3.7,33,1159,759,Mary Mitchell,Jason Chavez," $1,18,72,044.61 ",307.08%,Hit,Average
53,Those arm action,Comedy,2018,09-04-2018,USA," $12,77,927.48 "," $13,42,671.70 "," $22,64,163.18 "," $3,31,796.25 "," $7,78,078.36 ",5.7,54,579,853,Andrew Chambers,Brandon Mcguire," $9,86,235.70 ",77.17%,flop,Average
54,Perhaps much enjoy,Comedy,1998,22-11-1998,India," $2,44,36,354.19 "," $1,52,68,989.18 "," $2,95,51,770.50 "," $25,99,307.41 "," $81,53,438.42 ",7.9,80,89519,15686,Michael Richards,Tricia Thomas," $51,15,416.31 ",20.93%,flop,Good Performance
55,Difficult success organization,Action,2000,11-12-2000,USA," $6,91,258.28 "," $17,87,495.32 "," $33,32,775.16 "," $3,33,772.73 "," $7,85,631.86 ",7.2,74,125,6518,Daniel Brown,Patricia Ramirez," $26,41,516.88 ",382.13%,Hit,Good Performance
56,Usually push,Comedy,1990,03-06-1990,USA," $5,20,354.31 "," $3,00,667.11 "," $5,20,354.31 "," $51,494.64 "," $1,61,530.27 ",7.4,77,2281,222,Heidi Cisneros,Robert Walker, $-   ,0.00%,Break_even,Good Performance
57,Bring tonight early,Thriller,2024,25-05-2024,USA," $12,34,865.97 "," $15,08,722.69 "," $29,34,398.05 "," $2,65,677.35 "," $7,22,062.50 ",5.9,55,53650,2321,Michael Chung,Casey Collins," $16,99,532.08 ",137.63%,Hit,Average
58,Run statement population,Comedy,1950,08-12-1950,USA," $14,97,530.58 "," $30,82,387.00 "," $54,74,112.54 "," $3,28,046.51 "," $16,17,742.50 ",4.5,50,10178,1341,Abigail Robles,Michelle Thomas," $39,76,581.96 ",265.54%,Hit,Average
59,Issue put yes,Comedy,2000,19-04-2000,USA," $29,27,562.18 "," $74,61,160.88 "," $1,11,52,470.79 "," $7,64,578.61 "," $40,17,239.65 ",6.7,88,8358,448,Paul Rogers,Dominique Aguirre," $82,24,908.61 ",280.95%,Hit,Good Performance
60,Carry section,Action,1991,26-03-1991,USA," $95,69,133.87 "," $1,01,37,677.50 "," $1,79,97,208.37 "," $12,05,138.52 "," $54,89,799.11 ",4.6,44,186,1506,Carolyn Schwartz,Mark Morris," $84,28,074.50 ",88.08%,flop,Average
61,Either this now,Drama,2009,17-12-2009,USA," $4,63,291.42 "," $7,20,699.04 "," $16,93,997.50 "," $1,75,751.35 "," $3,92,873.01 ",5.2,37,234,2301,Jason Jones,Eric Cooper," $12,30,706.08 ",265.64%,Hit,Average
62,Return speech,Documentary,2010,08-12-2010,UK," $38,46,865.14 "," $24,26,864.14 "," $56,61,038.09 "," $6,05,464.33 "," $11,27,868.54 ",6.4,55,1415,465,Jennifer Henry,Catherine Willis," $18,14,172.95 ",47.16%,flop,Good Performance
63,Subject next per,Comedy,2003,26-04-2003,USA," $53,31,369.42 "," $1,13,24,332.14 "," $1,64,62,359.05 "," $20,60,189.92 "," $52,08,204.97 ",7.5,82,10760,50,Donna Hall,Christopher Hurst," $1,11,30,989.63 ",208.78%,Hit,Good Performance
64,Education professor four,Thriller,2012,19-03-2012,USA," $74,71,929.79 "," $1,43,88,823.55 "," $2,39,01,529.00 "," $36,60,547.81 "," $58,23,415.21 ",6.8,72,116,854,Anthony Rowland,Cassandra Dennis," $1,64,29,599.21 ",219.88%,Hit,Good Performance
65,Program ago,Romance,2019,25-08-2019,USA," $8,21,495.73 "," $3,77,276.53 "," $8,21,495.73 "," $93,369.14 "," $1,55,469.37 ",6.2,58,106,4205,Adam Brown,George Green, $-   ,0.00%,Break_even,Good Performance
66,Owner four four,Drama,1967,04-05-1967,USA," $4,38,79,798.56 "," $5,95,20,827.82 "," $13,02,45,281.20 "," $65,03,349.25 "," $2,84,04,732.85 ",4.2,29,1362,381,Philip Simmons,Joseph Leon," $8,63,65,482.64 ",196.82%,Hit,Average
67,Until government,Drama,2011,28-11-2011,India," $51,94,204.39 "," $60,95,107.98 "," $94,82,283.29 "," $6,33,029.43 "," $28,56,974.63 ",8,87,3197,885,Ryan Tate,Darren Jones," $42,88,078.90 ",82.56%,flop,Excellent Performance
68,Four forget today,Horror,1965,07-11-1965,USA," $60,20,014.98 "," $36,59,600.97 "," $60,20,014.98 "," $4,65,908.55 "," $21,84,451.52 ",4.3,47,2379,6081,Andrew Chambers,Christopher Hurst, $-   ,0.00%,Break_even,Average
69,Change think create,Drama,2003,28-09-2003,Australia," $30,23,413.08 "," $50,08,384.37 "," $82,19,234.20 "," $12,70,729.59 "," $21,28,887.23 ",5.1,54,1796,3796,Melanie Olson,Douglas Davis," $51,95,821.12 ",171.85%,Hit,Average
70,However whom,Action,1978,25-08-1978,USA," $3,15,105.70 "," $7,33,247.18 "," $13,35,477.81 "," $1,90,391.12 "," $3,34,296.66 ",8.2,97,408,303,Jennifer Miller,Alexander Haley," $10,20,372.11 ",323.82%,Hit,Excellent Performance
71,Form floor thank,Comedy,2006,27-05-2006,USA," $1,04,96,349.14 "," $1,34,98,710.88 "," $1,94,54,860.94 "," $29,34,797.68 "," $76,56,806.77 ",8.3,78,4494,2286,Darlene Murphy,Sharon Brady," $89,58,511.80 ",85.35%,flop,Excellent Performance
72,Response main,Sci-Fi,1990,19-04-1990,China," $4,25,39,968.69 "," $2,65,39,546.08 "," $6,54,86,453.26 "," $74,45,218.32 "," $1,44,95,215.29 ",4.6,38,59537,332,Kevin Green,Sandra Farmer," $2,29,46,484.57 ",53.94%,flop,Average
73,Believe TV past,Drama,1989,18-08-1989,USA," $92,00,720.94 "," $84,70,309.35 "," $1,92,71,761.69 "," $14,01,469.41 "," $47,24,781.37 ",6.3,55,8238,747,David Hall,Sierra Brooks," $1,00,71,040.75 ",109.46%,Hit,Good Performance
74,Vote,Drama,2025,03-09-2025,UK," $21,92,960.86 "," $12,67,124.29 "," $26,72,853.42 "," $2,82,633.44 "," $6,46,175.21 ",6.8,69,30377,191,Sophia Gomez,Valerie Dennis," $4,79,892.56 ",21.88%,flop,Good Performance
75,Think exactly,Action,1978,20-11-1978,USA," $32,53,702.72 "," $18,88,422.64 "," $32,53,702.72 "," $4,32,116.90 "," $8,71,417.04 ",4.1,28,4483,3266,Dr. Jonathan Long,Sarah Nelson, $-   ,0.00%,Break_even,Average
76,Power find,Action,1992,26-10-1992,USA," $6,18,082.19 "," $17,73,511.07 "," $26,11,459.70 "," $4,22,379.21 "," $10,04,455.38 ",8.2,84,1363,156,James Cross,Mrs. Margaret Smith," $19,93,377.51 ",322.51%,Hit,Excellent Performance
77,Market one,Action,2007,19-09-2007,France," $44,99,420.46 "," $84,56,277.82 "," $1,94,20,441.04 "," $17,57,299.42 "," $44,29,149.52 ",7.5,83,9695,854,David Rosales,Timothy George," $1,49,21,020.58 ",331.62%,Hit,Good Performance
78,All hot,Comedy,2019,17-01-2019,USA," $11,79,407.39 "," $21,32,090.19 "," $40,19,719.21 "," $3,32,575.46 "," $12,55,597.42 ",6.1,80,337,8294,Jeffrey Neal,Ashley Pena," $28,40,311.82 ",240.83%,Hit,Good Performance
79,Wide clearly provide,Romance,1983,16-08-1983,USA," $9,43,131.66 "," $18,51,421.69 "," $27,14,023.77 "," $2,96,828.88 "," $7,61,104.32 ",6.2,73,21230,66,Karen Smith,Melissa Cain," $17,70,892.11 ",187.77%,Hit,Good Performance
80,Sense relationship leader,Horror,2018,08-01-2018,India," $12,81,929.03 "," $23,76,100.25 "," $41,84,566.19 "," $5,95,849.23 "," $11,53,509.25 ",8.1,77,172,406,Francisco Ford,Mark Jones," $29,02,637.16 ",226.43%,Hit,Excellent Performance
81,Discuss result,Romance,2005,06-07-2005,USA," $32,23,020.68 "," $64,42,093.12 "," $1,27,84,602.43 "," $6,84,472.83 "," $31,00,800.15 ",5.7,39,2893,87,Jennifer Willis,Amber Willis," $95,61,581.75 ",296.67%,Hit,Average
82,Away bring,Horror,1968,23-03-1968,USA," $61,57,229.71 "," $1,30,95,823.13 "," $2,58,39,279.39 "," $39,00,253.43 "," $74,04,765.30 ",6.8,58,224,281,Matthew Beck,Kimberly Ramirez," $1,96,82,049.68 ",319.66%,Hit,Good Performance
83,Fall structure,Drama,1980,13-06-1980,Canada," $2,39,74,912.09 "," $2,15,52,744.82 "," $4,36,49,740.73 "," $57,98,470.48 "," $95,99,861.55 ",6.7,77,2369,3907,Matthew Beck,Seth Smith," $1,96,74,828.64 ",82.06%,flop,Good Performance
84,Physical say face within,Romance,1963,15-06-1963,USA," $31,85,589.08 "," $43,72,118.47 "," $91,46,916.26 "," $11,54,576.97 "," $23,65,881.83 ",8.2,84,842,9880,Karen Barrett,Samantha Vargas," $59,61,327.18 ",187.13%,Hit,Excellent Performance
85,Under push evening,Documentary,2025,09-10-2025,USA," $26,58,315.95 "," $41,21,643.99 "," $97,83,938.41 "," $10,68,694.28 "," $24,42,892.72 ",6,72,1736,854,Mr. Jorge Anderson,Lorraine White DDS," $71,25,622.46 ",268.05%,Hit,Good Performance
86,Around night,Comedy,2001,31-10-2001,USA," $2,47,38,532.55 "," $4,19,41,419.88 "," $6,27,66,329.38 "," $67,75,529.27 "," $1,90,25,798.83 ",7.3,82,6899,1326,David Rosales,Dawn Blake," $3,80,27,796.83 ",153.72%,Hit,Good Performance
87,Focus investment her,Horror,2001,21-01-2001,USA," $60,14,508.38 "," $29,08,491.36 "," $60,14,508.38 "," $7,92,860.49 "," $15,35,755.96 ",5.2,48,10533,721,Ryan Tate,David Hart, $-   ,0.00%,Break_even,Average
88,Fly baby,Drama,2010,01-12-2010,USA," $17,47,318.90 "," $20,28,286.72 "," $29,79,757.68 "," $5,67,546.78 "," $8,30,857.94 ",6.8,58,3871,50,William Walker,Becky Dean," $12,32,438.78 ",70.53%,flop,Good Performance
89,Ask clearly if,Romance,2018,03-06-2018,USA," $1,99,86,352.03 "," $5,89,23,649.40 "," $9,00,20,273.71 "," $1,59,41,406.76 "," $3,39,20,310.35 ",4.9,71,36798,50,Michael Richards,Jorge Kennedy," $7,00,33,921.68 ",350.41%,Hit,Average
90,Speech about someone,Comedy,2017,09-03-2017,USA," $26,35,531.28 "," $77,71,896.85 "," $1,27,86,755.18 "," $18,53,562.36 "," $33,50,240.59 ",8.9,80,4238,6086,Brian Robinson,Christopher Rodgers," $1,01,51,223.90 ",385.17%,Hit,Excellent Performance
91,Report physical candidate,Comedy,2016,27-02-2016,Germany," $1,41,51,376.20 "," $3,49,25,559.09 "," $5,76,82,132.27 "," $96,17,386.57 "," $2,03,29,672.97 ",4.9,39,27289,79,William Carpenter,Christopher Benson," $4,35,30,756.07 ",307.61%,Hit,Average
92,You discover,Romance,1991,20-01-1991,USA," $17,02,153.01 "," $31,95,665.91 "," $49,66,959.55 "," $4,60,840.71 "," $16,08,400.86 ",8.5,83,8090,18542,Mark Moody,Alison Clark," $32,64,806.54 ",191.80%,Hit,Excellent Performance
93,Alone day official,Romance,1988,18-09-1988,France," $6,81,709.43 "," $19,42,184.28 "," $31,90,720.65 "," $1,97,447.69 "," $8,49,457.52 ",8.6,82,12762,5849,Michael Chung,Sharon Brady," $25,09,011.22 ",368.05%,Hit,Excellent Performance
94,Choose common,Horror,1998,12-07-1998,USA," $21,52,750.98 "," $14,89,852.28 "," $28,34,348.76 "," $1,56,555.86 "," $8,19,332.50 ",7.1,67,78355,657,Patricia Munoz,Stephen Cooper," $6,81,597.78 ",31.66%,flop,Good Performance
95,Wonder young must,Action,2008,26-05-2008,USA," $90,56,097.68 "," $48,12,542.41 "," $1,00,90,058.54 "," $13,11,157.44 "," $23,79,285.37 ",4.5,44,64113,77,Caitlin Brewer,Ashley Gilmore," $10,33,960.86 ",11.42%,flop,Average
96,All lot,Drama,2022,24-11-2022,USA," $19,87,747.41 "," $17,74,715.27 "," $42,55,442.83 "," $2,92,971.59 "," $8,75,577.86 ",7.6,88,2444,2487,Emily Miller,Jorge Kennedy," $22,67,695.42 ",114.08%,Hit,Good Performance
97,Lay fill mind,Horror,1957,24-02-1957,USA," $30,90,793.31 "," $97,92,788.27 "," $1,40,58,850.84 "," $16,66,379.61 "," $51,15,475.10 ",5.2,36,368,4183,Bryan Murray,Joseph Gonzalez," $1,09,68,057.53 ",354.86%,Hit,Average
98,Hold,Thriller,1994,09-05-1994,USA," $61,84,974.86 "," $1,60,02,352.36 "," $2,62,07,047.79 "," $27,33,156.99 "," $93,81,550.94 ",3,32,221,243,Ryan Tate,Mark Jones," $2,00,22,072.93 ",323.72%,Hit,Average
99,However listen each,Thriller,2022,01-04-2022,USA," $1,26,13,859.33 "," $1,85,57,187.28 "," $3,83,86,331.63 "," $29,47,095.86 "," $97,16,160.88 ",8.4,100,5052,33850,Jacqueline Briggs,Brittany Kelly," $2,57,72,472.30 ",204.32%,Hit,Excellent Performance
100,Best something last,Comedy,2001,20-09-2001,USA," $1,60,79,957.21 "," $75,87,586.53 "," $1,60,79,957.21 "," $19,83,293.64 "," $31,23,046.37 ",6.9,63,128347,121,Melissa Hernandez,Pamela Frey, $-   ,0.00%,Break_even,Good Performance
101,Hair significant fear,Drama,2004,11-10-2004,UK," $78,62,147.77 "," $48,74,513.15 "," $98,02,761.93 "," $10,54,550.57 "," $20,19,570.09 ",7.7,58,1748,1944,Jeffrey Neal,Noah Harrison," $19,40,614.16 ",24.68%,flop,Good Performance
102,Per,Drama,1996,27-04-1996,USA," $33,71,043.88 "," $33,39,465.73 "," $67,30,363.36 "," $6,72,049.71 "," $16,72,742.51 ",5.2,62,2688,2768,Adriana Campbell,Amy Gomez," $33,59,319.48 ",99.65%,flop,Average
103,Story when should,Sci-Fi,1982,12-08-1982,USA," $3,66,21,112.33 "," $9,56,08,042.01 "," $14,56,23,169.50 "," $96,49,201.26 "," $4,77,69,043.68 ",6,73,2151,128,Mary Mitchell,Melissa Melendez," $10,90,02,057.17 ",297.65%,Hit,Good Performance
104,Market he suggest,Action,1982,23-11-1982,USA," $52,06,805.07 "," $69,29,767.71 "," $1,63,04,744.83 "," $18,19,017.66 "," $36,86,621.74 ",6.8,49,6809,600,Michelle Collins,Amber Willis," $1,10,97,939.76 ",213.14%,Hit,Good Performance
105,Ever standard fill,Drama,2005,03-06-2005,USA," $36,11,629.64 "," $19,74,872.18 "," $36,11,629.64 "," $2,22,872.11 "," $10,80,178.44 ",8,77,608,50,Michael Richards,Dawn Blake, $-   ,0.00%,Break_even,Excellent Performance
106,Debate clear light do,Thriller,1992,10-11-1992,USA," $70,34,189.13 "," $1,21,41,879.41 "," $2,69,03,394.87 "," $30,54,571.32 "," $64,65,379.56 ",9,78,4973,360,David Perez,Derrick Smith," $1,98,69,205.74 ",282.47%,Hit,Excellent Performance
107,Difference sport face,Comedy,2013,14-02-2013,USA," $1,83,66,087.81 "," $1,80,00,226.40 "," $3,12,38,452.83 "," $34,91,028.21 "," $1,03,74,090.07 ",5.7,47,8982,1909,Jeremy Ray,Peter Sanders," $1,28,72,365.02 ",70.09%,flop,Average
108,Official together sure,Thriller,2015,10-01-2015,USA," $23,11,364.60 "," $67,12,540.37 "," $96,29,496.96 "," $15,43,264.52 "," $31,40,444.79 ",6.4,60,1002,82,Michelle Collins,Kristin Cook," $73,18,132.36 ",316.62%,Hit,Good Performance
109,Cut success,Drama,2000,17-04-2000,USA," $10,58,26,404.70 "," $25,26,31,438.20 "," $45,90,62,513.60 "," $5,38,06,543.21 "," $14,11,53,308.20 ",6.8,64,12175,80,Janice Taylor,Daryl Douglas," $35,32,36,108.90 ",333.79%,Hit,Good Performance
110,Itself role,Comedy,2000,04-01-2000,USA," $39,60,232.64 "," $48,23,338.07 "," $1,14,22,177.25 "," $10,11,985.59 "," $23,91,087.99 ",6.4,76,17403,50,Michael Manning,Teresa Davis," $74,61,944.61 ",188.42%,Hit,Good Performance
111,Everybody provide skin occur,Action,1995,18-12-1995,Canada," $1,09,00,558.91 "," $87,94,361.56 "," $1,75,37,275.92 "," $15,72,973.69 "," $38,25,956.90 ",7.1,70,6820,50,Patricia Munoz,Melissa Mcgee," $66,36,717.01 ",60.88%,flop,Good Performance
112,Bar,Action,2001,23-08-2001,USA," $14,67,116.07 "," $24,27,931.73 "," $44,87,170.96 "," $4,21,658.06 "," $14,20,464.26 ",6,49,20081,50,Dr. Jonathan Long,Leonard Contreras," $30,20,054.89 ",205.85%,Hit,Good Performance
113,Health administration,Sci-Fi,2000,15-09-2000,USA," $15,37,625.71 "," $32,43,764.22 "," $59,80,646.57 "," $8,34,515.97 "," $17,35,535.31 ",6.1,60,235,618,David Lee,Michelle Thomas," $44,43,020.86 ",288.95%,Hit,Good Performance
114,Old course,Thriller,1965,11-04-1965,Japan," $5,25,651.50 "," $3,15,169.13 "," $5,89,519.63 "," $67,410.01 "," $1,78,174.32 ",6.6,69,5833,90,James Miller,Catherine Rogers," $63,868.13 ",12.15%,flop,Good Performance
115,Poor case,Horror,2002,03-10-2002,Canada," $2,90,38,890.56 "," $6,42,69,699.86 "," $9,30,11,939.18 "," $1,70,20,538.62 "," $3,36,84,876.44 ",7,77,1597,50,Melanie Olson,Shawn Washington," $6,39,73,048.62 ",220.30%,Hit,Good Performance
116,These example yourself,Comedy,1997,20-08-1997,USA," $24,89,181.02 "," $44,77,633.53 "," $87,55,541.21 "," $11,36,240.81 "," $25,34,272.41 ",7.3,76,29252,353,Jennifer Miller,Heather Williams," $62,66,360.19 ",251.74%,Hit,Good Performance
117,Dinner instead particularly,Drama,2013,16-06-2013,USA," $46,72,262.46 "," $46,03,358.26 "," $99,92,642.31 "," $9,05,282.69 "," $27,30,296.72 ",7,67,1842,50,Tracy Tucker,Patricia Keller," $53,20,379.85 ",113.87%,Hit,Good Performance
118,Strong summer,Documentary,2003,06-01-2003,USA," $27,14,156.97 "," $15,61,762.40 "," $27,14,156.97 "," $2,77,367.56 "," $8,04,000.83 ",5,43,10572,888,Hannah Camacho,Paul Glover, $-   ,0.00%,Break_even,Average
119,Course now,Comedy,1985,03-05-1985,USA," $1,70,27,926.54 "," $1,11,89,963.05 "," $1,70,27,926.54 "," $25,78,517.36 "," $45,27,574.68 ",6.4,61,1892,16043,Philip Simmons,Teresa Santos PhD, $-   ,0.00%,Break_even,Good Performance
120,Doctor,Comedy,1986,29-09-1986,USA," $86,02,015.64 "," $41,01,668.39 "," $91,40,502.14 "," $8,36,133.16 "," $18,85,149.10 ",8.4,92,1098,66,Paul Rogers,Stephen Cooper," $5,38,486.50 ",6.26%,flop,Excellent Performance
121,Ago every boy,Thriller,2010,06-09-2010,France," $1,74,27,391.09 "," $2,71,81,656.18 "," $6,34,99,344.57 "," $77,37,466.74 "," $1,63,03,642.92 ",6.3,71,3891,3800,Ashley Medina,Daniel Callahan," $4,60,71,953.48 ",264.37%,Hit,Good Performance
122,Member,Drama,1994,06-06-1994,UK," $4,41,449.74 "," $2,18,628.34 "," $4,41,449.74 "," $57,336.77 "," $1,08,152.34 ",8,68,1198,1553,Suzanne Gonzalez,Mark Smith, $-   ,0.00%,Break_even,Excellent Performance
123,Use area many,Comedy,2019,07-06-2019,China," $66,76,011.02 "," $82,78,990.76 "," $1,53,39,808.35 "," $10,23,916.91 "," $44,46,254.35 ",6.6,69,2714,308,Michelle Collins,Terry Martinez," $86,63,797.33 ",129.78%,Hit,Good Performance
124,Every place notice,Comedy,2021,24-03-2021,China," $71,84,310.79 "," $2,08,78,488.02 "," $3,22,99,503.95 "," $50,93,588.13 "," $1,02,61,130.67 ",5.7,55,6991,1029,Mary Mitchell,Russell Martin," $2,51,15,193.16 ",349.58%,Hit,Average
125,Market,Action,2014,10-10-2014,USA," $8,04,860.37 "," $13,90,840.47 "," $24,57,565.74 "," $3,24,751.63 "," $7,07,618.24 ",5.9,59,989,304,Jennifer Atkinson,Leonard Contreras," $16,52,705.37 ",205.34%,Hit,Average
126,Within,Horror,2006,06-06-2006,USA," $38,44,619.63 "," $78,88,249.67 "," $1,73,90,174.85 "," $13,83,874.10 "," $41,94,181.00 ",7.2,70,6905,50,Mark Moody,Valerie Dennis," $1,35,45,555.22 ",352.32%,Hit,Good Performance
127,Year final,Action,2014,28-05-2014,USA," $4,03,971.11 "," $2,07,485.37 "," $4,03,971.11 "," $38,103.37 "," $96,624.31 ",7.8,87,1998,272,Karen Barrett,John Strickland, $-   ,0.00%,Break_even,Good Performance
128,Chair deep development,Thriller,1959,13-07-1959,USA," $10,27,881.79 "," $17,25,767.97 "," $25,20,217.32 "," $3,00,693.41 "," $7,85,183.74 ",7.2,95,18806,258,Donna Hall,Shawna Bryant," $14,92,335.53 ",145.19%,Hit,Good Performance
129,Expert get,Comedy,2004,18-11-2004,USA," $67,38,796.95 "," $67,95,687.64 "," $1,10,60,464.26 "," $8,03,792.87 "," $30,85,891.19 ",8,84,25966,1124,Chad Peters MD,Lucas Collins," $43,21,667.31 ",64.13%,flop,Excellent Performance
130,Save better,Thriller,1996,05-10-1996,USA," $68,10,283.05 "," $1,12,40,103.16 "," $2,58,61,721.72 "," $13,26,285.20 "," $52,03,273.94 ",7.4,76,2709,50,Michael Chung,David Lopez," $1,90,51,438.67 ",279.75%,Hit,Good Performance
131,Design than a,Drama,1962,31-08-1962,USA," $4,43,90,059.55 "," $8,08,96,756.37 "," $15,97,39,148.70 "," $1,25,55,368.83 "," $4,74,17,104.78 ",4.5,36,5097,8034,Donna Hall,Becky Dean," $11,53,49,089.15 ",259.85%,Hit,Average
132,Clear trial some society,Romance,2013,26-10-2013,Australia," $57,13,641.30 "," $81,77,047.30 "," $1,36,65,459.06 "," $10,80,793.14 "," $35,52,288.78 ",5.4,68,4078,425,Charlotte Williams,Andrew Walker PhD," $79,51,817.76 ",139.17%,Hit,Average
133,Up instead avoid,Drama,2011,12-10-2011,UK," $47,76,779.09 "," $78,87,454.59 "," $1,13,29,652.59 "," $13,56,226.02 "," $33,18,264.83 ",10,87,14592,59,Janice Taylor,Thomas Sims," $65,52,873.50 ",137.18%,Hit,Excellent Performance
134,Amount manager reflect detail,Comedy,1964,09-11-1964,USA," $3,51,445.84 "," $3,31,907.75 "," $5,66,443.47 "," $84,028.11 "," $1,81,907.51 ",4.4,53,1462,50,Christopher Roach,Samantha Vargas," $2,14,997.63 ",61.18%,flop,Average
135,Possible yet,Comedy,2017,23-01-2017,Japan," $1,68,424.47 "," $2,12,657.28 "," $3,05,306.00 "," $55,217.29 "," $1,13,766.43 ",6.7,82,1717,1037,Tyler Sanchez,Leonard Contreras," $1,36,881.53 ",81.27%,flop,Good Performance
136,Picture would bad student,Sci-Fi,1992,03-11-1992,USA," $5,28,05,581.55 "," $4,76,27,412.53 "," $8,17,88,329.86 "," $1,32,14,750.83 "," $2,52,74,262.52 ",6,63,12626,565,Mark Moody,Jamie Cunningham," $2,89,82,748.31 ",54.89%,flop,Good Performance
137,Message remember model everything,Romance,1960,07-02-1960,UK," $56,82,724.38 "," $25,19,116.22 "," $56,82,724.38 "," $2,62,654.29 "," $13,99,609.96 ",6.8,60,7652,50,James Miller,Deanna Johnson, $-   ,0.00%,Break_even,Good Performance
138,Yet property fall,Horror,2006,05-03-2006,USA," $14,69,711.85 "," $32,76,156.30 "," $69,75,692.16 "," $5,13,714.25 "," $18,60,294.77 ",4.6,43,6891,257,Julie Maxwell,Timothy George," $55,05,980.31 ",374.63%,Hit,Average
139,This before,Comedy,1988,27-10-1988,USA," $23,77,856.68 "," $24,99,520.88 "," $37,09,086.01 "," $4,46,308.92 "," $12,60,006.56 ",4.4,45,1124,55,Brenda Smith,Christopher Rodgers," $13,31,229.33 ",55.98%,flop,Average
140,Machine operation,Horror,2006,08-04-2006,India," $21,06,945.15 "," $25,56,021.63 "," $41,58,819.71 "," $3,56,399.58 "," $13,80,263.20 ",6.4,79,8081,546,Robin Hooper,Melissa Mcgee," $20,51,874.56 ",97.39%,flop,Good Performance
141,Shake too,Horror,1964,03-04-1964,USA," $4,71,381.47 "," $2,68,877.33 "," $4,71,381.47 "," $73,120.11 "," $1,24,811.25 ",4.8,33,972,114,Anthony Rowland,Christopher Hurst, $-   ,0.00%,Break_even,Average
142,Identify nice,Comedy,2009,01-10-2009,USA," $8,33,017.26 "," $25,55,886.32 "," $37,91,670.53 "," $2,60,504.72 "," $11,08,373.62 ",5.3,48,2078,114,Jennifer Atkinson,Kristy Faulkner," $29,58,653.27 ",355.17%,Hit,Average
143,Decide body minute,Comedy,2001,10-10-2001,Japan," $3,97,591.44 "," $4,96,473.90 "," $8,34,291.71 "," $64,987.67 "," $2,63,571.68 ",5.5,55,4277,50,Darlene Murphy,Chelsea Armstrong," $4,36,700.27 ",109.84%,Hit,Average
144,Than appear middle,Comedy,2019,10-11-2019,India," $6,10,569.53 "," $4,01,814.48 "," $6,11,789.52 "," $81,650.04 "," $1,85,839.90 ",4.5,56,1588,312,Matthew Beck,Daniel Callahan," $1,219.99 ",0.20%,flop,Average
145,Itself social,Comedy,2017,14-03-2017,USA," $49,02,313.38 "," $31,35,864.14 "," $50,63,787.33 "," $5,50,854.59 "," $13,64,669.99 ",4.7,49,1006,547,Ryan Tate,Benjamin Mitchell," $1,61,473.95 ",3.29%,flop,Average
146,Yet,Comedy,1986,30-06-1986,USA," $15,32,49,538.00 "," $19,09,94,158.00 "," $47,07,87,809.80 "," $4,87,82,631.91 "," $9,19,74,780.17 ",5,47,1576,234,Jeremy Davis,Kristina Krause," $31,75,38,271.80 ",207.20%,Hit,Average
147,Green,Drama,2015,30-08-2015,USA," $7,08,977.73 "," $11,05,158.04 "," $25,79,589.80 "," $3,00,585.20 "," $6,49,445.87 ",9,94,292,1572,James Miller,Anthony Cross," $18,70,612.07 ",263.85%,Hit,Excellent Performance
148,When,Comedy,1961,14-08-1961,USA," $7,02,361.60 "," $10,35,002.90 "," $24,05,038.81 "," $2,48,675.97 "," $4,33,568.55 ",9,93,1304,2971,Benjamin Ray,Andrew Walker PhD," $17,02,677.21 ",242.42%,Hit,Excellent Performance
149,Example center man,Comedy,1997,21-02-1997,USA," $45,96,514.73 "," $53,23,003.82 "," $80,27,250.80 "," $10,64,374.83 "," $30,32,567.50 ",4.4,43,936,473,Brandon Fuller,Cynthia Little," $34,30,736.07 ",74.64%,flop,Average
150,Conference why final,Romance,2018,29-07-2018,USA," $1,00,000.00 "," $2,02,725.55 "," $3,83,806.38 "," $58,307.70 "," $88,747.14 ",8.8,93,10953,546,William Carpenter,Tami Miranda," $2,83,806.38 ",283.81%,Hit,Excellent Performance
151,Civil prove space,Thriller,2002,04-06-2002,USA," $72,07,610.59 "," $1,08,66,283.37 "," $2,63,99,574.33 "," $12,20,069.51 "," $57,78,348.11 ",7.8,89,6280,50,Jennifer Miller,Jeffrey Holloway," $1,91,91,963.74 ",266.27%,Hit,Good Performance
152,Letter itself girl guy,Thriller,2014,02-03-2014,USA," $38,80,973.09 "," $75,92,809.97 "," $1,74,76,813.65 "," $18,35,130.49 "," $44,22,801.23 ",8.2,78,5010,127,Gary Simmons,Mathew Castillo," $1,35,95,840.56 ",350.32%,Hit,Excellent Performance
153,Us check artist,Documentary,1999,24-11-1999,USA," $33,17,560.79 "," $49,42,744.69 "," $78,37,975.49 "," $7,75,700.75 "," $29,22,027.00 ",7.5,69,2071,261,Sonya Clark,Nicole Dawson," $45,20,414.70 ",136.26%,Hit,Good Performance
154,Black,Romance,2008,16-05-2008,USA," $53,58,045.63 "," $1,26,89,171.64 "," $1,95,24,549.88 "," $30,94,584.62 "," $74,49,263.02 ",6,52,550,223,Daniel Brown,Mary Wolfe," $1,41,66,504.25 ",264.40%,Hit,Good Performance
155,Forward,Romance,2006,02-09-2006,USA," $25,68,410.32 "," $24,21,533.78 "," $41,31,496.29 "," $3,54,857.93 "," $12,14,572.37 ",7.7,72,5806,4217,Amber Anderson,Mr. Michael Snyder," $15,63,085.97 ",60.86%,flop,Good Performance
156,Citizen fight maintain,Romance,1971,05-08-1971,USA," $16,45,230.88 "," $23,01,142.28 "," $42,41,157.97 "," $6,64,993.86 "," $13,29,645.81 ",6.7,57,100,778,Suzanne Gonzalez,Donald Franco," $25,95,927.09 ",157.78%,Hit,Good Performance
157,Apply,Thriller,1980,23-03-1980,Germany," $90,76,834.31 "," $95,56,883.93 "," $1,55,37,539.72 "," $19,20,322.60 "," $41,47,829.10 ",7.1,54,7637,201,Amber Anderson,Daniel Thompson," $64,60,705.41 ",71.18%,flop,Good Performance
158,Hotel bring,Drama,1998,24-09-1998,USA," $61,48,180.05 "," $1,19,36,014.34 "," $2,24,21,349.62 "," $35,14,004.73 "," $71,23,630.70 ",7,77,1813,763,Barbara Torres,Kimberly Johnson," $1,62,73,169.57 ",264.68%,Hit,Good Performance
159,Occur wrong,Horror,1982,15-02-1982,USA," $6,01,180.21 "," $15,49,587.15 "," $27,75,110.19 "," $4,51,580.40 "," $8,41,896.20 ",8.1,96,5564,724,Jerry Owens,Dustin Jackson," $21,73,929.98 ",361.61%,Hit,Excellent Performance
160,Despite relationship,Drama,1981,16-10-1981,UK," $26,26,597.98 "," $50,57,502.23 "," $94,55,136.38 "," $10,79,490.44 "," $24,76,618.13 ",8.1,98,4205,288,Sara Higgins,Jimmy Smith," $68,28,538.40 ",259.98%,Hit,Excellent Performance
161,Church nearly,Action,2014,24-08-2014,USA," $1,88,84,580.08 "," $2,00,51,844.18 "," $4,47,15,239.32 "," $28,56,881.73 "," $91,93,254.60 ",7.5,67,4634,132,Kimberly Barker,Miss Jennifer Parsons," $2,58,30,659.24 ",136.78%,Hit,Good Performance
162,Imagine leader receive,Horror,1979,16-06-1979,USA," $46,73,216.75 "," $72,63,656.97 "," $1,27,75,881.13 "," $11,52,113.62 "," $38,22,526.66 ",7.9,64,10357,206,Mrs. Hannah Campbell DDS,Lauren Horton," $81,02,664.38 ",173.39%,Hit,Good Performance
163,Sign low race,Drama,1994,21-02-1994,USA," $54,52,826.10 "," $1,40,53,076.41 "," $2,40,18,528.33 "," $27,26,395.01 "," $79,85,730.47 ",9.4,84,5837,50,Rachel Kirby,Brian Mccormick," $1,85,65,702.23 ",340.48%,Hit,Excellent Performance
164,However,Drama,2024,14-01-2024,USA," $39,17,095.00 "," $20,16,407.17 "," $39,17,095.00 "," $2,05,198.16 "," $10,39,096.00 ",6.1,70,729,1321,Samantha Campbell,Ian Williams, $-   ,0.00%,Break_even,Good Performance
165,Suggest fund,Thriller,1989,29-09-1989,Canada," $3,29,963.79 "," $2,84,015.29 "," $4,80,121.40 "," $45,819.87 "," $1,16,447.21 ",7.8,81,23359,42891,Jeffrey Myers MD,Matthew Simmons," $1,50,157.61 ",45.51%,flop,Good Performance
166,Consumer miss themselves,Drama,1970,25-05-1970,USA," $4,80,822.46 "," $3,10,923.84 "," $6,93,224.68 "," $80,945.25 "," $1,28,293.72 ",7.2,55,1089,438,Troy Cochran,David Castillo," $2,12,402.22 ",44.17%,flop,Good Performance
167,Several,Comedy,1989,03-12-1989,USA," $1,34,06,441.23 "," $1,80,74,520.98 "," $4,00,46,070.56 "," $33,13,439.70 "," $1,00,44,918.68 ",5.7,62,588,248,William Banks,Sydney Jordan," $2,66,39,629.33 ",198.71%,Hit,Average
168,Charge into,Comedy,1959,07-04-1959,USA," $4,79,045.41 "," $4,02,800.24 "," $7,12,140.52 "," $79,990.02 "," $1,65,545.87 ",6.4,67,924,2017,Julie Maxwell,Brittany Kelly," $2,33,095.11 ",48.66%,flop,Good Performance
169,Different about dinner,Horror,1995,29-07-1995,Germany," $43,73,875.87 "," $40,67,538.80 "," $93,83,807.75 "," $6,34,272.97 "," $21,71,364.72 ",6.5,79,2725,152,Janice Taylor,Stephanie Cervantes," $50,09,931.88 ",114.54%,Hit,Good Performance
170,Language figure bill,Thriller,2022,07-04-2022,UK," $3,74,184.17 "," $7,94,445.26 "," $11,58,830.40 "," $83,286.20 "," $3,48,961.52 ",6,55,4101,139,Dr. Michael Monroe,Ashley Juarez," $7,84,646.23 ",209.70%,Hit,Good Performance
171,President these plant,Comedy,1980,01-09-1980,USA," $75,92,246.92 "," $1,57,43,802.67 "," $3,38,15,401.33 "," $24,66,864.96 "," $74,10,383.62 ",8.9,89,8013,876,Robert Webster,Andrea Bowers," $2,62,23,154.41 ",345.39%,Hit,Excellent Performance
172,Give material room,Horror,2017,08-03-2017,USA," $5,64,685.05 "," $6,22,779.43 "," $13,71,854.56 "," $83,601.02 "," $3,57,314.10 ",6.9,78,763,82,Brooke Morales,Cynthia Little," $8,07,169.51 ",142.94%,Hit,Good Performance
173,Environment explain,Documentary,1989,15-11-1989,USA," $4,23,135.12 "," $7,66,137.07 "," $18,19,623.60 "," $2,05,198.01 "," $3,88,309.63 ",6.1,55,1897,188,Bryan Murray,Kimberly Smith," $13,96,488.48 ",330.03%,Hit,Good Performance
174,East suddenly notice,Documentary,2008,21-08-2008,USA," $19,80,395.61 "," $25,16,752.56 "," $43,08,695.48 "," $6,35,437.33 "," $14,09,730.85 ",6.8,73,4217,50,Faith Franklin,Jeanette Archer," $23,28,299.87 ",117.57%,Hit,Good Performance
175,Alone second expect,Drama,2005,03-04-2005,USA," $1,48,18,240.51 "," $2,73,72,179.88 "," $6,33,14,893.94 "," $56,14,560.59 "," $1,36,12,570.76 ",3.8,40,4899,1101,Kayla Young,Lawrence Thomas," $4,84,96,653.43 ",327.28%,Hit,Average
176,Detail,Thriller,1991,07-06-1991,India," $14,80,154.56 "," $20,19,589.78 "," $37,74,377.87 "," $2,54,123.99 "," $8,46,584.85 ",8.8,71,1183,2127,Benjamin Ray,Ashley Reeves," $22,94,223.31 ",155.00%,Hit,Excellent Performance
177,Response mission professor,Comedy,1990,17-06-1990,USA," $1,74,876.06 "," $2,08,121.79 "," $3,15,031.59 "," $59,323.58 "," $86,429.08 ",8.8,80,2946,466,Darrell Carlson,Joshua Willis," $1,40,155.53 ",80.15%,flop,Excellent Performance
178,Hear statement,Action,1999,07-12-1999,USA," $94,43,732.25 "," $1,46,40,426.31 "," $2,16,25,137.68 "," $31,88,650.26 "," $85,22,680.96 ",6.7,58,6989,50,David Morris,Mary Wolfe," $1,21,81,405.43 ",128.99%,Hit,Good Performance
179,Low fire strategy,Drama,1996,23-06-1996,USA," $1,06,69,060.97 "," $2,47,16,176.11 "," $4,74,15,096.86 "," $37,57,006.79 "," $1,39,31,217.55 ",6.1,76,3945,94,Karen Smith,Jennifer Cook," $3,67,46,035.89 ",344.42%,Hit,Good Performance
180,Base buy,Thriller,1996,03-02-1996,USA," $82,53,604.51 "," $53,16,843.91 "," $82,53,604.51 "," $12,60,856.78 "," $26,58,315.35 ",5.6,58,2105,2900,Michelle Collins,Eric Cooper, $-   ,0.00%,Break_even,Average
181,Arrive teacher firm north,Horror,2007,30-05-2007,China," $23,02,264.63 "," $38,85,872.97 "," $71,29,132.54 "," $8,65,043.40 "," $17,97,559.12 ",3.9,54,694,680,Jessica Singh,Christopher Tucker," $48,26,867.91 ",209.66%,Hit,Average
182,Lawyer beat foot,Romance,1971,29-04-1971,USA," $3,62,50,379.18 "," $2,74,59,011.86 "," $5,57,62,221.81 "," $55,66,233.86 "," $1,55,20,719.19 ",7.4,73,5544,242,David Perez,Eric Obrien," $1,95,11,842.63 ",53.83%,flop,Good Performance
183,Value something,Drama,2008,18-02-2008,France," $8,49,586.60 "," $4,40,161.13 "," $8,49,586.60 "," $48,409.98 "," $2,01,974.70 ",7.2,69,3056,1677,William Carpenter,Joseph Contreras, $-   ,0.00%,Break_even,Good Performance
184,Adult far surface,Comedy,1988,09-02-1988,Australia," $1,25,479.83 "," $2,62,667.92 "," $5,17,275.13 "," $75,835.58 "," $1,30,923.62 ",7.8,71,10043,50,Renee Campbell,Melissa Cunningham," $3,91,795.30 ",312.24%,Hit,Good Performance
185,Black,Thriller,2007,19-10-2007,Canada," $1,69,917.16 "," $98,945.47 "," $1,69,917.16 "," $11,770.14 "," $57,667.72 ",6.7,47,4298,317,Jerry Owens,Anthony Rhodes, $-   ,0.00%,Break_even,Good Performance
186,Agree hour,Action,1992,07-02-1992,USA," $14,19,564.07 "," $34,22,598.07 "," $57,40,629.53 "," $6,21,229.41 "," $17,90,155.51 ",6.8,38,61619,250,Jeffrey Neal,Christopher Hurst," $43,21,065.46 ",304.39%,Hit,Good Performance
187,Carry story,Horror,2011,15-10-2011,UK," $1,44,23,997.49 "," $89,54,678.84 "," $1,44,23,997.49 "," $24,59,109.84 "," $43,15,252.90 ",6.5,79,551,287,Jerry Owens,Duane Fletcher DDS, $-   ,0.00%,Break_even,Good Performance
188,Benefit ten,Horror,1964,17-06-1964,USA," $15,19,310.20 "," $11,51,469.87 "," $22,40,092.93 "," $2,22,087.72 "," $5,04,217.85 ",7,58,24538,2602,Albert Phillips,David Hart," $7,20,782.73 ",47.44%,flop,Good Performance
189,Accept magazine whole,Drama,2004,19-12-2004,USA," $85,61,421.59 "," $52,63,710.76 "," $85,61,421.59 "," $10,00,869.27 "," $21,15,486.46 ",6.6,64,18340,7701,Charlotte Williams,Jennifer Moore, $-   ,0.00%,Break_even,Good Performance
190,Yes control,Action,2020,31-05-2020,USA," $4,84,085.27 "," $6,31,281.64 "," $13,28,559.09 "," $1,66,550.40 "," $3,56,365.55 ",7,73,785,628,Dr. Jonathan Long,Lawrence Thomas," $8,44,473.82 ",174.45%,Hit,Good Performance
191,Big,Drama,2020,08-04-2020,USA," $6,80,047.43 "," $3,31,992.92 "," $6,80,047.43 "," $73,221.63 "," $1,46,564.42 ",8.3,74,2519,313,Courtney Reynolds,Sandra Brown, $-   ,0.00%,Break_even,Excellent Performance
192,Concern,Thriller,1984,01-05-1984,USA," $9,79,849.52 "," $19,07,940.78 "," $31,52,960.41 "," $3,25,971.29 "," $8,98,655.40 ",8.4,81,6148,50,Jessica Singh,Patrick Barnett," $21,73,110.89 ",221.78%,Hit,Excellent Performance
193,Group behavior,Horror,2015,11-06-2015,India," $4,15,521.29 "," $7,02,042.46 "," $12,40,912.38 "," $92,840.00 "," $2,86,255.75 ",5.3,35,678,171,William Walker,Richard Davis," $8,25,391.09 ",198.64%,Hit,Average
194,Doctor structure by hit,Action,1962,04-09-1962,USA," $97,21,195.70 "," $2,74,55,471.10 "," $4,67,90,286.46 "," $38,15,169.69 "," $1,40,64,389.88 ",5.3,42,91502,2628,Megan Sharp,Jamie Cunningham," $3,70,69,090.76 ",381.32%,Hit,Average
195,After rest act,Romance,1958,03-02-1958,USA," $4,82,339.28 "," $8,25,424.66 "," $16,41,837.30 "," $1,56,515.42 "," $4,05,958.07 ",5.8,58,452,2242,Crystal Harris,Andrew Lyons," $11,59,498.02 ",240.39%,Hit,Average
196,Other perform,Romance,2012,10-02-2012,USA," $53,39,740.90 "," $54,88,779.63 "," $94,83,993.84 "," $9,04,150.80 "," $28,91,173.35 ",7.2,55,4565,50,Benjamin Ray,Jennifer Hall," $41,44,252.94 ",77.61%,flop,Good Performance
197,Hundred wear him,Thriller,1987,11-11-1987,China," $25,10,446.40 "," $16,09,983.12 "," $25,10,446.40 "," $2,09,398.63 "," $8,34,311.37 ",10,96,3571,1964,Matthew Beck,Meghan Johnson, $-   ,0.00%,Break_even,Excellent Performance
198,Within,Drama,1999,12-02-1999,USA," $12,15,049.99 "," $5,75,404.20 "," $13,24,757.39 "," $1,71,349.15 "," $3,19,659.74 ",6.2,67,3096,139,Mr. Drew Clark Jr.,John Perry," $1,09,707.40 ",9.03%,flop,Good Performance
199,Available born whom,Comedy,1959,23-12-1959,USA," $2,35,40,297.66 "," $6,65,71,596.50 "," $10,42,28,350.00 "," $67,98,929.09 "," $3,98,73,036.36 ",6.1,55,1902,9195,Kelsey Ellis,Brian Mccormick," $8,06,88,052.34 ",342.77%,Hit,Good Performance
200,Win,Sci-Fi,1953,04-08-1953,USA," $12,24,062.35 "," $7,15,885.19 "," $12,24,062.35 "," $1,15,002.38 "," $3,01,901.46 ",7.4,71,1266,50,Sharon Wilson,Teresa Davis, $-   ,0.00%,Break_even,Good Performance
201,Feeling year,Drama,1973,05-06-1973,Germany," $70,02,704.86 "," $1,75,69,489.81 "," $2,87,23,060.77 "," $40,47,687.79 "," $1,03,89,432.64 ",6.1,50,6013,1956,Gary Simmons,Brenda Gomez," $2,17,20,355.91 ",310.17%,Hit,Good Performance
202,Lead,Comedy,2007,04-10-2007,USA," $3,33,25,308.24 "," $5,94,03,507.21 "," $8,73,80,255.31 "," $1,33,34,675.94 "," $3,03,22,340.48 ",5.3,60,2090,6482,Jordan Orozco,Christina Buchanan," $5,40,54,947.07 ",162.20%,Hit,Average
203,Later per light,Drama,2020,15-09-2020,Australia," $17,56,852.40 "," $41,60,001.58 "," $81,27,378.26 "," $11,57,126.07 "," $21,45,623.72 ",8.5,67,4139,50,Barbara Torres,Rebecca Mejia," $63,70,525.86 ",362.61%,Hit,Excellent Performance
204,Middle firm,Drama,1983,01-06-1983,USA," $2,15,83,653.28 "," $2,57,46,555.59 "," $5,94,01,150.98 "," $42,02,744.75 "," $1,38,39,737.86 ",10,100,633,2442,Robert Webster,Robert Walker," $3,78,17,497.70 ",175.21%,Hit,Excellent Performance
205,Figure simple tax,Documentary,1951,15-01-1951,USA," $31,83,708.19 "," $77,10,437.52 "," $1,14,00,509.29 "," $13,20,060.01 "," $32,84,477.49 ",7.5,90,10743,226,Eric Ramirez,Miranda Armstrong," $82,16,801.10 ",258.09%,Hit,Good Performance
206,Art the language,Romance,1996,14-10-1996,USA," $8,86,508.16 "," $18,77,817.66 "," $31,94,509.24 "," $3,34,634.26 "," $9,39,734.66 ",7.8,83,5834,676,Raymond Morris,Mathew Castillo," $23,08,001.08 ",260.35%,Hit,Good Performance
207,Out ten air,Thriller,2017,14-02-2017,Canada," $28,61,976.35 "," $64,39,424.85 "," $92,63,758.01 "," $14,39,544.24 "," $37,10,431.79 ",7.1,75,272,1429,Philip Simmons,Cassandra Dennis," $64,01,781.66 ",223.68%,Hit,Good Performance
208,Task author,Documentary,2022,15-06-2022,UK," $22,74,800.07 "," $9,28,026.22 "," $22,74,800.07 "," $2,18,898.71 "," $5,35,479.69 ",4.3,43,4981,1033,Oscar Santos,Alexander Haley, $-   ,0.00%,Break_even,Average
209,Stand ever,Drama,2000,26-02-2000,USA," $5,06,47,874.27 "," $12,79,07,286.40 "," $23,10,04,494.80 "," $3,78,07,577.07 "," $6,74,93,881.51 ",8.7,74,576,400,Jeremy Ray,Adam Montes," $18,03,56,620.53 ",356.10%,Hit,Excellent Performance
210,South,Comedy,1964,06-09-1964,USA," $6,52,47,705.37 "," $6,56,73,076.06 "," $10,97,24,867.00 "," $1,61,55,608.17 "," $2,67,43,970.62 ",7.3,58,2134,12341,Michael Chung,Rebecca Mejia," $4,44,77,161.63 ",68.17%,flop,Good Performance
211,Learn cell,Drama,1985,31-01-1985,USA," $22,14,056.65 "," $16,84,079.11 "," $24,68,017.99 "," $1,77,144.43 "," $8,44,211.48 ",3.7,52,4992,7670,Tracy Tucker,Peter Sanders," $2,53,961.34 ",11.47%,flop,Average
212,Movement value,Horror,2011,23-12-2011,Canada," $31,06,786.92 "," $45,18,252.33 "," $1,03,88,913.42 "," $11,27,606.91 "," $25,80,015.10 ",7.7,62,6303,4555,Philip Simmons,Jennifer Cook," $72,82,126.50 ",234.39%,Hit,Good Performance
213,Sort hand seem,Action,2019,11-11-2019,USA," $13,05,511.90 "," $13,97,464.92 "," $25,18,566.73 "," $1,95,389.13 "," $7,69,222.36 ",6.5,57,1713,1109,Paul Rogers,Lynn Pierce," $12,13,054.83 ",92.92%,flop,Good Performance
214,Also analysis sister,Comedy,1981,08-04-1981,USA," $38,37,324.54 "," $89,79,646.18 "," $1,30,52,101.97 "," $13,74,104.11 "," $43,77,970.87 ",5.9,57,495,128,Claudia Smith,Shannon Hunt," $92,14,777.43 ",240.14%,Hit,Average
215,Smile popular,Comedy,2012,05-12-2012,Japan," $81,89,276.42 "," $96,71,905.42 "," $1,83,25,934.80 "," $26,14,149.72 "," $39,24,213.23 ",5,55,7958,220,Mark Brooks,Richard Mata," $1,01,36,658.38 ",123.78%,Hit,Average
216,Strategy boy nor,Romance,1990,26-06-1990,USA," $6,50,093.88 "," $6,33,903.05 "," $11,60,499.45 "," $68,902.51 "," $3,62,949.93 ",9.5,100,19611,50,Adam Brown,William Washington," $5,10,405.57 ",78.51%,flop,Excellent Performance
217,Item,Documentary,2015,20-12-2015,USA," $1,24,36,497.40 "," $78,21,288.59 "," $1,24,36,497.40 "," $15,14,392.40 "," $37,26,929.50 ",7,74,3193,2215,Benjamin Hudson,Kevin Fernandez, $-   ,0.00%,Break_even,Good Performance
218,Once create,Thriller,2009,14-04-2009,USA," $1,30,34,956.50 "," $1,89,08,700.28 "," $3,35,33,429.91 "," $50,19,184.17 "," $76,96,326.46 ",6.9,69,11700,852,Renee Campbell,Ashley Gilmore," $2,04,98,473.41 ",157.26%,Hit,Good Performance
219,Bank own from,Romance,1973,14-12-1973,USA," $2,35,98,812.79 "," $5,68,57,335.19 "," $11,18,73,501.20 "," $1,14,01,633.14 "," $2,55,97,787.98 ",6.4,63,5239,755,Amanda Montgomery,Mrs. Margaret Smith," $8,82,74,688.41 ",374.06%,Hit,Good Performance
220,Three effort green,Romance,1953,30-11-1953,USA," $3,54,625.63 "," $10,75,326.75 "," $16,22,787.32 "," $2,16,675.59 "," $6,15,770.48 ",7.9,83,755,95,Tyler Sanchez,Samuel Wyatt," $12,68,161.69 ",357.61%,Hit,Good Performance
221,School last,Thriller,1975,01-07-1975,USA," $3,46,398.07 "," $7,83,436.62 "," $15,42,531.20 "," $2,29,326.46 "," $3,71,000.10 ",4.7,46,1760,127,Jerry Owens,Richard Miller," $11,96,133.13 ",345.31%,Hit,Average
222,Three find,Comedy,1959,29-10-1959,USA," $63,25,261.26 "," $1,22,20,292.05 "," $2,84,15,809.12 "," $31,14,746.70 "," $68,33,228.17 ",5.3,56,7816,82,Jeremy Davis,Meredith Williams," $2,20,90,547.86 ",349.24%,Hit,Average
223,Moment quality item,Drama,2011,08-07-2011,USA," $99,29,080.48 "," $1,07,01,477.56 "," $1,84,82,282.20 "," $17,31,538.29 "," $53,35,965.19 ",6.4,58,6047,50,Elizabeth Lane,Seth Smith," $85,53,201.72 ",86.14%,flop,Good Performance
224,Everyone add,Comedy,2005,12-12-2005,USA," $32,96,803.78 "," $15,96,184.13 "," $32,96,803.78 "," $2,51,763.04 "," $7,36,430.28 ",8.1,85,15121,561,Jacqueline Briggs,Dr. Edward Smith, $-   ,0.00%,Break_even,Excellent Performance
225,North several,Romance,2002,04-01-2002,UK," $25,69,802.77 "," $73,99,261.38 "," $1,15,04,873.44 "," $13,90,930.24 "," $39,04,181.51 ",4.7,64,7399,50,Adam Brown,Jennifer Cook," $89,35,070.67 ",347.69%,Hit,Average
226,Book treatment run issue,Drama,2018,09-01-2018,India," $14,60,125.44 "," $36,05,582.02 "," $63,03,988.29 "," $4,92,700.32 "," $16,39,555.40 ",5.7,48,15808,71,Sara Higgins,Michael Ramirez," $48,43,862.85 ",331.74%,Hit,Average
227,Safe stay,Sci-Fi,2025,25-10-2025,India," $29,51,683.88 "," $75,45,393.88 "," $1,45,33,250.52 "," $22,25,460.70 "," $39,52,237.28 ",3.7,41,11175,1237,Karen Smith,Donald Benson," $1,15,81,566.64 ",392.37%,Hit,Average
228,Quite town,Horror,2015,24-06-2015,USA," $25,84,007.54 "," $15,62,775.99 "," $25,84,007.54 "," $3,34,154.45 "," $7,37,134.85 ",7.2,78,401,330,Kimberly Barker,Tricia Thomas, $-   ,0.00%,Break_even,Good Performance
229,Listen,Comedy,2023,07-05-2023,USA," $2,63,949.06 "," $1,15,595.39 "," $2,63,949.06 "," $21,433.25 "," $62,900.91 ",5.1,64,1386,485,Jeffrey Neal,Daryl Douglas, $-   ,0.00%,Break_even,Average
230,Network easy chair,Comedy,1999,22-02-1999,USA," $8,45,944.70 "," $23,84,498.29 "," $41,88,135.06 "," $3,03,165.72 "," $11,39,023.54 ",6.6,70,4676,1488,Jessica Rodriguez,Russell Martin," $33,42,190.36 ",395.08%,Hit,Good Performance
231,Their,Thriller,2014,19-05-2014,USA," $25,21,816.01 "," $24,90,725.74 "," $60,83,374.58 "," $3,83,910.17 "," $10,90,931.82 ",5.8,61,134,74,Courtney Reynolds,Sarah Ross," $35,61,558.57 ",141.23%,Hit,Average
232,Up security,Thriller,2025,07-02-2025,USA," $13,00,374.95 "," $13,13,968.96 "," $23,84,887.37 "," $2,23,657.34 "," $6,24,253.63 ",6.4,67,2260,2369,Francisco Ford,Melissa Morales," $10,84,512.42 ",83.40%,flop,Good Performance
233,Rest clear,Action,1964,07-10-1964,USA," $58,67,706.08 "," $30,83,628.62 "," $58,67,706.08 "," $3,32,544.33 "," $16,64,855.87 ",6,57,1494,94,Benjamin Ray,Ashley Gilmore, $-   ,0.00%,Break_even,Good Performance
234,Want voice,Comedy,2009,28-10-2009,Canada," $94,60,721.40 "," $1,56,92,900.42 "," $2,65,71,509.66 "," $26,46,547.59 "," $66,42,172.26 ",8.6,86,581,259,Daniel Brown,Paige Gonzalez," $1,71,10,788.26 ",180.86%,Hit,Excellent Performance
235,Any evidence,Documentary,1991,28-04-1991,USA," $49,94,486.33 "," $1,01,47,754.72 "," $1,72,10,024.78 "," $23,20,552.47 "," $42,74,136.70 ",5.6,57,572,750,Heidi Cisneros,Jason Chavez," $1,22,15,538.45 ",244.58%,Hit,Average
236,Art the language,Comedy,2014,28-11-2014,USA," $52,40,481.36 "," $95,09,021.68 "," $1,84,18,025.50 "," $14,09,173.31 "," $45,94,686.28 ",5.3,46,313,92,Jonathan Evans,Shawna Bryant," $1,31,77,544.14 ",251.46%,Hit,Average
237,Child right,Drama,2013,21-08-2013,USA," $27,71,452.39 "," $18,63,661.39 "," $44,80,810.91 "," $5,51,982.27 "," $10,94,430.20 ",5.7,51,6208,50,Sophia Gomez,Brian Gentry," $17,09,358.52 ",61.68%,flop,Average
238,Others line four,Documentary,2022,17-01-2022,USA," $96,15,801.23 "," $2,46,88,549.75 "," $3,66,11,553.67 "," $31,84,465.86 "," $1,01,21,288.84 ",6.3,50,13326,234,Vanessa Fox,Michael Martinez," $2,69,95,752.44 ",280.74%,Hit,Good Performance
239,Type happy meeting,Thriller,1992,12-02-1992,China," $20,71,842.70 "," $39,00,897.48 "," $63,12,050.19 "," $11,00,403.68 "," $21,92,284.85 ",4.9,52,5267,1399,Courtney Reynolds,Andrew Walker PhD," $42,40,207.49 ",204.66%,Hit,Average
240,Serve policy,Action,1963,30-09-1963,USA," $32,31,592.86 "," $89,97,130.37 "," $1,59,31,065.48 "," $14,07,217.32 "," $40,05,337.63 ",5.7,55,7778,968,Sara Higgins,Jennifer Hall," $1,26,99,472.62 ",392.98%,Hit,Average
241,Down hard use source,Comedy,1966,04-01-1966,USA," $10,51,425.54 "," $24,47,774.45 "," $35,11,151.72 "," $6,62,726.81 "," $14,32,299.47 ",7.3,70,1031,107,Rachel Hayes,David Lopez," $24,59,726.18 ",233.94%,Hit,Good Performance
242,Firm good,Drama,1982,29-01-1982,USA," $69,32,887.51 "," $1,26,17,263.81 "," $2,59,85,797.86 "," $20,59,841.44 "," $72,32,861.14 ",7.8,80,26031,69,Suzanne Gonzalez,William Brooks," $1,90,52,910.35 ",274.82%,Hit,Good Performance
243,Ask message,Action,2021,22-06-2021,USA," $78,82,093.97 "," $1,18,53,890.40 "," $2,58,62,380.66 "," $19,67,414.07 "," $58,17,980.29 ",6.4,46,2031,689,Robert Hendricks,Sheila Dunn," $1,79,80,286.69 ",228.12%,Hit,Good Performance
244,Table pressure,Romance,1965,26-06-1965,UK," $4,58,61,844.90 "," $12,00,65,889.20 "," $22,15,13,801.40 "," $3,23,06,710.91 "," $5,30,72,520.82 ",5.5,80,423,2635,Rachel Hayes,Melissa Mcgee," $17,56,51,956.50 ",383.00%,Hit,Average
245,Role happy,Drama,1991,31-01-1991,China," $1,80,352.89 "," $5,71,081.27 "," $8,21,798.37 "," $79,046.21 "," $2,47,156.86 ",4.9,57,293890,433,Dr. Michael Monroe,Brandon Davidson," $6,41,445.48 ",355.66%,Hit,Average
246,Develop movement,Romance,1959,22-05-1959,Japan," $47,49,168.25 "," $1,12,89,729.07 "," $1,84,78,496.74 "," $18,72,748.60 "," $59,57,067.26 ",6.3,79,171,92,James Miller,Lisa Castro," $1,37,29,328.49 ",289.09%,Hit,Good Performance
247,Section right,Romance,1990,22-10-1990,USA," $5,04,623.33 "," $5,31,446.14 "," $9,03,505.75 "," $1,22,183.45 "," $2,77,782.40 ",6.3,65,985,292,Charlotte Williams,Jeffrey Holloway," $3,98,882.42 ",79.05%,flop,Good Performance
248,Clearly huge wife,Horror,2018,12-10-2018,USA," $44,35,170.45 "," $27,64,022.28 "," $44,35,170.45 "," $5,37,455.52 "," $15,70,461.76 ",6,51,1444,1856,David Perez,Brittany James, $-   ,0.00%,Break_even,Good Performance
249,Half alone,Sci-Fi,1997,12-08-1997,USA," $52,57,408.13 "," $1,25,82,721.80 "," $2,32,19,380.15 "," $37,65,554.94 "," $66,57,617.98 ",7.7,71,10605,1164,Oscar Santos,Joy Huber," $1,79,61,972.02 ",341.65%,Hit,Good Performance
250,Market,Drama,2009,25-10-2009,USA," $90,57,746.87 "," $53,98,517.20 "," $97,67,095.19 "," $9,23,358.50 "," $28,89,473.77 ",8.6,100,1550,2152,Bryan Murray,Jeffrey Sharp," $7,09,348.32 ",7.83%,flop,Excellent Performance
251,Animal window happy,Drama,1957,09-11-1957,USA," $5,06,817.57 "," $15,79,404.39 "," $24,03,020.52 "," $1,94,439.98 "," $7,39,600.15 ",7.1,51,214,136,Crystal Harris,Dominique Aguirre," $18,96,202.95 ",374.14%,Hit,Good Performance
252,Wait four,Comedy,2018,14-04-2018,USA," $9,69,677.21 "," $14,76,403.05 "," $36,42,867.29 "," $3,59,286.72 "," $6,35,678.61 ",6.6,68,1038,50,Daniel Rivera,Sherry Turner," $26,73,190.08 ",275.68%,Hit,Good Performance
253,Huge view make,Action,2025,12-01-2025,USA," $39,81,321.36 "," $55,41,755.14 "," $90,54,806.25 "," $15,69,202.94 "," $22,68,207.15 ",6.2,43,1894,770,Stephanie Hayes,Alexander Haley," $50,73,484.89 ",127.43%,Hit,Good Performance
254,Worry third,Romance,1991,22-10-1991,USA," $2,84,426.87 "," $6,41,859.75 "," $11,62,372.70 "," $1,35,095.74 "," $3,64,443.49 ",7.2,84,500,737,Amber Anderson,David Martin," $8,77,945.83 ",308.67%,Hit,Good Performance
255,Father carry new late,Comedy,1998,24-03-1998,USA," $21,67,894.30 "," $15,22,938.01 "," $33,78,581.97 "," $4,36,607.51 "," $7,84,312.98 ",7.3,81,1285,869,Darlene Murphy,Cameron Pineda," $12,10,687.67 ",55.85%,flop,Good Performance
256,Before,Thriller,1990,26-11-1990,USA," $6,92,190.19 "," $21,86,815.12 "," $34,60,799.78 "," $4,10,773.84 "," $9,67,195.32 ",4.6,32,27883,1239,Kimberly Barker,Mckenzie Perez," $27,68,609.59 ",399.98%,Hit,Average
257,Part eight,Comedy,1994,11-06-1994,USA," $25,90,192.12 "," $22,07,965.07 "," $32,34,565.33 "," $3,77,204.46 "," $10,88,844.40 ",6.4,66,21600,283,William Banks,Mark Morris," $6,44,373.21 ",24.88%,flop,Good Performance
258,Last he,Drama,2002,10-10-2002,China," $11,08,375.01 "," $35,69,995.74 "," $52,22,833.38 "," $9,07,258.72 "," $18,32,485.28 ",3.5,39,1783,284,Jennifer Atkinson,Patricia Keller," $41,14,458.37 ",371.22%,Hit,Average
259,Us check artist,Horror,2008,03-12-2008,USA," $12,87,951.30 "," $23,84,809.93 "," $42,08,498.82 "," $6,97,312.37 "," $13,78,731.56 ",7,74,2813,71,Dr. Michael Monroe,Carolyn Calhoun," $29,20,547.52 ",226.76%,Hit,Good Performance
260,Color little,Romance,2002,23-01-2002,USA," $1,65,48,686.29 "," $3,29,14,402.04 "," $5,74,86,522.70 "," $61,36,610.24 "," $1,46,56,265.04 ",7.2,76,3304,512,Kristina Moore,Nicole Dawson," $4,09,37,836.41 ",247.38%,Hit,Good Performance
261,As energy,Drama,1999,07-07-1999,USA," $5,65,000.32 "," $5,15,732.64 "," $10,55,660.15 "," $1,12,786.01 "," $3,00,214.23 ",7.5,74,230,170,Jeremy Davis,Sharon Riley," $4,90,659.83 ",86.84%,flop,Good Performance
262,Maybe article,Drama,1994,15-02-1994,USA," $3,21,057.10 "," $3,82,300.64 "," $5,53,458.15 "," $67,565.34 "," $1,60,896.35 ",9,95,306,66,David Lee,Melissa Mcgee," $2,32,401.05 ",72.39%,flop,Excellent Performance
263,Whom improve,Thriller,2020,22-04-2020,USA," $2,17,487.98 "," $4,67,236.31 "," $9,14,002.29 "," $1,08,537.56 "," $2,68,980.47 ",8.1,79,30301,6528,Albert Phillips,Shannon Hunt," $6,96,514.31 ",320.25%,Hit,Excellent Performance
264,Reason leader create,Comedy,2005,14-11-2005,UK," $2,35,899.61 "," $5,04,669.99 "," $7,70,498.08 "," $60,079.25 "," $2,26,078.00 ",2.8,28,6587,50,Jennifer Henry,Rebecca Mejia," $5,34,598.47 ",226.62%,Hit,Average
265,Person material during,Sci-Fi,1972,26-06-1972,USA," $5,32,003.77 "," $14,55,207.72 "," $21,73,663.80 "," $1,88,512.29 "," $8,13,181.98 ",7.8,58,11153,63,Daniel Brown,Joshua Walker," $16,41,660.03 ",308.58%,Hit,Good Performance
266,True live,Comedy,2017,03-04-2017,Japan," $24,03,251.40 "," $50,75,522.80 "," $1,17,75,166.40 "," $9,80,154.67 "," $29,94,420.08 ",7.5,94,8737,53,David Rosales,Thomas Sims," $93,71,915.00 ",389.97%,Hit,Good Performance
267,Sign nation go,Drama,1968,20-03-1968,USA," $5,70,30,121.39 "," $7,51,32,511.46 "," $12,78,41,355.40 "," $2,14,55,311.95 "," $3,67,71,773.66 ",5.1,44,24619,808,Heidi Cisneros,Jamie Chavez," $7,08,11,234.01 ",124.16%,Hit,Average
268,Manager difficult such ball,Thriller,1974,27-02-1974,USA," $71,40,182.31 "," $1,99,73,264.12 "," $3,48,01,277.23 "," $45,32,088.23 "," $90,57,632.29 ",4.7,33,10423,137,Jeremy Ray,Adam Montes," $2,76,61,094.92 ",387.40%,Hit,Average
269,Then sound,Comedy,2016,18-01-2016,USA," $22,53,450.41 "," $42,41,954.25 "," $63,54,082.81 "," $6,91,142.74 "," $20,69,750.10 ",7.4,60,20914,216,Lori Callahan,Mark Jones," $41,00,632.40 ",181.97%,Hit,Good Performance
270,Night industry,Drama,2005,26-03-2005,Canada," $38,01,983.18 "," $25,86,817.55 "," $59,24,307.62 "," $7,43,707.19 "," $10,53,142.88 ",4.5,55,6443,142,Emily Miller,Kristina Krause," $21,22,324.44 ",55.82%,flop,Average
271,Together Mrs,Drama,2019,07-03-2019,USA," $65,99,387.38 "," $1,08,90,529.01 "," $1,61,19,933.73 "," $31,85,042.32 "," $51,98,524.10 ",4,34,752,636,Charles Lopez,Lorraine White DDS," $95,20,546.35 ",144.26%,Hit,Average
272,General less professor,Drama,1983,09-11-1983,France," $1,26,853.24 "," $2,87,884.74 "," $5,85,222.53 "," $81,024.45 "," $1,40,107.68 ",5.4,39,1146,901,Lisa Atkins,Larry Bishop," $4,58,369.29 ",361.34%,Hit,Average
273,Between cause sort,Drama,2014,21-08-2014,USA," $1,30,39,406.65 "," $68,29,725.38 "," $1,30,39,406.65 "," $9,59,051.00 "," $36,29,657.97 ",7.6,70,4380,239,Christian Hernandez,Mary Wolfe, $-   ,0.00%,Break_even,Good Performance
274,Miss type,Action,2022,04-08-2022,UK," $8,74,756.71 "," $5,17,004.15 "," $8,74,756.71 "," $1,19,802.84 "," $2,88,992.89 ",6.4,61,2421,50,Joshua Baker,Isaiah French, $-   ,0.00%,Break_even,Good Performance
275,Style discover bar,Documentary,1995,17-06-1995,USA," $18,24,890.98 "," $15,76,117.96 "," $23,34,419.05 "," $2,85,484.82 "," $8,67,923.33 ",5.9,40,1673,1864,Brooke Morales,John Jones," $5,09,528.07 ",27.92%,flop,Average
276,Remember instead,Drama,1980,01-12-1980,USA," $42,03,095.22 "," $1,07,30,172.35 "," $1,72,98,205.41 "," $27,08,371.88 "," $61,26,842.31 ",6.1,58,3544,601,Michael Ross,Brenda Wheeler," $1,30,95,110.19 ",311.56%,Hit,Good Performance
277,Strategy whose,Drama,1963,26-06-1963,USA," $22,48,647.21 "," $13,31,249.47 "," $22,48,647.21 "," $3,77,647.42 "," $7,77,046.58 ",8.3,74,1445,17899,David Hall,Olivia Ortiz, $-   ,0.00%,Break_even,Excellent Performance
278,Although ever,Action,1989,17-04-1989,USA," $4,05,525.74 "," $8,44,637.37 "," $12,22,810.56 "," $1,33,615.86 "," $3,87,285.13 ",7.4,81,1255,136,Paul Rogers,Diane Jacobs," $8,17,284.82 ",201.54%,Hit,Good Performance
279,Sport just score,Sci-Fi,1997,05-08-1997,USA," $37,75,985.92 "," $72,40,708.30 "," $1,46,46,751.14 "," $9,00,580.82 "," $31,79,526.75 ",3.4,32,1945,1012,Bryan Murray,Melissa Morales," $1,08,70,765.22 ",287.89%,Hit,Average
280,Role personal customer,Thriller,2006,01-06-2006,USA," $76,73,660.86 "," $1,36,45,767.53 "," $3,24,33,644.59 "," $23,91,590.63 "," $63,66,662.55 ",5.2,47,9620,398,Kelsey Ellis,Krystal Cross," $2,47,59,983.73 ",322.66%,Hit,Average
281,Exactly since,Drama,2025,23-01-2025,UK," $4,11,71,013.14 "," $5,04,50,924.19 "," $11,78,21,304.40 "," $74,86,937.91 "," $2,95,99,150.96 ",6.9,57,3587,175570,Andrew Chambers,Sherry Turner," $7,66,50,291.26 ",186.18%,Hit,Good Performance
282,Surface ball hospital,Action,1984,16-07-1984,USA," $44,91,105.93 "," $1,29,48,064.32 "," $2,10,27,939.62 "," $15,96,457.41 "," $75,93,677.64 ",5.4,45,78780,141,Stephanie Hayes,Nicholas Richards," $1,65,36,833.69 ",368.21%,Hit,Average
283,Under water,Horror,1998,14-07-1998,USA," $19,88,55,410.80 "," $32,07,38,591.50 "," $74,76,49,760.60 "," $9,23,97,527.76 "," $13,08,92,553.00 ",6.2,72,15482,4505,Jerry Owens,Christopher Benson," $54,87,94,349.80 ",275.98%,Hit,Good Performance
284,Traditional do,Thriller,2013,30-11-2013,UK," $2,36,98,946.54 "," $3,20,70,672.80 "," $4,79,77,841.00 "," $51,40,992.58 "," $1,52,49,885.55 ",8,92,1219,1089,Amber Anderson,Patricia Keller," $2,42,78,894.46 ",102.45%,Hit,Excellent Performance
285,Can bad during,Drama,1996,29-03-1996,Canada," $2,21,11,378.53 "," $1,33,00,538.15 "," $2,48,30,858.90 "," $24,44,142.82 "," $59,33,879.76 ",2.8,28,120472,107,Joshua Baker,Brian Mccormick," $27,19,480.37 ",12.30%,flop,Average
286,Goal care,Drama,1993,02-02-1993,USA," $23,53,283.05 "," $37,79,709.21 "," $74,85,613.85 "," $6,03,546.40 "," $16,37,977.81 ",7.2,66,2517,422,Brooke Morales,April Murphy," $51,32,330.80 ",218.09%,Hit,Good Performance
287,Base keep,Sci-Fi,2007,07-08-2007,Canada," $1,06,101.04 "," $86,778.80 "," $1,92,499.79 "," $23,248.46 "," $48,261.05 ",8.1,85,10175,58,Jennifer Atkinson,William Crawford," $86,398.75 ",81.43%,flop,Excellent Performance
288,Resource laugh,Drama,2018,16-09-2018,USA," $67,08,506.22 "," $1,34,88,044.44 "," $2,48,15,308.26 "," $37,48,002.72 "," $58,60,526.80 ",8.9,77,3113,102,Anthony Rowland,Danny Kline," $1,81,06,802.04 ",269.91%,Hit,Excellent Performance
289,Raise within,Drama,1992,27-09-1992,France," $2,52,795.25 "," $6,04,067.09 "," $8,78,318.98 "," $65,102.08 "," $3,30,322.80 ",5.7,58,2974,123,Oscar Santos,Tracy Klein," $6,25,523.73 ",247.44%,Hit,Average
290,Maybe,Action,1983,10-05-1983,USA," $1,56,15,816.90 "," $1,00,96,479.31 "," $1,76,17,626.94 "," $29,22,726.86 "," $48,63,152.51 ",5.3,42,305,50,Crystal Harris,Daniel Thompson," $20,01,810.04 ",12.82%,flop,Average
291,Work,Action,1966,11-10-1966,USA," $1,36,497.62 "," $1,27,704.67 "," $2,45,198.02 "," $36,234.57 "," $67,258.91 ",8.7,86,985,6677,Dr. Michael Monroe,Daniel Hughes," $1,08,700.40 ",79.64%,flop,Excellent Performance
292,Very store together,Drama,2006,12-12-2006,USA," $1,27,18,286.13 "," $3,30,42,499.62 "," $4,98,45,327.71 "," $40,04,025.99 "," $1,34,58,234.67 ",7.2,55,37261,255,Benjamin Hudson,Krystal Cross," $3,71,27,041.58 ",291.92%,Hit,Good Performance
293,Child realize certain Republican,Action,1976,04-04-1976,USA," $9,98,778.71 "," $22,09,134.78 "," $47,02,379.87 "," $4,11,545.12 "," $10,23,491.76 ",6.2,64,4716,215,Elizabeth Lane,Heather Williams," $37,03,601.16 ",370.81%,Hit,Good Performance
294,Yard accept language,Action,2023,07-08-2023,India," $8,16,280.50 "," $13,66,789.46 "," $30,33,666.75 "," $3,56,356.12 "," $7,46,128.47 ",7.5,58,657,131,Heidi Cisneros,Andrew Walker PhD," $22,17,386.25 ",271.65%,Hit,Good Performance
295,Force,Action,1988,22-12-1988,USA," $9,00,248.25 "," $22,90,889.56 "," $42,66,760.79 "," $2,35,920.10 "," $11,12,630.77 ",5.9,64,819,1711,Sonya Clark,Jason Chavez," $33,66,512.54 ",373.95%,Hit,Average
296,Guy also,Comedy,1987,29-09-1987,France," $27,63,75,973.10 "," $16,19,08,961.30 "," $36,87,81,942.20 "," $3,97,32,844.86 "," $7,72,54,473.33 ",6.3,57,1353,204,Philip Simmons,Russell Martin," $9,24,05,969.10 ",33.43%,flop,Good Performance
297,But board,Romance,1995,14-11-1995,USA," $38,69,653.90 "," $58,51,368.94 "," $1,43,93,466.43 "," $8,92,815.52 "," $31,26,268.94 ",7.4,68,1211,50,Kayla Young,Larry Bishop," $1,05,23,812.53 ",271.96%,Hit,Good Performance
298,Smile,Drama,2012,28-07-2012,USA," $35,58,423.01 "," $16,64,668.49 "," $35,58,423.01 "," $3,45,299.59 "," $8,59,091.79 ",8.2,88,717,106466,Crystal Harris,Sabrina Massey, $-   ,0.00%,Break_even,Excellent Performance
299,Key,Drama,1993,02-10-1993,USA," $1,21,96,979.65 "," $2,70,87,591.27 "," $4,02,18,261.33 "," $50,19,225.56 "," $1,19,88,708.67 ",6.8,66,11757,1071,James Miller,Daryl Douglas," $2,80,21,281.68 ",229.74%,Hit,Good Performance
300,Sea remember myself,Action,2023,20-01-2023,India," $17,87,183.63 "," $15,08,299.06 "," $26,99,219.33 "," $3,07,801.61 "," $7,88,012.23 ",5.7,55,220,11857,Benjamin Hudson,Amanda Lawson," $9,12,035.70 ",51.03%,flop,Average
301,Today bad time,Documentary,1984,18-12-1984,South Korea," $11,72,771.38 "," $23,97,792.45 "," $37,35,363.24 "," $5,92,596.38 "," $12,70,073.60 ",3.4,20,3870,6023,Bethany Rodriguez,Lisa Castro," $25,62,591.86 ",218.51%,Hit,Average
302,Model western,Romance,2014,21-04-2014,USA," $4,25,25,186.17 "," $10,39,43,861.40 "," $16,39,93,914.30 "," $1,40,66,631.28 "," $4,50,31,713.68 ",9,97,319,2059,Susan Farley,William Washington," $12,14,68,728.13 ",285.64%,Hit,Excellent Performance
303,Individual available,Documentary,1977,29-11-1977,USA," $49,26,470.80 "," $1,49,12,592.94 "," $2,32,66,987.82 "," $31,47,576.06 "," $63,69,821.29 ",6.9,57,2588,3598,Karen Barrett,Richard Davis," $1,83,40,517.02 ",372.29%,Hit,Good Performance
304,Save moment,Action,1963,02-02-1963,USA," $14,37,692.11 "," $22,29,328.27 "," $37,81,836.40 "," $2,55,348.37 "," $11,79,286.80 ",4.9,50,2669,1658,Michael Manning,Noah Harrison," $23,44,144.29 ",163.05%,Hit,Average
305,Particularly price,Action,1983,05-06-1983,USA," $61,17,676.62 "," $61,90,861.94 "," $88,52,739.89 "," $9,87,212.75 "," $28,60,587.47 ",7.2,89,1920,2066,Sean Howard,Becky Kerr," $27,35,063.27 ",44.71%,flop,Good Performance
306,Hundred,Drama,1956,06-01-1956,Germany," $92,08,512.52 "," $1,00,18,158.50 "," $1,44,52,127.45 "," $15,75,279.41 "," $45,29,615.97 ",3.5,36,2171,1300,Christopher Roach,Stephen Cooper," $52,43,614.93 ",56.94%,flop,Average
307,Available born whom,Romance,1968,20-10-1968,Canada," $15,00,718.68 "," $48,82,857.23 "," $74,45,819.94 "," $6,97,327.12 "," $22,32,657.98 ",3.2,29,183,50,Thomas Peterson,Ashley Gilmore," $59,45,101.26 ",396.15%,Hit,Average
308,Include machine standard,Action,2001,24-03-2001,USA," $1,56,45,358.92 "," $2,60,89,451.52 "," $4,75,26,622.49 "," $77,38,418.34 "," $1,46,06,766.17 ",6.4,64,227,944,Mark Brooks,Nicole Turner," $3,18,81,263.57 ",203.77%,Hit,Good Performance
309,Often be response modern,Comedy,2023,09-06-2023,USA," $2,07,234.63 "," $3,56,280.64 "," $5,25,929.25 "," $90,211.48 "," $1,43,777.60 ",7,100,174,5958,Barbara Torres,Michael Martinez," $3,18,694.62 ",153.78%,Hit,Good Performance
310,Nation receive ten through,Action,2021,30-04-2021,USA," $1,63,21,771.83 "," $1,40,64,784.12 "," $2,73,58,737.39 "," $33,34,913.42 "," $71,18,635.81 ",4.1,53,850,2038,Melanie Olson,Melissa Morales," $1,10,36,965.56 ",67.62%,flop,Average
311,Role happy,Romance,1982,31-12-1982,USA," $2,14,259.21 "," $4,19,685.99 "," $6,01,268.61 "," $69,457.55 "," $2,23,830.90 ",7.7,78,331,1753,Daniel Rivera,Lisa Castro," $3,87,009.40 ",180.63%,Hit,Good Performance
312,Run serve,Comedy,1972,10-02-1972,Australia," $28,21,155.44 "," $30,13,125.99 "," $74,45,033.01 "," $4,67,720.07 "," $15,91,088.01 ",7.3,81,5697,399,Charles Lopez,Ian Williams," $46,23,877.57 ",163.90%,Hit,Good Performance
313,Paper himself fight,Comedy,2008,12-11-2008,India," $1,79,85,593.97 "," $1,31,59,200.97 "," $2,32,61,226.29 "," $25,56,561.11 "," $53,46,198.55 ",7.5,78,40896,131,Karen Robinson,Kimberly Ramirez," $52,75,632.32 ",29.33%,flop,Good Performance
314,Tax every east,Drama,1978,24-10-1978,USA," $60,42,802.56 "," $36,28,302.01 "," $84,36,005.42 "," $9,70,154.61 "," $20,89,187.17 ",6.3,62,192,8423,Heidi Cisneros,Amber Willis," $23,93,202.86 ",39.60%,flop,Good Performance
315,Difference,Thriller,1993,24-05-1993,USA," $4,20,67,175.07 "," $7,25,99,070.63 "," $10,61,94,619.30 "," $1,36,58,825.73 "," $4,07,03,728.62 ",5.2,40,2557,2231,Matthew Beck,Thomas Hill," $6,41,27,444.23 ",152.44%,Hit,Average
316,Relationship defense,Horror,2004,28-09-2004,Japan," $2,16,041.79 "," $1,99,158.24 "," $3,89,457.04 "," $59,544.03 "," $1,05,786.63 ",5.9,53,1583,11482,Kristina Moore,Stephanie Ferrell," $1,73,415.25 ",80.27%,flop,Average
317,Religious teacher what,Sci-Fi,1988,01-05-1988,USA," $1,08,39,239.81 "," $46,56,018.06 "," $1,08,39,239.81 "," $13,70,339.18 "," $26,64,977.74 ",8.4,91,6379,313,Heidi Cisneros,Ronald Herrera, $-   ,0.00%,Break_even,Excellent Performance
318,Force interview fine,Action,1967,25-11-1967,USA," $1,03,85,030.98 "," $2,24,35,337.48 "," $3,89,32,355.12 "," $59,94,114.73 "," $1,16,05,861.02 ",3.9,36,11775,1820,David Charles,Joy Huber," $2,85,47,324.14 ",274.89%,Hit,Average
319,Memory blue,Comedy,1979,09-08-1979,France," $5,87,28,743.66 "," $7,91,05,502.42 "," $14,64,07,094.90 "," $2,17,63,669.85 "," $3,89,36,144.52 ",6.6,89,7497,997,Kim Watkins,Sharon Brady," $8,76,78,351.24 ",149.29%,Hit,Good Performance
320,You charge,Romance,1970,03-06-1970,USA," $60,87,017.03 "," $36,11,777.74 "," $60,87,017.03 "," $10,47,314.40 "," $19,03,568.78 ",7.4,75,18101,451,Jerry Owens,Nicole Dawson, $-   ,0.00%,Break_even,Good Performance
321,Network off much,Comedy,2017,05-10-2017,USA," $19,53,667.99 "," $12,66,196.07 "," $19,53,667.99 "," $3,21,208.18 "," $5,50,045.49 ",6.7,67,33660,29230,Amanda Montgomery,James Nichols, $-   ,0.00%,Break_even,Good Performance
322,Build,Romance,2025,28-02-2025,USA," $9,11,830.98 "," $9,73,476.87 "," $22,71,678.56 "," $1,16,221.16 "," $4,01,488.52 ",4.8,47,281,83,Samantha Campbell,Lucas Collins," $13,59,847.58 ",149.13%,Hit,Average
323,Feel detail,Thriller,2015,21-09-2015,USA," $6,69,932.19 "," $10,41,047.93 "," $24,26,290.14 "," $2,41,880.90 "," $4,50,836.78 ",6.7,69,15705,117,Kelsey Ellis,Alan Mullins," $17,56,357.95 ",262.17%,Hit,Good Performance
324,Who,Romance,1994,04-03-1994,UK," $4,73,96,134.27 "," $7,07,12,276.81 "," $10,41,70,069.20 "," $1,47,07,322.95 "," $3,06,59,304.95 ",7.7,100,10287,377,Amanda Montgomery,Pamela Frey," $5,67,73,934.93 ",119.79%,Hit,Good Performance
325,Present offer kid,Action,1978,03-04-1978,France," $99,24,356.30 "," $1,74,38,251.74 "," $3,64,43,014.94 "," $25,85,827.29 "," $81,11,494.44 ",6.2,37,7124,2857,Colleen Willis,Samantha Vargas," $2,65,18,658.64 ",267.21%,Hit,Good Performance
326,West crime front,Sci-Fi,2003,16-06-2003,India," $27,18,355.15 "," $38,27,523.08 "," $76,25,827.63 "," $5,24,312.95 "," $18,82,622.19 ",6.6,52,2750,2815,Nicholas Murphy,Michael Martinez," $49,07,472.48 ",180.53%,Hit,Good Performance
327,Middle environment standard,Sci-Fi,1995,29-11-1995,USA," $12,54,813.43 "," $6,76,020.86 "," $12,54,813.43 "," $1,38,756.44 "," $3,00,892.12 ",7.1,56,1719,1756,Jennifer Miller,Cameron Pineda, $-   ,0.00%,Break_even,Good Performance
328,Positive,Horror,1966,09-06-1966,USA," $1,08,10,782.98 "," $1,59,07,320.91 "," $2,66,73,990.94 "," $38,20,600.44 "," $85,35,461.26 ",6.5,52,2302,804,Bethany Rodriguez,Jimmy Miller," $1,58,63,207.96 ",146.74%,Hit,Good Performance
329,Fund why key,Thriller,1961,01-01-1961,USA," $8,98,838.74 "," $9,44,538.66 "," $18,13,450.78 "," $1,50,407.77 "," $5,55,824.45 ",7.2,64,5540,77,Kim Watkins,Jeffrey Holloway," $9,14,612.04 ",101.75%,Hit,Good Performance
330,Develop design,Sci-Fi,2016,22-08-2016,USA," $61,19,677.36 "," $1,35,71,083.54 "," $2,07,57,128.17 "," $33,44,262.65 "," $55,24,301.18 ",6.2,63,758,477,Jeremy Ray,Kevin Fernandez," $1,46,37,450.81 ",239.19%,Hit,Good Performance
331,Risk marriage,Sci-Fi,2016,28-02-2016,USA," $6,64,338.51 "," $14,00,527.85 "," $24,26,949.66 "," $1,47,637.85 "," $5,77,824.39 ",7,76,950,7704,Ashley Medina,Daniel Thompson," $17,62,611.15 ",265.32%,Hit,Good Performance
332,Mouth,Romance,1972,26-06-1972,USA," $18,75,729.82 "," $54,34,677.34 "," $82,68,987.58 "," $15,94,317.15 "," $29,80,986.90 ",8.9,78,1632,1916,Jeremy Ray,Becky Kerr," $63,93,257.76 ",340.84%,Hit,Excellent Performance
333,Write half water,Horror,2017,03-04-2017,India," $22,67,410.19 "," $57,30,027.57 "," $93,51,908.79 "," $11,21,053.32 "," $28,34,714.70 ",6.5,73,1430,5404,Heidi Cisneros,Kelly Horn," $70,84,498.60 ",312.45%,Hit,Good Performance
334,Daughter just simply,Thriller,2001,05-04-2001,USA," $90,07,702.70 "," $2,34,66,928.95 "," $4,25,18,740.85 "," $63,25,917.71 "," $1,37,12,255.79 ",7.1,59,10583,650,Jordan Orozco,Olivia Ortiz," $3,35,11,038.15 ",372.03%,Hit,Good Performance
335,Bag ago there,Romance,2003,19-02-2003,USA," $62,08,337.29 "," $1,18,59,144.21 "," $2,33,13,401.99 "," $16,88,152.82 "," $67,07,707.74 ",7.2,62,14096,153,Jessica Rodriguez,Teresa Santos PhD," $1,71,05,064.70 ",275.52%,Hit,Good Performance
336,Hundred term identify,Romance,1979,07-01-1979,USA," $1,55,10,741.58 "," $96,28,134.61 "," $2,22,89,534.27 "," $10,79,256.91 "," $38,93,903.18 ",10,100,8371,334,Donna Hall,Amanda Jenkins," $67,78,792.69 ",43.70%,flop,Excellent Performance
337,Hotel development animal,Action,2002,14-06-2002,Australia," $2,29,206.89 "," $6,32,135.43 "," $9,10,095.59 "," $1,80,304.57 "," $3,63,084.28 ",7.5,97,157,50,William Carpenter,Thomas Hill," $6,80,888.70 ",297.06%,Hit,Good Performance
338,Another activity,Action,1992,30-07-1992,USA," $1,28,16,490.67 "," $1,29,72,345.91 "," $1,89,85,018.54 "," $21,01,233.26 "," $66,78,173.76 ",10,100,28650,50,Nathan Bolton,Lucas Collins," $61,68,527.87 ",48.13%,flop,Excellent Performance
339,Son thought,Action,2021,28-12-2021,India," $90,51,272.49 "," $43,61,124.48 "," $90,51,272.49 "," $11,60,374.64 "," $19,82,761.09 ",5.8,67,21032,136,David Charles,Christina Buchanan, $-   ,0.00%,Break_even,Average
340,Month outside,Romance,2025,24-08-2025,USA," $46,21,726.05 "," $87,64,595.82 "," $1,45,96,050.33 "," $17,43,455.20 "," $50,70,751.97 ",4.6,39,176,76,Francisco Ford,Cody Peters," $99,74,324.28 ",215.81%,Hit,Average
341,Material name,Action,1978,14-01-1978,USA," $12,77,380.64 "," $21,47,992.17 "," $41,89,613.53 "," $5,10,248.41 "," $10,23,981.15 ",6.2,60,3120,3697,Suzanne Gonzalez,Sarah Ross," $29,12,232.89 ",227.98%,Hit,Good Performance
342,Seek live nature,Documentary,2009,21-11-2009,Canada," $1,14,88,750.97 "," $2,81,95,676.97 "," $4,43,96,904.01 "," $51,82,904.96 "," $1,23,21,347.06 ",8,78,4836,133,Donna Wagner,Trevor Lee," $3,29,08,153.04 ",286.44%,Hit,Excellent Performance
343,Admit,Horror,2005,24-08-2005,Japan," $38,95,629.42 "," $34,09,490.51 "," $81,57,209.41 "," $4,90,699.73 "," $16,68,114.87 ",7.4,62,2762,469,Raymond Morris,Joseph Gonzalez," $42,61,579.99 ",109.39%,Hit,Good Performance
344,Raise from,Romance,2020,20-07-2020,USA," $30,02,309.54 "," $18,55,034.38 "," $30,02,309.54 "," $4,28,376.43 "," $8,94,058.29 ",3.6,34,7421,50,Darlene Murphy,Shawna Bryant, $-   ,0.00%,Break_even,Average
345,Despite east law,Drama,2012,09-05-2012,UK," $6,32,797.00 "," $16,55,722.68 "," $23,89,766.85 "," $2,45,998.93 "," $8,09,387.04 ",7.6,78,1128,463,Charles Lopez,Melissa Cunningham," $17,56,969.85 ",277.65%,Hit,Good Performance
346,Morning stop front,Romance,2014,01-02-2014,USA," $7,26,805.68 "," $17,70,475.37 "," $33,57,074.67 "," $1,99,780.57 "," $8,32,976.72 ",8.2,98,6264,59,William Banks,James Nichols," $26,30,268.99 ",361.89%,Hit,Excellent Performance
347,Experience begin,Comedy,2022,15-12-2022,UK," $6,67,93,875.34 "," $8,76,19,339.41 "," $14,89,10,926.70 "," $1,58,68,203.70 "," $4,12,45,905.76 ",4.5,34,2162,1496,Philip Simmons,Christopher Hurst," $8,21,17,051.36 ",122.94%,Hit,Average
348,Player hair hear partner,Comedy,1962,01-01-1962,USA," $5,69,229.65 "," $6,68,602.63 "," $12,95,132.45 "," $1,61,606.98 "," $3,07,416.08 ",6.2,72,7945,3263,Anthony Henry,Sydney Jordan," $7,25,902.80 ",127.52%,Hit,Good Performance
349,Go official,Romance,2019,03-07-2019,USA," $20,13,347.09 "," $59,93,824.30 "," $90,71,006.55 "," $13,95,925.91 "," $26,86,386.10 ",7.2,67,3302,160,Adriana Campbell,Jorge Thompson," $70,57,659.46 ",350.54%,Hit,Good Performance
350,Important call method,Comedy,1995,02-05-1995,USA," $1,07,68,413.81 "," $84,79,772.11 "," $1,99,79,201.92 "," $15,90,779.57 "," $35,53,858.35 ",5,44,631,11533,John Jones,Chelsea Armstrong," $92,10,788.11 ",85.54%,flop,Average
351,Should although growth,Drama,1970,14-02-1970,USA," $2,59,52,841.65 "," $2,20,41,595.18 "," $3,56,40,083.62 "," $45,88,960.36 "," $1,14,43,428.13 ",7.5,66,841,50,Diane Skinner,Melissa Cunningham," $96,87,241.97 ",37.33%,flop,Good Performance
352,Fire focus job,Drama,1992,19-11-1992,USA," $4,12,14,104.08 "," $7,52,36,445.92 "," $13,91,71,345.30 "," $1,33,30,688.85 "," $3,72,02,522.54 ",7.2,60,2006,424,Seth Whitehead,Meghan Johnson," $9,79,57,241.22 ",237.68%,Hit,Good Performance
353,Push analysis financial wonder,Action,2025,04-05-2025,UK," $24,31,585.06 "," $46,00,898.21 "," $80,38,835.24 "," $10,60,691.19 "," $19,96,412.11 ",6.5,62,595,1388,Donna Wagner,Brittany James," $56,07,250.18 ",230.60%,Hit,Good Performance
354,Hope guy science,Action,1986,31-05-1986,USA," $54,70,744.24 "," $94,94,280.51 "," $2,22,71,027.37 "," $26,34,558.94 "," $56,15,652.11 ",6.3,51,4032,753,Diane Skinner,Sheila Dunn," $1,68,00,283.13 ",307.09%,Hit,Good Performance
355,Certainly space nature,Comedy,2006,13-03-2006,USA," $15,36,997.12 "," $12,68,887.50 "," $21,04,454.73 "," $3,79,974.10 "," $6,25,044.91 ",7.2,69,46242,227,Seth Whitehead,Mark Crosby," $5,67,457.61 ",36.92%,flop,Good Performance
356,Same even,Drama,2022,12-06-2022,India," $87,69,325.97 "," $59,88,786.44 "," $1,06,28,087.95 "," $14,22,195.84 "," $33,70,694.04 ",6.6,57,3769,125,Chad Koch,Tami Miranda," $18,58,761.98 ",21.20%,flop,Good Performance
357,Although most,Thriller,1990,20-01-1990,USA," $23,75,111.23 "," $22,06,834.88 "," $38,96,513.98 "," $3,96,333.06 "," $9,09,838.52 ",6.7,69,793,1351,Charlotte Williams,Karen Shaffer," $15,21,402.75 ",64.06%,flop,Good Performance
358,Themselves line,Drama,2009,16-12-2009,USA," $17,39,236.73 "," $40,58,243.23 "," $64,47,030.68 "," $12,02,337.23 "," $24,30,903.08 ",8,82,4479,2040,Jeremy Davis,Jennifer Hall," $47,07,793.95 ",270.68%,Hit,Excellent Performance
359,There price condition,Drama,1970,20-12-1970,USA," $4,83,104.47 "," $4,17,782.74 "," $7,34,891.33 "," $1,24,573.90 "," $1,77,928.24 ",4.2,29,767,847,David Perez,John Barker," $2,51,786.86 ",52.12%,flop,Average
360,No picture scientist,Thriller,2019,11-08-2019,USA," $58,01,845.80 "," $90,20,887.96 "," $1,36,94,929.69 "," $15,64,678.04 "," $48,52,097.75 ",7.7,76,4240,769,Lori Callahan,Morgan King," $78,93,083.89 ",136.04%,Hit,Good Performance
361,List past,Horror,2020,20-03-2020,USA," $1,61,11,777.29 "," $1,08,54,054.47 "," $2,16,49,186.11 "," $23,58,559.30 "," $55,42,687.39 ",4.8,37,871,9208,Sharon Wilson,Vincent Suarez," $55,37,408.82 ",34.37%,flop,Average
362,Maintain administration,Drama,2015,18-07-2015,USA," $9,24,08,074.90 "," $14,38,34,109.90 "," $27,59,13,851.90 "," $3,08,66,631.02 "," $7,46,77,172.50 ",7.9,70,22886,1308,David Lee,Melissa Lopez," $18,35,05,777.00 ",198.58%,Hit,Good Performance
363,Reason,Drama,2005,31-10-2005,USA," $20,38,730.54 "," $9,38,531.68 "," $20,38,730.54 "," $1,59,796.95 "," $5,47,250.00 ",5.8,50,169,375,Ashley Medina,Olivia Ortiz, $-   ,0.00%,Break_even,Average
364,Later law into,Action,2009,18-10-2009,USA," $21,71,332.37 "," $13,29,810.65 "," $21,71,332.37 "," $3,31,926.59 "," $6,87,642.25 ",8.5,90,3408,2922,Melissa Cohen,Mark Morris, $-   ,0.00%,Break_even,Excellent Performance
365,Unit end,Sci-Fi,1999,15-08-1999,USA," $11,85,087.70 "," $7,16,993.45 "," $11,85,087.70 "," $73,421.45 "," $3,48,535.66 ",7.7,78,3250,1746,Philip Simmons,Chelsea Armstrong, $-   ,0.00%,Break_even,Good Performance
366,Trip ready,Comedy,1967,05-05-1967,USA," $10,00,236.15 "," $12,31,625.20 "," $29,43,605.89 "," $3,01,286.49 "," $6,49,464.67 ",3.4,28,14835,312,Andrew Chambers,Lorraine White DDS," $19,43,369.74 ",194.29%,Hit,Average
367,Black behind yes,Comedy,1999,31-03-1999,USA," $10,04,313.68 "," $18,48,697.36 "," $34,72,667.91 "," $4,92,519.68 "," $9,06,392.80 ",7.5,80,128,286,Claudia Smith,Jennifer Hendricks," $24,68,354.23 ",245.78%,Hit,Good Performance
368,Agree by since,Drama,2019,03-04-2019,USA," $4,18,392.47 "," $3,39,046.86 "," $8,26,236.23 "," $76,511.90 "," $1,61,427.94 ",2.9,40,4606,102,Benjamin Ray,Michael Torres," $4,07,843.76 ",97.48%,flop,Average
369,White fine house,Drama,1964,11-11-1964,India," $48,76,699.50 "," $1,27,04,160.09 "," $2,22,56,778.09 "," $33,71,543.01 "," $75,87,906.06 ",8.8,72,59972,110,David Hall,Leonard Contreras," $1,73,80,078.59 ",356.39%,Hit,Excellent Performance
370,Home factor front time,Documentary,1957,04-06-1957,USA," $59,72,759.90 "," $1,07,73,614.62 "," $1,64,59,145.29 "," $30,02,476.83 "," $44,99,344.29 ",5.2,61,222,1960,Anthony Rowland,George Green," $1,04,86,385.39 ",175.57%,Hit,Average
371,Down say nature,Drama,1971,27-05-1971,USA," $12,74,299.14 "," $25,49,503.66 "," $54,95,788.37 "," $5,55,222.53 "," $12,77,132.48 ",4.4,33,3773,80,Robin Hooper,Timothy George," $42,21,489.23 ",331.28%,Hit,Average
372,New customer service,Sci-Fi,1956,18-06-1956,Canada," $14,23,807.08 "," $16,63,152.84 "," $38,40,158.56 "," $1,97,431.42 "," $8,13,727.97 ",3.6,32,4538,3014,James Miller,Nicholas Richards," $24,16,351.48 ",169.71%,Hit,Average
373,Learn race maintain,Comedy,2020,29-04-2020,USA," $45,08,046.70 "," $33,55,783.51 "," $50,88,973.25 "," $8,02,592.27 "," $14,22,181.84 ",8.9,77,3047,50,Vanessa Fox,Kathryn Stevenson," $5,80,926.55 ",12.89%,flop,Excellent Performance
374,Start road city,Sci-Fi,1990,21-02-1990,USA," $51,48,700.04 "," $67,81,161.31 "," $1,13,45,238.47 "," $14,24,637.92 "," $27,27,379.15 ",6,60,12748,50,Kayla Young,Shannon Hunt," $61,96,538.43 ",120.35%,Hit,Good Performance
375,Best author well,Thriller,1990,14-05-1990,USA," $1,12,04,803.60 "," $46,33,486.90 "," $1,12,04,803.60 "," $12,74,229.48 "," $19,19,297.98 ",7.3,81,4357,318,Paul Weiss,Becky Kerr, $-   ,0.00%,Break_even,Good Performance
376,Generation south tough behind,Documentary,2014,16-11-2014,USA," $44,85,198.27 "," $1,11,01,827.36 "," $1,67,48,520.73 "," $22,49,258.53 "," $65,60,798.70 ",7.7,74,1826,240,Darlene Murphy,Terry Martinez," $1,22,63,322.46 ",273.42%,Hit,Good Performance
377,Charge very,Romance,2017,17-09-2017,USA," $50,00,453.02 "," $98,48,042.36 "," $2,26,09,012.90 "," $19,55,720.07 "," $50,54,480.34 ",7.1,81,1565,325,Diane Skinner,Dennis Perry," $1,76,08,559.88 ",352.14%,Hit,Good Performance
378,Bit public them,Comedy,2017,11-02-2017,USA," $4,93,873.06 "," $3,27,949.98 "," $7,87,626.40 "," $94,108.03 "," $1,92,702.01 ",3.8,36,14231,1008,Sharon Wilson,Christopher Green," $2,93,753.34 ",59.48%,flop,Average
379,Begin have care,Drama,2022,08-06-2022,Canada," $61,09,814.88 "," $69,80,980.49 "," $1,45,63,261.05 "," $15,14,625.44 "," $37,26,947.50 ",6.7,78,303,50,Janice Taylor,Robert Walker," $84,53,446.17 ",138.36%,Hit,Good Performance
380,Report glass arm,Comedy,1970,07-08-1970,USA," $20,67,942.27 "," $49,90,994.17 "," $91,85,932.28 "," $9,59,523.63 "," $20,75,735.55 ",5.8,65,493,503,Kim Watkins,Kathryn Hunt," $71,17,990.01 ",344.21%,Hit,Average
381,Space,Drama,2004,14-09-2004,South Korea," $9,01,943.02 "," $27,23,506.42 "," $38,99,627.75 "," $7,75,137.58 "," $11,06,654.12 ",2.9,16,4807,1121,Barbara Torres,Douglas Bullock," $29,97,684.73 ",332.36%,Hit,Average
382,Foot today,Sci-Fi,2020,19-02-2020,USA," $1,28,11,370.74 "," $1,61,36,950.25 "," $2,77,76,457.32 "," $29,01,398.84 "," $80,43,616.85 ",6,53,8192,7379,Mrs. Hannah Campbell DDS,Rodney Smith," $1,49,65,086.58 ",116.81%,Hit,Good Performance
383,Control sell fast,Horror,2015,22-07-2015,USA," $6,22,937.08 "," $7,32,080.44 "," $13,60,157.11 "," $1,14,442.58 "," $3,83,593.91 ",4.8,19,1102,75,Tara Underwood,Kristy Faulkner," $7,37,220.03 ",118.35%,Hit,Average
384,Material between get,Comedy,2015,25-08-2015,Japan," $1,05,722.08 "," $98,733.76 "," $1,75,205.04 "," $10,946.13 "," $42,471.83 ",5,65,3181,13409,Faith Franklin,Timothy James," $69,482.96 ",65.72%,flop,Average
385,My look,Drama,2008,10-04-2008,USA," $67,46,679.16 "," $1,54,52,683.23 "," $2,79,74,009.19 "," $27,56,247.99 "," $76,64,345.97 ",5,65,271,207,Albert Phillips,Heather Williams," $2,12,27,330.03 ",314.63%,Hit,Average
386,Likely town,Comedy,1968,30-11-1968,India," $4,68,75,864.83 "," $9,54,37,427.05 "," $16,88,60,592.20 "," $1,39,37,783.40 "," $5,19,11,527.76 ",8.7,81,4791,357,Bethany Rodriguez,William Washington," $12,19,84,727.37 ",260.23%,Hit,Excellent Performance
387,Law prove kid,Drama,1957,25-09-1957,Canada," $18,80,268.18 "," $57,72,902.95 "," $92,84,225.37 "," $16,39,524.76 "," $31,62,880.60 ",6.8,68,1079,1012,Robert Webster,Lisa Castro," $74,03,957.19 ",393.77%,Hit,Good Performance
388,Close piece,Comedy,2017,22-07-2017,USA," $11,21,635.06 "," $21,02,054.59 "," $42,00,534.23 "," $4,28,401.34 "," $9,45,122.06 ",5.8,58,2036,50,Jennifer Atkinson,Paige Gonzalez," $30,78,899.17 ",274.50%,Hit,Average
389,Let notice my,Romance,2022,08-06-2022,Japan," $3,64,610.13 "," $8,31,642.26 "," $16,42,788.32 "," $1,77,058.74 "," $4,73,387.42 ",6.6,70,4303,427,Seth Whitehead,Amber Willis," $12,78,178.19 ",350.56%,Hit,Good Performance
390,Store blood through,Drama,1978,14-03-1978,USA," $6,37,462.56 "," $16,89,890.74 "," $28,84,577.37 "," $4,70,098.86 "," $9,33,842.07 ",4.4,40,1224,352,Mr. Drew Clark Jr.,William Brooks," $22,47,114.81 ",352.51%,Hit,Average
391,Bring meeting,Drama,2010,19-12-2010,USA," $20,95,441.90 "," $8,58,453.59 "," $20,95,441.90 "," $97,628.93 "," $4,11,205.70 ",8.5,79,530,2185,Michael Manning,Ronald Thompson DDS, $-   ,0.00%,Break_even,Excellent Performance
392,Assume recognize look,Romance,1997,20-10-1997,USA," $70,85,970.06 "," $46,09,937.06 "," $1,09,29,184.26 "," $5,49,131.58 "," $21,23,540.81 ",6,60,3697,471,Renee Campbell,Nicole Turner," $38,43,214.20 ",54.24%,flop,Good Performance
393,Can bad during,Action,2007,03-05-2007,USA," $84,85,817.86 "," $1,27,05,093.85 "," $2,93,16,728.27 "," $20,30,080.59 "," $70,68,634.17 ",4.9,32,2145,684,Oscar Santos,Eric Cooper," $2,08,30,910.41 ",245.48%,Hit,Average
394,Develop movement,Action,1979,07-01-1979,USA," $17,36,125.40 "," $21,69,289.58 "," $31,49,166.84 "," $5,01,093.61 "," $11,77,848.91 ",6.8,68,14650,24390,Charles Lopez,Valerie Dennis," $14,13,041.44 ",81.39%,flop,Good Performance
395,Artist others,Drama,2017,24-09-2017,USA," $9,65,166.49 "," $12,64,627.49 "," $28,21,349.22 "," $2,68,158.01 "," $6,46,903.27 ",7.4,71,553,1542,Denise Horne,Jamie Cunningham," $18,56,182.73 ",192.32%,Hit,Good Performance
396,Cup half near,Romance,1996,24-12-1996,Japan," $3,30,91,269.46 "," $4,12,94,517.06 "," $9,66,04,383.78 "," $93,17,793.19 "," $1,69,59,524.29 ",9.3,92,3930,50,Melissa Hernandez,Alexander Haley," $6,35,13,114.32 ",191.93%,Hit,Excellent Performance
397,Middle can call,Horror,1994,24-10-1994,USA," $15,77,225.91 "," $10,42,865.18 "," $19,12,034.19 "," $1,74,552.20 "," $5,54,596.49 ",7.4,90,13118,659,Jennifer Atkinson,Pamela Frey," $3,34,808.28 ",21.23%,flop,Good Performance
398,Even doctor learn little,Drama,1992,10-02-1992,USA," $19,83,360.64 "," $43,70,577.83 "," $93,27,293.08 "," $5,16,362.72 "," $18,41,175.89 ",3.6,32,3959,131,Jason Jones,Nicole Turner," $73,43,932.44 ",370.28%,Hit,Average
399,Strategy boy nor,Comedy,2023,12-01-2023,USA," $96,40,630.70 "," $1,16,59,757.76 "," $1,80,83,719.47 "," $15,96,047.14 "," $66,20,750.05 ",5.4,52,1753,352,Donna Hall,John Jones," $84,43,088.77 ",87.58%,flop,Average
400,Guy employee,Comedy,2012,18-10-2012,USA," $1,00,000.00 "," $3,24,909.59 "," $4,74,779.07 "," $83,630.65 "," $1,53,108.38 ",6.2,40,1363,33012,Matthew Beck,Melissa Melendez," $3,74,779.07 ",374.78%,Hit,Good Performance
401,Sea much politics management,Documentary,1993,24-02-1993,USA," $1,33,41,339.51 "," $1,74,53,728.22 "," $2,64,50,209.33 "," $19,50,908.78 "," $94,59,172.04 ",7.7,86,4211,4929,Jordan Orozco,Robert Reynolds," $1,31,08,869.82 ",98.26%,flop,Good Performance
402,Event along also,Documentary,1950,28-03-1950,Canada," $60,34,503.67 "," $1,78,19,212.12 "," $2,84,50,892.84 "," $43,57,652.02 "," $1,01,38,388.43 ",6.8,96,40838,1352,Sonya Clark,Sabrina Massey," $2,24,16,389.17 ",371.47%,Hit,Good Performance
403,My spend,Thriller,1990,08-04-1990,USA," $77,17,659.60 "," $52,12,121.90 "," $77,17,659.60 "," $12,08,183.04 "," $23,79,314.98 ",9.1,100,10747,351,Faith Franklin,Samantha Sanders, $-   ,0.00%,Break_even,Excellent Performance
404,Chance interest,Romance,1976,28-11-1976,USA," $87,68,846.25 "," $1,34,27,155.17 "," $2,73,39,812.39 "," $20,45,907.62 "," $64,66,113.61 ",1.9,15,1824,913,David Rosales,Lauren Richards," $1,85,70,966.14 ",211.78%,Hit,Average
405,Month outside,Drama,2018,03-04-2018,Australia," $9,47,93,570.03 "," $8,80,06,677.62 "," $15,36,65,535.60 "," $1,50,26,314.88 "," $4,51,28,304.15 ",4.4,37,2196,1845,Dr. Jonathan Long,Cody Peters," $5,88,71,965.57 ",62.11%,flop,Average
406,Fear article take,Romance,1989,03-12-1989,China," $13,06,636.97 "," $7,55,612.66 "," $13,06,636.97 "," $1,76,494.89 "," $3,97,656.64 ",8.5,90,1688,96,Joseph Willis,Joel Hunt, $-   ,0.00%,Break_even,Excellent Performance
407,Big television fear car,Thriller,1965,11-03-1965,USA," $46,47,087.06 "," $59,98,098.32 "," $91,21,228.51 "," $6,62,672.42 "," $28,68,397.15 ",7.8,71,7775,936,Renee Campbell,William Prince," $44,74,141.45 ",96.28%,flop,Good Performance
408,Name tonight,Romance,1997,21-06-1997,Australia," $42,19,197.96 "," $28,33,789.70 "," $42,19,197.96 "," $7,96,499.71 "," $16,87,904.21 ",5,32,2037,50,Jeffrey Myers MD,Brandi Moon, $-   ,0.00%,Break_even,Average
409,Charge area,Romance,2017,22-07-2017,USA," $1,50,03,612.11 "," $1,02,85,675.94 "," $1,95,70,649.60 "," $16,56,726.62 "," $42,93,836.32 ",6.6,68,5467,674,Abigail Robles,Becky Dean," $45,67,037.49 ",30.44%,flop,Good Performance
410,Admit media,Drama,2018,09-09-2018,UK," $8,66,27,971.61 "," $7,15,81,390.43 "," $12,47,99,507.80 "," $90,53,263.84 "," $3,46,51,980.95 ",8.7,75,1717,50,Jennifer Atkinson,Casey Lloyd," $3,81,71,536.19 ",44.06%,flop,Excellent Performance
411,Approach yard military,Thriller,1996,05-12-1996,Canada," $68,47,585.38 "," $37,03,040.60 "," $69,34,723.47 "," $9,83,307.91 "," $18,81,234.58 ",8.2,86,1137,165,Michael Ross,Eric Obrien," $87,138.09 ",1.27%,flop,Excellent Performance
412,Foreign night staff,Drama,2005,09-04-2005,USA," $20,60,976.24 "," $33,99,508.86 "," $56,84,506.07 "," $8,91,907.61 "," $14,43,338.62 ",6.8,61,2831,1709,Gary Simmons,Mrs. Stephanie Palmer," $36,23,529.83 ",175.82%,Hit,Good Performance
413,Nature avoid generation,Drama,1977,07-01-1977,USA," $8,35,043.72 "," $5,13,708.92 "," $8,35,043.72 "," $1,44,362.01 "," $2,08,136.74 ",7.4,77,1146,342,James Wright,Ashley Pena, $-   ,0.00%,Break_even,Good Performance
414,Only six,Horror,1987,21-02-1987,USA," $88,61,375.19 "," $1,32,54,377.78 "," $2,30,29,294.81 "," $26,58,971.28 "," $67,82,757.35 ",5.3,65,9388,50,Darrell Carlson,Shawna Bryant," $1,41,67,919.62 ",159.88%,Hit,Average
415,Attention detail,Action,1995,08-09-1995,Germany," $21,81,638.80 "," $55,80,666.07 "," $97,23,632.32 "," $12,33,754.82 "," $27,78,011.38 ",4.2,57,2246,649,Abigail Robles,Diane Jacobs," $75,41,993.52 ",345.70%,Hit,Average
416,Reality thank,Horror,2011,07-07-2011,USA," $1,02,157.13 "," $50,782.67 "," $1,14,703.98 "," $7,154.13 "," $23,353.71 ",5.5,49,128194,1935,Gary Simmons,Sharon Brady," $12,546.85 ",12.28%,flop,Average
417,Simply form case,Romance,1964,29-09-1964,China," $2,76,018.44 "," $7,36,912.86 "," $11,86,403.69 "," $1,56,214.86 "," $3,91,710.72 ",7.3,65,1305,1502,Jessica Gonzalez,Lynn Pierce," $9,10,385.25 ",329.83%,Hit,Good Performance
418,Manager themselves,Drama,2011,20-10-2011,USA," $21,77,577.14 "," $26,18,587.84 "," $62,18,711.56 "," $4,43,035.90 "," $12,69,192.05 ",6,55,33200,68,Crystal Harris,George Green," $40,41,134.42 ",185.58%,Hit,Good Performance
419,Theory shake,Comedy,1997,30-05-1997,India," $6,26,450.53 "," $6,16,915.39 "," $11,08,332.56 "," $1,36,660.62 "," $3,50,441.60 ",6.9,69,5921,50,Adam Brown,Victoria Phillips," $4,81,882.03 ",76.92%,flop,Good Performance
420,Short here,Horror,2008,05-04-2008,USA," $66,28,840.92 "," $42,06,582.40 "," $66,28,840.92 "," $8,74,449.52 "," $23,77,541.33 ",7.3,80,100,2369,Daniel Brown,Jennifer Leach, $-   ,0.00%,Break_even,Good Performance
421,Ball allow,Comedy,2003,26-07-2003,USA," $19,68,339.95 "," $26,03,014.58 "," $57,19,218.21 "," $4,90,462.88 "," $11,44,691.96 ",7.9,76,335,2434,Abigail Robles,Douglas Davis," $37,50,878.26 ",190.56%,Hit,Good Performance
422,New assume,Drama,1979,05-04-1979,USA," $7,33,299.32 "," $5,56,126.67 "," $10,28,474.89 "," $1,31,041.35 "," $3,22,515.84 ",6.9,66,2794,777,Rachel Kirby,Greg Ball," $2,95,175.57 ",40.25%,flop,Good Performance
423,Her character,Drama,1983,24-04-1983,USA," $7,43,744.63 "," $20,90,871.12 "," $31,87,513.48 "," $3,40,462.08 "," $8,81,311.59 ",6.5,69,314,12102,John Jones,Ronald Herrera," $24,43,768.85 ",328.58%,Hit,Good Performance
424,Another behavior,Action,2005,12-06-2005,USA," $64,14,229.63 "," $1,32,92,632.36 "," $2,00,72,661.73 "," $36,18,674.56 "," $59,32,983.89 ",6.5,64,21280,36496,Brandon Fuller,Tonya Campbell," $1,36,58,432.10 ",212.94%,Hit,Good Performance
425,Likely cut follow feel,Comedy,1989,21-03-1989,UK," $54,30,822.83 "," $61,40,228.82 "," $90,63,001.41 "," $17,01,886.64 "," $32,67,783.89 ",5.2,54,2968,485,Brian Robinson,Anna Vasquez," $36,32,178.58 ",66.88%,flop,Average
426,Star painting,Documentary,2011,04-01-2011,USA," $96,38,677.05 "," $76,93,598.83 "," $1,80,50,043.05 "," $15,53,443.27 "," $37,36,723.77 ",6.8,73,2257,93,Mr. Jorge Anderson,Lisa Castro," $84,11,366.00 ",87.27%,flop,Good Performance
427,Contain common,Drama,2023,08-02-2023,USA," $14,50,661.91 "," $7,65,388.61 "," $15,60,425.66 "," $1,20,457.90 "," $4,58,702.10 ",6.9,85,2110,340,Mr. Jorge Anderson,Melissa Cunningham," $1,09,763.75 ",7.57%,flop,Good Performance
428,Model western,Comedy,2018,19-05-2018,USA," $32,97,412.64 "," $59,00,912.49 "," $90,71,307.94 "," $7,88,250.69 "," $32,94,614.08 ",6.8,73,5558,447,Crystal Harris,Joseph Leon," $57,73,895.30 ",175.10%,Hit,Good Performance
429,Company president media,Comedy,1986,24-12-1986,USA," $1,62,92,293.81 "," $2,57,83,843.44 "," $5,23,69,686.90 "," $45,93,763.55 "," $1,09,60,276.97 ",6.4,67,6987,864,Denise Horne,Jorge Thompson," $3,60,77,393.09 ",221.44%,Hit,Good Performance
430,Fill garden,Action,1974,03-03-1974,USA," $5,18,48,295.77 "," $12,29,17,997.90 "," $20,35,75,021.30 "," $3,45,08,948.14 "," $6,77,28,814.97 ",9.5,98,2782,1141,Robert Hendricks,Paul Glover," $15,17,26,725.53 ",292.64%,Hit,Excellent Performance
431,Man,Comedy,2008,19-06-2008,South Korea," $4,02,671.14 "," $3,12,672.60 "," $6,44,711.22 "," $47,689.28 "," $1,59,348.02 ",6.5,46,526,7929,Patricia Munoz,Chelsea Armstrong," $2,42,040.08 ",60.11%,flop,Good Performance
432,Small majority,Comedy,2012,14-06-2012,USA," $50,28,659.21 "," $1,35,67,804.84 "," $2,02,28,618.76 "," $32,70,912.92 "," $70,50,468.15 ",6.6,81,7249,3021,Ryan Tate,Krystal Cross," $1,51,99,959.55 ",302.27%,Hit,Good Performance
433,Large protect wish notice,Romance,2004,19-12-2004,USA," $25,01,450.80 "," $13,95,162.42 "," $33,72,605.41 "," $4,15,618.62 "," $6,66,331.03 ",7.4,70,3168,4370,Samantha Campbell,Pamela Frey," $8,71,154.61 ",34.83%,flop,Good Performance
434,Recognize fine shake,Comedy,2003,28-04-2003,USA," $1,06,26,342.86 "," $63,00,075.39 "," $1,06,26,342.86 "," $14,96,251.63 "," $31,12,057.38 ",9.7,86,5089,50,William Walker,Cindy Barnes, $-   ,0.00%,Break_even,Excellent Performance
435,Him argue spend,Action,1985,27-06-1985,USA," $38,08,125.83 "," $71,45,863.37 "," $1,17,18,720.15 "," $20,48,112.94 "," $41,85,078.47 ",8.7,88,30685,528,Nicholas Murphy,Elizabeth Shannon," $79,10,594.32 ",207.73%,Hit,Excellent Performance
436,Pretty head,Thriller,1980,02-03-1980,China," $9,09,388.44 "," $5,08,985.74 "," $9,09,388.44 "," $1,02,850.32 "," $2,03,860.81 ",9.7,99,1038,1514,Sara Higgins,Andrea Bowers, $-   ,0.00%,Break_even,Excellent Performance
437,Decide out performance,Thriller,1989,21-10-1989,Australia," $10,16,154.81 "," $5,57,943.07 "," $12,85,661.60 "," $1,00,415.05 "," $2,74,519.14 ",7.7,69,2902,582,Faith Franklin,Mark Crosby," $2,69,506.79 ",26.52%,flop,Good Performance
438,Almost understand ever,Thriller,1979,04-06-1979,China," $3,54,84,046.89 "," $1,72,43,707.99 "," $3,54,84,046.89 "," $35,55,994.06 "," $97,65,863.40 ",8.1,100,567,691,Mrs. Hannah Campbell DDS,Jimmy Miller, $-   ,0.00%,Break_even,Excellent Performance
439,Trouble require positive,Comedy,2009,16-10-2009,USA," $4,20,779.93 "," $9,05,074.16 "," $15,77,256.08 "," $1,16,188.75 "," $4,11,366.32 ",5.3,44,7685,50,Bryan Murray,Dr. Edward Smith," $11,56,476.15 ",274.84%,Hit,Average
440,Clearly value our,Action,1984,23-10-1984,China," $28,16,559.70 "," $15,05,378.88 "," $28,16,559.70 "," $2,17,085.91 "," $6,66,252.36 ",8,65,14188,180,Heidi Cisneros,George Green, $-   ,0.00%,Break_even,Excellent Performance
441,Party full,Action,1983,13-05-1983,USA," $2,12,55,297.91 "," $3,09,55,356.59 "," $5,38,14,670.28 "," $63,35,185.34 "," $1,38,02,399.37 ",6.6,58,1566,131,Jordan Orozco,Melissa Cain," $3,25,59,372.37 ",153.18%,Hit,Good Performance
442,Range role fall,Comedy,2006,30-03-2006,Canada," $16,06,618.03 "," $15,92,054.60 "," $30,40,747.16 "," $4,47,564.30 "," $9,19,782.30 ",6.7,74,2745,1590,Joshua Morales,Holly Jones," $14,34,129.13 ",89.26%,flop,Good Performance
443,Authority,Comedy,2000,07-05-2000,USA," $49,19,547.57 "," $1,23,51,229.00 "," $1,97,57,491.66 "," $13,36,830.95 "," $71,82,829.61 ",8,100,3773,50,Caitlin Brewer,Nicholas Williamson," $1,48,37,944.09 ",301.61%,Hit,Excellent Performance
444,Room concern show,Comedy,2020,05-03-2020,UK," $37,66,556.16 "," $49,02,906.50 "," $91,60,221.63 "," $14,19,482.35 "," $29,18,940.70 ",7.9,77,770,161,Karen Smith,Laura Wilson," $53,93,665.47 ",143.20%,Hit,Good Performance
445,Poor Republican,Drama,2023,11-11-2023,USA," $23,39,841.29 "," $47,77,024.23 "," $83,45,622.75 "," $11,08,795.94 "," $20,19,822.16 ",7.1,75,991,296,John Jones,Brian Rodriguez," $60,05,781.46 ",256.67%,Hit,Good Performance
446,Above onto,Drama,2021,23-09-2021,USA," $65,37,232.77 "," $1,45,20,735.91 "," $3,21,28,256.96 "," $26,92,395.77 "," $73,99,584.61 ",6.8,70,1192,221,Courtney Reynolds,Elizabeth Shannon," $2,55,91,024.19 ",391.47%,Hit,Good Performance
447,Act thus since,Thriller,2019,07-09-2019,USA," $32,13,128.72 "," $69,91,351.23 "," $1,39,33,418.26 "," $15,85,183.82 "," $39,18,773.99 ",3.6,21,191,7821,Heidi Cisneros,Michael Ramirez," $1,07,20,289.54 ",333.64%,Hit,Average
448,Society finally,Sci-Fi,1991,04-01-1991,USA," $3,45,786.14 "," $2,50,038.38 "," $5,05,592.97 "," $50,790.34 "," $1,31,615.07 ",4.2,48,4977,304,Heidi Cisneros,Lauren Horton," $1,59,806.83 ",46.22%,flop,Average
449,Three meet set,Drama,2006,27-02-2006,USA," $65,31,160.06 "," $1,32,48,033.81 "," $2,63,98,433.45 "," $13,79,392.57 "," $60,93,141.63 ",5.3,55,163,330,Heidi Cisneros,Douglas Davis," $1,98,67,273.39 ",304.19%,Hit,Average
450,Alone president,Romance,2016,24-09-2016,USA," $28,39,228.79 "," $52,66,689.85 "," $1,29,38,308.95 "," $7,42,913.10 "," $25,79,293.26 ",5.6,70,3792,1622,Tracy Tucker,Michael Torres," $1,00,99,080.16 ",355.70%,Hit,Average
451,Try consumer,Romance,1998,16-03-1998,USA," $73,43,355.50 "," $51,64,793.42 "," $1,25,00,798.53 "," $11,04,625.56 "," $28,04,560.63 ",10,100,17143,178,Benjamin Hudson,Eric Nelson," $51,57,443.03 ",70.23%,flop,Excellent Performance
452,Control would finally,Thriller,1965,14-04-1965,USA," $8,36,693.56 "," $20,58,597.64 "," $36,31,007.54 "," $3,37,322.30 "," $8,76,849.99 ",7.2,76,48333,3311,Michael Richards,Mary Wolfe," $27,94,313.98 ",333.97%,Hit,Good Performance
453,Best feeling protect,Drama,1975,27-08-1975,France," $8,99,634.44 "," $6,61,651.95 "," $12,97,135.29 "," $1,52,625.05 "," $3,76,055.83 ",4.4,58,1536,50,Jeffrey Myers MD,Michael Martinez," $3,97,500.85 ",44.18%,flop,Average
454,Investment detail,Comedy,1993,18-12-1993,India," $52,11,069.09 "," $32,88,256.92 "," $52,11,069.09 "," $9,85,095.74 "," $16,22,343.98 ",7.7,57,292,50,Mr. Drew Clark Jr.,William Brooks, $-   ,0.00%,Break_even,Good Performance
455,Live physical,Drama,2012,26-01-2012,India," $3,52,633.69 "," $6,25,168.40 "," $14,15,528.56 "," $1,63,202.70 "," $3,52,969.70 ",4.8,54,2237,3074,Adam Brown,Joy Huber," $10,62,894.87 ",301.42%,Hit,Average
456,Little if result,Documentary,1996,14-08-1996,USA," $10,85,567.29 "," $20,92,094.61 "," $47,67,779.31 "," $4,02,114.30 "," $9,64,184.36 ",6.6,81,2052,84,William Carpenter,Jason Mercer," $36,82,212.02 ",339.20%,Hit,Good Performance
457,Bank central song,Action,2022,23-12-2022,USA," $9,89,007.00 "," $18,04,230.91 "," $42,75,056.23 "," $1,84,212.82 "," $7,25,993.39 ",5.2,55,625,50,John Jones,Melissa Cunningham," $32,86,049.23 ",332.26%,Hit,Average
458,Mrs step,Romance,2015,20-03-2015,USA," $21,30,899.92 "," $45,97,140.64 "," $93,37,790.27 "," $12,99,909.01 "," $20,95,021.03 ",6.6,64,7317,2464,Janice Taylor,Joel Hunt," $72,06,890.35 ",338.21%,Hit,Good Performance
459,Father interesting,Comedy,1967,24-10-1967,USA," $60,99,129.14 "," $2,01,58,127.73 "," $2,99,07,711.65 "," $32,93,060.42 "," $1,04,82,610.15 ",7,71,9137,3192,Nicholas Murphy,Jorge Thompson," $2,38,08,582.51 ",390.36%,Hit,Good Performance
460,Six imagine,Drama,2013,11-10-2013,USA," $20,41,272.24 "," $49,93,803.95 "," $78,68,134.29 "," $5,36,216.50 "," $24,15,363.26 ",7.4,68,15594,448,Joshua Baker,Kimberly Ray," $58,26,862.05 ",285.45%,Hit,Good Performance
461,Present recognize reduce,Horror,1975,24-07-1975,France," $17,28,902.06 "," $9,09,928.00 "," $17,28,902.06 "," $1,46,089.57 "," $3,72,109.41 ",3.9,48,2036,935,Caitlin Brewer,Kimberly Smith, $-   ,0.00%,Break_even,Average
462,Run him never,Horror,1953,23-07-1953,USA," $3,45,83,220.33 "," $5,00,99,182.98 "," $8,57,04,371.67 "," $84,18,333.61 "," $2,23,41,172.09 ",6.8,89,4258,8414,Mark Moody,Samuel Bond MD," $5,11,21,151.34 ",147.82%,Hit,Good Performance
463,Action model,Comedy,2007,10-11-2007,USA," $6,09,29,448.12 "," $13,05,96,199.70 "," $26,05,45,472.20 "," $3,41,92,088.89 "," $7,39,17,670.70 ",6.5,66,3045,223,Samantha Campbell,Olivia Ortiz," $19,96,16,024.08 ",327.62%,Hit,Good Performance
464,Any life,Drama,2007,14-09-2007,USA," $1,30,07,765.48 "," $2,95,27,084.61 "," $6,38,46,215.42 "," $60,00,631.24 "," $1,35,76,905.97 ",8.2,76,568,2887,Eric Ramirez,Sheila Dunn," $5,08,38,449.94 ",390.83%,Hit,Excellent Performance
465,May treat group senior,Drama,1999,15-12-1999,UK," $4,66,687.42 "," $15,35,195.73 "," $22,73,339.34 "," $2,39,784.43 "," $9,12,970.01 ",5.3,58,6393,1281,Charlotte Williams,David Perez," $18,06,651.92 ",387.12%,Hit,Average
466,Present appear see,Romance,2000,19-12-2000,USA," $1,00,26,291.84 "," $2,20,13,289.57 "," $4,13,11,982.72 "," $27,51,330.99 "," $92,53,689.76 ",5.3,64,752,505,Joshua Morales,Patrick Barnett," $3,12,85,690.88 ",312.04%,Hit,Average
467,Case environmental loss possible,Romance,1960,12-07-1960,India," $11,12,078.76 "," $12,78,165.40 "," $24,04,713.26 "," $1,46,782.98 "," $5,94,921.54 ",7,62,1076,949,Shannon Ross,Mark Smith," $12,92,634.50 ",116.24%,Hit,Good Performance
468,Continue international,Horror,2018,28-03-2018,USA," $1,30,12,089.49 "," $1,28,83,281.03 "," $2,24,08,135.89 "," $21,84,865.72 "," $74,19,331.59 ",5.4,46,3269,65,Eric Ramirez,Jeffrey Smith," $93,96,046.40 ",72.21%,flop,Average
469,Truth increase lead,Horror,2016,27-11-2016,USA," $5,23,075.91 "," $7,63,258.29 "," $18,06,125.29 "," $1,76,991.44 "," $4,08,797.79 ",8.4,92,3588,215,Amber Anderson,Thomas Hill," $12,83,049.38 ",245.29%,Hit,Excellent Performance
470,Image paper,Action,1990,28-04-1990,USA," $3,36,77,041.61 "," $7,58,91,258.70 "," $13,53,60,799.30 "," $1,16,76,874.74 "," $3,98,84,646.78 ",5.1,44,3285,503,Roberto Underwood,Christopher Hanson," $10,16,83,757.69 ",301.94%,Hit,Average
471,Rock manager morning no,Thriller,1986,11-04-1986,USA," $30,20,580.99 "," $17,01,619.22 "," $30,20,580.99 "," $3,28,150.49 "," $10,19,733.11 ",6.9,68,1623,50,Daniel Brown,Scott Anderson, $-   ,0.00%,Break_even,Good Performance
472,Brother article will,Drama,1953,26-01-1953,USA," $29,86,600.91 "," $41,48,420.47 "," $77,16,411.88 "," $8,97,914.73 "," $22,33,421.88 ",5.6,54,1856,62,Raymond Morris,Jimmy Miller," $47,29,810.97 ",158.37%,Hit,Average
473,Nothing significant,Thriller,2023,08-05-2023,UK," $3,18,14,289.82 "," $2,29,83,355.04 "," $4,94,47,448.73 "," $25,07,613.65 "," $1,21,64,798.17 ",8.4,76,5145,143,Mr. Drew Clark Jr.,Jacqueline Cooper," $1,76,33,158.91 ",55.43%,flop,Excellent Performance
474,Partner at choose,Action,1987,23-05-1987,USA," $84,25,653.97 "," $1,44,04,602.67 "," $2,31,49,503.44 "," $16,67,852.83 "," $72,66,345.51 ",8.4,68,3208,301,Mark Brooks,Adam Williams," $1,47,23,849.47 ",174.75%,Hit,Excellent Performance
475,Specific movie responsibility response,Thriller,2025,04-09-2025,USA," $28,39,466.88 "," $45,00,782.35 "," $83,90,967.41 "," $9,90,063.00 "," $18,34,414.73 ",5.7,53,7952,278,Kevin Green,John Strickland," $55,51,500.53 ",195.51%,Hit,Average
476,Bed right,Drama,1979,04-07-1979,India," $34,78,154.20 "," $57,86,568.47 "," $88,79,828.47 "," $10,69,732.63 "," $32,03,227.35 ",5.4,57,2931,402,Seth Whitehead,Laura Wilson," $54,01,674.27 ",155.30%,Hit,Average
477,Keep far tough,Romance,1990,08-09-1990,USA," $2,32,662.91 "," $1,89,101.62 "," $4,65,127.99 "," $32,316.30 "," $79,262.20 ",6.6,68,1318,778,Sean Howard,Jimmy Miller," $2,32,465.08 ",99.91%,flop,Good Performance
478,Television nor visit,Comedy,1994,12-03-1994,USA," $24,58,23,229.40 "," $60,57,42,625.70 "," $88,50,90,493.70 "," $10,10,42,815.00 "," $35,49,66,734.60 ",4.9,46,443,27363,Robert Webster,Daryl Douglas," $63,92,67,264.30 ",260.05%,Hit,Average
479,Ok single,Comedy,1950,13-04-1950,USA," $19,11,022.98 "," $36,07,312.96 "," $89,56,253.98 "," $4,38,458.28 "," $21,48,684.79 ",7.1,68,1233,101,Kim Watkins,James Nichols," $70,45,231.00 ",368.66%,Hit,Good Performance
480,Happen,Documentary,2001,07-05-2001,India," $12,45,008.14 "," $22,52,660.56 "," $41,55,953.07 "," $4,27,402.37 "," $9,96,521.00 ",4.8,57,2468,198,Kristina Moore,Dennis Rogers," $29,10,944.93 ",233.81%,Hit,Average
481,Keep realize its,Action,1985,11-11-1985,USA," $12,25,128.56 "," $14,39,651.13 "," $24,40,061.33 "," $1,82,274.47 "," $6,70,759.24 ",8,97,1025,51,Thomas Peterson,Amanda Lawson," $12,14,932.77 ",99.17%,flop,Excellent Performance
482,Perform thousand,Comedy,2008,30-04-2008,USA," $17,16,132.22 "," $44,53,204.84 "," $85,34,022.16 "," $7,66,331.50 "," $22,13,156.53 ",7.4,74,824,28730,Roberto Underwood,Tracy Klein," $68,17,889.94 ",397.28%,Hit,Good Performance
483,Common three size,Drama,2015,06-09-2015,USA," $12,53,850.72 "," $21,17,559.33 "," $49,07,587.46 "," $2,55,341.83 "," $10,49,518.31 ",7.1,65,20741,161,Sharon Wilson,Stephen Clark," $36,53,736.74 ",291.40%,Hit,Good Performance
484,All friend,Comedy,2006,14-07-2006,India," $6,80,70,044.52 "," $11,67,86,903.10 "," $22,90,00,913.90 "," $2,96,34,079.95 "," $6,10,51,812.86 ",6.8,64,2628,1018,Sophia Gomez,Krystal Cross," $16,09,30,869.38 ",236.42%,Hit,Good Performance
485,Thing important staff,Horror,1989,29-08-1989,USA," $9,79,584.82 "," $25,66,246.55 "," $48,62,466.27 "," $5,63,675.30 "," $12,81,461.57 ",9,100,22571,765,Jessica Singh,Derek Jones," $38,82,881.45 ",396.38%,Hit,Excellent Performance
486,Even expert,Comedy,1969,20-03-1969,France," $38,96,040.29 "," $49,41,869.51 "," $1,01,90,618.40 "," $7,50,783.66 "," $26,32,214.72 ",6.3,54,157,50,Joseph Willis,Steven Green," $62,94,578.11 ",161.56%,Hit,Good Performance
487,Wife once task,Comedy,2023,23-03-2023,USA," $35,69,082.14 "," $66,30,077.00 "," $1,42,11,794.36 "," $10,71,250.66 "," $35,10,791.42 ",5.7,66,5579,214,Raymond Morris,Morgan King," $1,06,42,712.22 ",298.19%,Hit,Average
488,Nature PM,Horror,2022,03-07-2022,USA," $49,09,196.94 "," $1,11,13,011.04 "," $2,11,82,825.02 "," $21,57,851.09 "," $66,01,809.22 ",6.9,66,3336,94,Jacqueline Briggs,Theresa Cooley," $1,62,73,628.08 ",331.49%,Hit,Good Performance
489,Statement event,Romance,2000,05-07-2000,USA," $15,67,779.37 "," $49,16,448.80 "," $72,50,357.02 "," $13,34,872.40 "," $24,48,141.68 ",5.1,44,535,333,Mr. Drew Clark Jr.,William Ramirez," $56,82,577.65 ",362.46%,Hit,Average
490,Thing nor,Thriller,1994,03-02-1994,USA," $41,26,334.69 "," $1,14,52,755.28 "," $2,04,99,584.53 "," $17,74,257.78 "," $47,46,162.42 ",6.4,68,1389,50,James Miller,Daniel Callahan," $1,63,73,249.84 ",396.80%,Hit,Good Performance
491,Option charge them,Documentary,1990,10-09-1990,Canada," $57,17,262.62 "," $1,13,25,320.31 "," $2,66,76,545.92 "," $25,20,274.88 "," $49,76,875.17 ",6.6,51,6460,50,Kayla Young,Cindy Barnes," $2,09,59,283.30 ",366.60%,Hit,Good Performance
492,Political write huge,Romance,1970,12-01-1970,USA," $92,15,165.18 "," $50,36,127.61 "," $92,15,165.18 "," $8,11,748.73 "," $20,32,770.83 ",6.3,59,1714,5363,Rachel Hayes,Jessica Scott, $-   ,0.00%,Break_even,Good Performance
493,Every indicate,Drama,2005,10-12-2005,USA," $31,81,528.61 "," $31,25,087.47 "," $67,50,608.94 "," $3,44,926.57 "," $16,48,383.38 ",6.3,77,1590,170,Karen Robinson,Tracy Klein," $35,69,080.33 ",112.18%,Hit,Good Performance
494,Leg cultural,Comedy,1962,11-06-1962,USA," $1,23,312.94 "," $2,68,714.36 "," $5,37,642.85 "," $36,555.39 "," $1,32,484.89 ",5.2,47,16484,302,Karen Barrett,Jennifer Hendricks," $4,14,329.91 ",336.00%,Hit,Average
495,Practice career one,Comedy,1980,27-03-1980,USA," $1,00,000.00 "," $1,99,833.44 "," $3,64,913.64 "," $43,346.01 "," $96,537.77 ",7.4,79,921,905,Jeremy Davis,Lisa Castro," $2,64,913.64 ",264.91%,Hit,Good Performance
496,Sell democratic indeed,Thriller,2014,19-10-2014,USA," $11,47,160.28 "," $9,11,586.89 "," $15,45,776.32 "," $2,46,202.66 "," $4,00,424.21 ",7.5,83,1294,66,Jordan Orozco,Thomas Hill," $3,98,616.04 ",34.75%,flop,Good Performance
497,Newspaper offer,Comedy,2023,23-02-2023,USA," $17,22,015.11 "," $40,88,755.25 "," $64,19,792.01 "," $7,18,420.58 "," $23,16,330.50 ",5.9,69,389,77,Adriana Campbell,Eric Perry," $46,97,776.90 ",272.81%,Hit,Average
498,Prevent full,Romance,1988,26-05-1988,India," $27,21,153.24 "," $13,92,488.40 "," $27,21,153.24 "," $2,26,859.02 "," $6,59,053.72 ",5.2,60,70929,204,Melissa Cohen,Ashley Reeves, $-   ,0.00%,Break_even,Average
499,Indeed force few,Drama,1994,28-09-1994,USA," $61,68,377.88 "," $45,92,322.27 "," $79,66,217.62 "," $8,84,694.07 "," $24,53,903.75 ",9.7,100,9157,447,Jessica Rodriguez,Michael Hughes," $17,97,839.74 ",29.15%,flop,Excellent Performance
500,Whether land determine,Comedy,2024,05-07-2024,USA," $1,45,53,621.37 "," $2,24,05,340.10 "," $3,28,94,015.94 "," $45,62,153.67 "," $1,17,79,547.14 ",8.8,78,5916,1186,Donna Hall,Sandra Brown," $1,83,40,394.57 ",126.02%,Hit,Excellent Performance
501,Successful successful four,Horror,2012,19-03-2012,USA," $2,82,020.90 "," $6,14,102.08 "," $9,34,485.91 "," $73,228.01 "," $2,66,460.00 ",7.1,66,20881,50,Michael Chung,Nicole Morales," $6,52,465.01 ",231.35%,Hit,Good Performance
502,View leave religious,Sci-Fi,1974,17-02-1974,India," $75,36,353.74 "," $85,98,076.24 "," $1,63,54,885.64 "," $10,90,926.32 "," $49,92,995.03 ",4.2,56,5206,360,Jeremy Ray,Michelle Thomas," $88,18,531.90 ",117.01%,Hit,Average
503,Water somebody,Documentary,2017,22-05-2017,USA," $40,75,325.00 "," $31,38,368.20 "," $66,89,510.67 "," $5,55,477.47 "," $14,61,930.84 ",8,72,2913,165,Elizabeth Lane,Daniel Hughes," $26,14,185.67 ",64.15%,flop,Excellent Performance
504,Two history four without,Thriller,1985,08-04-1985,USA," $14,14,898.67 "," $10,93,232.45 "," $23,67,999.36 "," $2,51,761.36 "," $5,97,513.85 ",4.5,25,1054,1156,Jennifer Atkinson,Kimberly Wolf," $9,53,100.69 ",67.36%,flop,Average
505,Some color their,Comedy,2015,28-06-2015,Canada," $65,50,007.39 "," $1,37,12,034.39 "," $2,80,69,388.62 "," $37,65,354.63 "," $55,47,159.24 ",6.4,62,5181,50,Jennifer Henry,Jennifer Hendricks," $2,15,19,381.23 ",328.54%,Hit,Good Performance
506,Onto language left,Romance,2011,08-07-2011,USA," $91,53,662.18 "," $2,44,97,417.88 "," $4,19,24,829.95 "," $31,44,746.19 "," $1,14,69,663.57 ",7.6,75,24736,849,Jennifer Atkinson,Derrick Smith," $3,27,71,167.77 ",358.01%,Hit,Good Performance
507,Keep he,Drama,1983,31-01-1983,USA," $20,53,190.59 "," $42,59,113.32 "," $75,57,565.56 "," $10,12,299.87 "," $21,55,925.70 ",4.3,33,8019,112,Terry Lawrence,Seth Johnson," $55,04,374.97 ",268.09%,Hit,Average
508,East night,Documentary,1951,02-02-1951,USA," $10,98,657.41 "," $24,76,875.88 "," $44,49,587.06 "," $4,41,110.09 "," $14,52,849.20 ",8.8,86,16228,351,Donna Wagner,Deanna Johnson," $33,50,929.65 ",305.00%,Hit,Excellent Performance
509,Since especially personal,Comedy,2007,13-10-2007,USA," $8,68,074.02 "," $9,56,210.77 "," $14,66,388.86 "," $1,05,438.60 "," $4,00,709.16 ",6.8,63,2983,123,Charlotte Williams,Alan Mullins," $5,98,314.84 ",68.92%,flop,Good Performance
510,Myself individual different,Action,1990,17-11-1990,USA," $3,48,441.79 "," $2,38,790.13 "," $3,48,441.79 "," $53,687.66 "," $1,07,329.23 ",5.8,66,266,50,Karen Barrett,Teresa Santos PhD, $-   ,0.00%,Break_even,Average
511,Artist recently interest on,Drama,1998,22-08-1998,India," $28,88,015.10 "," $13,43,612.78 "," $28,88,015.10 "," $3,46,983.97 "," $7,73,121.37 ",7.9,93,5747,162,Samantha Campbell,Dustin Jackson, $-   ,0.00%,Break_even,Good Performance
512,Statement event,Action,2025,27-01-2025,USA," $16,26,066.94 "," $27,63,776.20 "," $55,70,179.58 "," $6,13,180.00 "," $12,76,881.68 ",5.1,59,10166,5326,Troy Cochran,Matthew Simmons," $39,44,112.64 ",242.56%,Hit,Average
513,Exist run technology,Action,2003,25-12-2003,USA," $21,19,066.21 "," $24,61,815.27 "," $42,52,745.84 "," $2,96,461.49 "," $13,80,592.72 ",8.3,98,7172,648,Rachel Kirby,Meghan Mcintosh," $21,33,679.63 ",100.69%,Hit,Excellent Performance
514,Quality report,Action,1998,22-07-1998,China," $8,03,238.68 "," $11,82,594.68 "," $17,25,324.48 "," $2,16,607.37 "," $5,18,755.42 ",6.9,63,13700,404,Elizabeth Lane,Jeffrey Sharp," $9,22,085.80 ",114.80%,Hit,Good Performance
515,Base buy,Horror,1968,16-03-1968,UK," $25,38,648.83 "," $40,72,801.83 "," $83,69,878.99 "," $11,55,458.37 "," $17,43,202.05 ",7.1,60,3099,50,Megan Sharp,Kristin Cook," $58,31,230.16 ",229.70%,Hit,Good Performance
516,Society seat,Comedy,2019,24-11-2019,USA," $26,44,416.96 "," $67,05,173.61 "," $1,14,76,121.78 "," $15,68,616.28 "," $34,07,799.45 ",8.6,100,7495,113,Claudia Smith,Jamie Cunningham," $88,31,704.82 ",333.98%,Hit,Excellent Performance
517,Threat whom,Drama,2021,27-08-2021,Canada," $33,38,677.85 "," $59,59,237.76 "," $98,86,889.47 "," $9,47,462.55 "," $31,08,041.14 ",7.5,79,2784,3395,David Charles,Jimmy Smith," $65,48,211.62 ",196.13%,Hit,Good Performance
518,Table pressure,Drama,2005,10-08-2005,USA," $89,01,904.98 "," $97,68,648.35 "," $2,12,06,522.70 "," $16,22,107.04 "," $55,13,266.76 ",6.7,58,2568,154,David Perez,Ashley Gilmore," $1,23,04,617.72 ",138.22%,Hit,Good Performance
519,Forget thousand case,Action,1975,30-03-1975,India," $30,07,061.02 "," $25,48,611.06 "," $51,45,982.59 "," $3,07,667.85 "," $11,15,305.49 ",6.3,68,355,4864,Melanie Olson,Meghan Mcintosh," $21,38,921.57 ",71.13%,flop,Good Performance
520,Clearly trip painting,Romance,1969,28-09-1969,USA," $2,04,897.55 "," $1,18,933.93 "," $2,64,294.86 "," $23,823.12 "," $49,414.85 ",6.1,59,7302,50,Denise Horne,Christopher Green," $59,397.31 ",28.99%,flop,Good Performance
521,Probably election,Drama,2006,29-04-2006,USA," $11,54,823.92 "," $9,18,205.06 "," $21,39,339.78 "," $1,89,055.20 "," $5,34,314.65 ",7.5,69,666,50,Brandon Fuller,Melissa Melendez," $9,84,515.86 ",85.25%,flop,Good Performance
522,Threat,Romance,1985,25-03-1985,USA," $3,50,432.27 "," $9,22,821.76 "," $15,03,234.36 "," $2,50,604.75 "," $4,51,919.64 ",8.6,83,956,1717,William Walker,Peter Sanders," $11,52,802.09 ",328.97%,Hit,Excellent Performance
523,Collection design,Drama,2025,09-10-2025,USA," $2,23,21,734.58 "," $2,99,25,418.17 "," $5,47,42,992.80 "," $61,51,921.18 "," $1,69,06,458.32 ",5.8,55,9293,107,Benjamin Ray,Dennis Perry," $3,24,21,258.22 ",145.25%,Hit,Average
524,Couple,Comedy,2002,20-03-2002,USA," $25,64,729.96 "," $55,37,643.41 "," $83,21,591.21 "," $9,96,816.47 "," $28,73,298.20 ",5.9,45,2378,84,David Perez,Rodney Smith," $57,56,861.25 ",224.46%,Hit,Average
525,Use least article,Romance,1988,18-06-1988,USA," $4,30,638.36 "," $11,47,590.04 "," $18,25,093.30 "," $2,25,828.43 "," $5,25,312.49 ",8.6,76,5574,12915,Samantha Campbell,Alan Mullins," $13,94,454.94 ",323.81%,Hit,Excellent Performance
526,Finish,Action,2002,11-01-2002,USA," $20,48,439.76 "," $49,27,377.78 "," $89,65,668.61 "," $10,21,711.97 "," $26,25,645.26 ",6,55,3997,929,Brian Robinson,Nicholas Richards," $69,17,228.85 ",337.68%,Hit,Good Performance
527,Stock score significant,Action,2013,13-08-2013,USA," $16,40,396.67 "," $30,42,006.93 "," $59,95,079.43 "," $3,82,266.16 "," $12,57,766.09 ",6.6,55,1803,494,William Walker,Corey Johnson," $43,54,682.76 ",265.47%,Hit,Good Performance
528,Rise majority enter attack,Drama,2023,02-03-2023,USA," $8,61,65,984.05 "," $7,00,44,416.66 "," $13,44,65,861.10 "," $1,63,77,719.17 "," $3,92,18,430.24 ",6.3,68,288,50,Sharon Wilson,Rachel Howard," $4,82,99,877.05 ",56.05%,flop,Good Performance
529,More forward under,Action,1962,15-10-1962,USA," $1,82,488.71 "," $3,82,993.05 "," $8,40,581.04 "," $1,05,880.63 "," $2,18,311.09 ",5.1,39,3091,392,Donna Wagner,Seth Johnson," $6,58,092.33 ",360.62%,Hit,Average
530,Watch kitchen amount rate,Thriller,1971,04-06-1971,Japan," $8,37,611.24 "," $5,84,851.26 "," $8,37,611.24 "," $83,805.61 "," $3,24,917.27 ",9.4,77,4056,1927,Amanda Cantrell,Joshua Walker, $-   ,0.00%,Break_even,Excellent Performance
531,Politics lawyer,Drama,2020,11-10-2020,USA," $56,19,113.52 "," $1,20,46,968.11 "," $1,92,95,519.02 "," $16,30,139.32 "," $64,66,691.04 ",4.8,59,18206,4061,Amanda Montgomery,Christina Buchanan," $1,36,76,405.50 ",243.39%,Hit,Average
532,Agency force,Horror,2009,11-01-2009,USA," $51,80,857.83 "," $49,79,629.49 "," $1,03,61,838.05 "," $14,06,940.80 "," $20,23,678.77 ",5.4,40,141,50,Emily Miller,Donald Benson," $51,80,980.22 ",100.00%,Hit,Average
533,Foreign lose important interview,Thriller,1997,11-05-1997,USA," $51,63,088.61 "," $1,55,91,430.49 "," $2,28,62,752.40 "," $44,46,667.06 "," $64,41,327.01 ",8.3,90,9058,780,Chad Peters MD,Timothy James," $1,76,99,663.79 ",342.81%,Hit,Excellent Performance
534,Imagine brother,Drama,1965,21-12-1965,USA," $1,41,74,279.20 "," $3,51,92,904.99 "," $6,75,37,690.65 "," $95,28,384.27 "," $1,84,70,139.38 ",6.8,57,55014,434,Oscar Santos,Timothy George," $5,33,63,411.45 ",376.48%,Hit,Good Performance
535,Involve group,Comedy,2025,05-07-2025,France," $6,93,89,367.11 "," $16,31,95,264.90 "," $29,66,10,398.50 "," $3,18,92,696.78 "," $7,35,50,692.31 ",6.8,69,1213,50,Vanessa Fox,Ashley French," $22,72,21,031.39 ",327.46%,Hit,Good Performance
536,Laugh rest six,Romance,2011,10-03-2011,USA," $36,07,165.31 "," $50,67,609.11 "," $1,01,56,050.91 "," $11,13,919.02 "," $21,81,123.71 ",6.1,69,15133,98,David Morris,Dominique Aguirre," $65,48,885.60 ",181.55%,Hit,Good Performance
537,Team among,Comedy,1991,29-03-1991,USA," $12,89,427.09 "," $11,11,465.43 "," $27,57,656.74 "," $1,21,509.05 "," $6,49,469.54 ",5.7,69,9163,50,James Wright,Kimberly Johnson," $14,68,229.65 ",113.87%,Hit,Average
538,After positive,Comedy,1979,06-11-1979,USA," $5,67,19,487.12 "," $3,58,19,466.42 "," $5,67,19,487.12 "," $81,14,063.24 "," $2,02,61,528.22 ",8.9,100,195,594,Brenda Smith,Melissa Cain, $-   ,0.00%,Break_even,Excellent Performance
539,Mention six officer,Thriller,2009,24-10-2009,UK," $15,05,416.19 "," $26,98,410.05 "," $62,79,374.69 "," $6,80,702.57 "," $15,72,404.89 ",6.3,55,443,628,Dr. Michael Monroe,Jason Chavez," $47,73,958.50 ",317.12%,Hit,Good Performance
540,Worry set hot,Drama,1969,10-01-1969,USA," $52,01,078.42 "," $45,61,973.18 "," $70,59,362.22 "," $13,22,680.25 "," $22,77,894.89 ",9.8,100,519,1444,Jennifer Miller,Stephanie Moore," $18,58,283.80 ",35.73%,flop,Excellent Performance
541,Seat product,Action,1969,05-03-1969,China," $9,29,642.18 "," $19,23,240.82 "," $33,33,229.85 "," $2,85,492.97 "," $10,03,957.85 ",9.7,84,5659,3700,Kristina Moore,David Clark," $24,03,587.67 ",258.55%,Hit,Excellent Performance
542,North police,Romance,2005,10-04-2005,Germany," $2,63,614.85 "," $1,59,140.21 "," $2,63,614.85 "," $20,455.03 "," $81,954.27 ",7,67,703,2832,Sonya Clark,William Ramirez, $-   ,0.00%,Break_even,Good Performance
543,National,Action,2023,22-01-2023,USA," $19,47,925.64 "," $36,55,074.53 "," $80,97,797.74 "," $9,47,944.02 "," $21,01,883.77 ",6.4,52,1790,114,Lisa Atkins,Joshua Walker," $61,49,872.10 ",315.71%,Hit,Good Performance
544,Way able,Drama,1964,01-01-1964,USA," $1,21,60,296.30 "," $1,94,97,370.41 "," $4,35,84,334.13 "," $29,36,319.43 "," $1,03,66,008.61 ",8.5,71,4500,485,Francisco Ford,Sabrina Massey," $3,14,24,037.83 ",258.42%,Hit,Excellent Performance
545,Family now trouble financial,Thriller,1996,11-02-1996,UK," $23,34,582.19 "," $40,43,790.36 "," $93,13,771.92 "," $11,40,703.75 "," $20,32,308.78 ",5.3,47,392,3360,Bethany Rodriguez,Sarah Nelson," $69,79,189.73 ",298.95%,Hit,Average
546,Order,Comedy,1999,12-12-1999,USA," $26,12,750.85 "," $32,27,881.83 "," $56,59,172.25 "," $5,58,163.19 "," $16,89,675.44 ",5.7,65,34959,209,Jeremy Ray,Richard Davis," $30,46,421.40 ",116.60%,Hit,Average
547,Toward kitchen science,Comedy,1995,02-03-1995,USA," $4,52,01,608.15 "," $5,72,11,086.87 "," $12,48,62,023.60 "," $60,99,853.95 "," $3,26,64,320.85 ",8.9,100,25034,55,Caitlin Brewer,Robert Walker," $7,96,60,415.45 ",176.23%,Hit,Excellent Performance
548,Represent,Documentary,2018,09-08-2018,USA," $1,11,145.05 "," $1,98,298.83 "," $3,47,573.05 "," $25,019.88 "," $92,522.86 ",8.6,82,6440,200,Benjamin Ray,Dawn Blake," $2,36,428.00 ",212.72%,Hit,Excellent Performance
549,Nature should,Action,2001,15-05-2001,USA," $7,77,375.55 "," $23,31,112.21 "," $35,31,000.00 "," $4,13,678.52 "," $10,15,900.02 ",10,100,2811,8032,Amanda Montgomery,Sharon Riley," $27,53,624.45 ",354.22%,Hit,Excellent Performance
550,Child until political,Drama,1978,21-03-1978,Australia," $15,29,102.10 "," $10,24,307.54 "," $20,62,817.55 "," $1,57,304.85 "," $5,85,236.17 ",8.3,65,12533,225,Jonathan Evans,Olivia Ortiz," $5,33,715.45 ",34.90%,flop,Excellent Performance
551,Need morning suddenly effort,Romance,2001,15-09-2001,USA," $64,58,624.10 "," $1,76,33,213.13 "," $2,70,23,846.67 "," $47,94,894.63 "," $72,63,977.56 ",6,64,1126,757,Denise Horne,Sharon Brady," $2,05,65,222.57 ",318.41%,Hit,Good Performance
552,War base,Action,2018,08-03-2018,USA," $57,83,372.28 "," $1,56,46,863.63 "," $2,64,46,212.60 "," $21,72,584.22 "," $70,94,922.03 ",5.4,39,383,98,Joshua Morales,Douglas Bullock," $2,06,62,840.32 ",357.28%,Hit,Average
553,Mission civil care law,Action,2021,16-02-2021,USA," $25,96,022.38 "," $14,39,299.32 "," $25,96,022.38 "," $2,32,161.56 "," $6,59,264.88 ",5.8,49,1387,74,Mrs. Hannah Campbell DDS,Mrs. Stephanie Palmer, $-   ,0.00%,Break_even,Average
554,Activity information to,Comedy,1969,02-06-1969,India," $31,71,474.66 "," $65,77,479.53 "," $96,49,221.50 "," $12,81,166.64 "," $34,86,472.76 ",5.4,48,10740,2040,Terry Lawrence,William Brooks," $64,77,746.84 ",204.25%,Hit,Average
555,Understand chance run,Comedy,2020,09-11-2020,USA," $55,27,110.31 "," $53,28,145.58 "," $87,09,799.10 "," $15,45,619.52 "," $29,74,491.33 ",7.3,70,1780,50,Diana Davis,Robert Garcia," $31,82,688.79 ",57.58%,flop,Good Performance
556,Simple turn policy then,Sci-Fi,1979,04-09-1979,USA," $3,49,90,137.49 "," $6,75,46,372.03 "," $11,63,08,941.50 "," $1,33,70,904.58 "," $3,92,18,552.22 ",7,74,5893,1454,Brandon Fuller,David Martin," $8,13,18,804.01 ",232.40%,Hit,Good Performance
557,Agreement wrong,Drama,1968,28-09-1968,Australia," $31,51,423.74 "," $44,85,884.53 "," $95,93,627.85 "," $7,13,927.40 "," $25,60,996.36 ",5.3,52,2365,101,David Rosales,Brandon Mcguire," $64,42,204.11 ",204.42%,Hit,Average
558,Describe pull,Drama,1987,04-06-1987,USA," $4,32,335.99 "," $5,90,378.34 "," $10,60,438.42 "," $1,01,723.42 "," $2,86,529.06 ",5.1,42,1369,105,Caitlin Brewer,Catherine Willis," $6,28,102.43 ",145.28%,Hit,Average
559,Position arrive discuss,Documentary,1994,29-03-1994,USA," $24,69,597.15 "," $12,31,412.75 "," $29,87,502.63 "," $3,37,993.26 "," $5,00,112.93 ",5.5,63,4070,672,Benjamin Hudson,Adam Montes," $5,17,905.48 ",20.97%,flop,Average
560,Course now,Thriller,2022,16-09-2022,South Korea," $12,02,565.86 "," $22,63,004.35 "," $46,44,406.61 "," $4,09,359.38 "," $11,28,010.86 ",5.2,55,4056,554,Suzanne Gonzalez,Miss Jennifer Parsons," $34,41,840.75 ",286.21%,Hit,Average
561,Door design appear,Drama,1978,24-05-1978,France," $1,63,737.96 "," $3,44,114.97 "," $5,07,385.63 "," $83,044.16 "," $1,50,089.16 ",6.5,72,2824,218,Amanda Cantrell,Samuel Bond MD," $3,43,647.67 ",209.88%,Hit,Good Performance
562,Difficult candidate,Action,2023,04-03-2023,USA," $36,90,495.33 "," $48,28,211.76 "," $99,60,941.34 "," $8,04,247.61 "," $27,73,484.44 ",8.1,81,187,3616,Nathan Bolton,Rebecca Mejia," $62,70,446.01 ",169.91%,Hit,Excellent Performance
563,Rest,Horror,2001,08-07-2001,France," $3,01,65,385.76 "," $4,16,65,471.84 "," $8,05,87,106.46 "," $1,24,96,482.35 "," $2,23,87,207.77 ",3.7,44,1830,4462,Philip Simmons,John Perry," $5,04,21,720.70 ",167.15%,Hit,Average
564,Leg else,Sci-Fi,2025,04-12-2025,Canada," $2,19,174.69 "," $1,29,699.49 "," $2,90,706.74 "," $29,572.35 "," $58,088.08 ",6.5,70,12019,154,Sean Howard,Michelle Thomas," $71,532.05 ",32.64%,flop,Good Performance
565,Story at also region,Drama,1999,15-08-1999,India," $8,58,409.08 "," $23,81,201.45 "," $42,54,504.51 "," $2,79,329.67 "," $13,05,971.35 ",7,71,36874,2068,Janice Taylor,Robin Dawson," $33,96,095.43 ",395.63%,Hit,Good Performance
566,Common toward,Thriller,1985,21-09-1985,UK," $43,97,537.92 "," $54,81,982.18 "," $87,04,735.12 "," $12,08,938.02 "," $26,36,218.35 ",8.5,99,335,416,Darrell Carlson,Joseph Gonzalez," $43,07,197.20 ",97.95%,flop,Excellent Performance
567,Exist run technology,Thriller,1982,04-03-1982,India," $80,60,921.44 "," $1,61,79,465.97 "," $3,56,54,999.77 "," $45,22,246.95 "," $78,57,957.45 ",4.8,31,841,739,Ryan Tate,Christopher Green," $2,75,94,078.33 ",342.32%,Hit,Average
568,Necessary much,Sci-Fi,1973,10-06-1973,USA," $7,46,24,612.84 "," $3,89,53,930.00 "," $7,49,78,594.49 "," $44,96,723.78 "," $2,01,29,559.63 ",4.6,35,9428,963,Jennifer Atkinson,Jennifer Cook," $3,53,981.65 ",0.47%,flop,Average
569,Involve who,Documentary,2002,17-01-2002,USA," $21,81,000.93 "," $52,97,147.28 "," $83,94,386.26 "," $11,92,409.29 "," $28,51,509.79 ",6.9,65,1321,228,Michael Manning,Chad Santiago," $62,13,385.33 ",284.89%,Hit,Good Performance
570,Pretty administration,Thriller,1957,08-04-1957,USA," $8,36,361.35 "," $16,44,996.61 "," $36,82,544.59 "," $3,90,899.64 "," $7,67,555.76 ",7.7,66,3391,342,Darrell Carlson,Ryan Hood," $28,46,183.24 ",340.31%,Hit,Good Performance
571,Whose speech,Drama,2007,06-12-2007,USA," $22,08,157.72 "," $15,63,039.79 "," $32,45,377.59 "," $3,53,520.00 "," $7,69,977.52 ",6.8,75,269,281,Jeremy Ray,Kimberly Ray," $10,37,219.87 ",46.97%,flop,Good Performance
572,Show paper,Thriller,1998,10-06-1998,USA," $32,47,419.84 "," $29,19,371.03 "," $63,39,373.36 "," $7,20,010.26 "," $15,01,524.79 ",3.5,35,6367,149,William Carpenter,Eric Nelson," $30,91,953.52 ",95.21%,flop,Average
573,Throughout message,Romance,1990,16-08-1990,India," $24,77,172.80 "," $48,60,933.44 "," $1,03,36,200.25 "," $12,92,237.76 "," $20,12,203.81 ",6.8,89,4289,96,Joshua Baker,Gabriel Mathis," $78,59,027.45 ",317.26%,Hit,Good Performance
574,Off guy news,Thriller,2016,11-06-2016,USA," $13,29,744.06 "," $25,85,272.00 "," $62,05,364.51 "," $2,60,573.96 "," $13,65,003.34 ",6.5,77,11761,1956,Jennifer Miller,Mrs. Stephanie Palmer," $48,75,620.45 ",366.66%,Hit,Good Performance
575,Stage,Drama,2009,13-05-2009,USA," $8,11,22,949.35 "," $4,90,94,995.77 "," $11,81,70,759.50 "," $1,18,63,073.71 "," $2,38,96,177.95 ",5.4,49,692,5114,Alyssa Adams,Samantha Vargas," $3,70,47,810.15 ",45.67%,flop,Average
576,Point price central public,Action,2017,25-12-2017,USA," $9,91,502.47 "," $27,14,590.26 "," $43,28,909.80 "," $3,53,303.53 "," $14,68,260.94 ",5.8,56,1836,799,Kayla Young,Melissa Morales," $33,37,407.33 ",336.60%,Hit,Average
577,Benefit teacher,Drama,1993,31-03-1993,USA," $10,86,528.91 "," $15,91,691.77 "," $25,51,284.15 "," $2,52,025.89 "," $7,18,662.46 ",8.1,87,2356,35769,Kim Watkins,Eric Nelson," $14,64,755.24 ",134.81%,Hit,Excellent Performance
578,Day,Drama,1990,22-03-1990,USA," $22,10,109.31 "," $50,93,535.78 "," $75,82,609.18 "," $13,29,010.57 "," $21,59,989.36 ",7.2,59,30764,278,Bryan Murray,Jennifer Moore," $53,72,499.87 ",243.09%,Hit,Good Performance
579,Mr think full,Thriller,2023,29-03-2023,USA," $20,06,000.95 "," $32,92,940.68 "," $76,23,238.88 "," $9,31,013.94 "," $19,27,358.64 ",8.3,72,2290,858,Hannah Camacho,Brian Gentry," $56,17,237.93 ",280.02%,Hit,Excellent Performance
580,Surface game,Horror,2022,11-09-2022,USA," $17,45,307.20 "," $27,12,067.81 "," $66,63,301.86 "," $7,05,770.84 "," $12,59,304.99 ",6.2,59,57586,163,Tyler Sanchez,Tyler Cooper," $49,17,994.66 ",281.78%,Hit,Good Performance
581,Fire scientist,Drama,2022,18-08-2022,UK," $24,13,086.43 "," $39,73,188.78 "," $89,84,017.29 "," $4,72,556.32 "," $19,80,530.04 ",7.1,97,1687,210,Jennifer Henry,Sydney Jordan," $65,70,930.86 ",272.30%,Hit,Good Performance
582,Address cup,Romance,2016,11-06-2016,UK," $1,44,36,053.38 "," $2,94,25,687.90 "," $5,88,34,164.48 "," $84,41,450.50 "," $1,18,14,404.94 ",6.4,58,69898,18018,Joseph Willis,Jorge Kennedy," $4,43,98,111.10 ",307.55%,Hit,Good Performance
583,City outside,Comedy,2009,24-11-2009,USA," $9,94,506.87 "," $5,41,151.94 "," $12,66,102.81 "," $95,925.83 "," $2,25,218.61 ",7.1,71,10206,3589,Nathan Bolton,Jennifer Hall," $2,71,595.94 ",27.31%,flop,Good Performance
584,Use area many,Drama,2023,21-11-2023,USA," $49,86,615.53 "," $1,08,18,182.35 "," $2,20,01,432.77 "," $24,79,447.99 "," $56,83,582.02 ",5.5,69,22205,173,Melanie Olson,Mckenzie Perez," $1,70,14,817.24 ",341.21%,Hit,Average
585,Hand always,Comedy,2014,13-02-2014,USA," $40,52,703.98 "," $1,13,99,555.34 "," $1,71,49,552.53 "," $28,01,026.66 "," $50,20,310.83 ",6.5,60,743,165,James Wright,Amanda Rivas," $1,30,96,848.55 ",323.16%,Hit,Good Performance
586,Grow president,Romance,1980,07-06-1980,USA," $7,16,739.19 "," $10,30,051.18 "," $20,89,896.45 "," $1,30,804.33 "," $4,18,388.86 ",7.7,79,6610,239,Joshua Morales,Melissa Mcgee," $13,73,157.26 ",191.58%,Hit,Good Performance
587,Increase continue somebody,Action,2011,04-11-2011,USA," $1,96,48,975.13 "," $1,22,88,924.20 "," $2,97,78,444.38 "," $14,04,090.09 "," $51,00,806.02 ",6.2,72,11772,106,Dr. Michael Monroe,Kimberly Smith," $1,01,29,469.25 ",51.55%,flop,Good Performance
588,Model western,Drama,1984,21-05-1984,USA," $7,70,862.63 "," $14,75,169.46 "," $21,73,483.57 "," $1,74,135.93 "," $7,15,239.45 ",8.7,93,2277,208,Anthony Henry,Dominique Aguirre," $14,02,620.94 ",181.95%,Hit,Excellent Performance
589,Bank much,Comedy,2014,02-09-2014,USA," $19,91,278.27 "," $37,66,626.07 "," $72,29,323.75 "," $7,51,542.35 "," $15,89,668.51 ",6.6,62,626,50,Kayla Young,Melissa Lopez," $52,38,045.48 ",263.05%,Hit,Good Performance
590,Red budget nothing,Romance,1980,01-07-1980,India," $66,83,655.18 "," $53,39,486.25 "," $83,95,382.70 "," $10,94,126.98 "," $25,79,523.30 ",6.7,58,3347,3687,Elizabeth Lane,Mark Morris," $17,11,727.52 ",25.61%,flop,Good Performance
591,Floor recent,Romance,1977,21-04-1977,USA," $1,97,65,301.26 "," $3,42,41,087.31 "," $6,89,50,818.38 "," $1,00,16,804.31 "," $2,02,32,809.23 ",4.3,39,5697,971,Anthony Rowland,Monique Harris," $4,91,85,517.12 ",248.85%,Hit,Average
592,Involve produce,Documentary,2015,21-11-2015,USA," $20,72,383.10 "," $50,93,904.77 "," $79,13,856.42 "," $5,26,530.93 "," $28,28,050.11 ",7.6,79,831,100,Christopher Roach,Brenda Wheeler," $58,41,473.32 ",281.87%,Hit,Good Performance
593,Woman tax,Drama,1990,21-04-1990,Canada," $41,34,102.48 "," $41,60,023.62 "," $61,16,478.46 "," $11,78,080.33 "," $17,32,271.13 ",8.8,90,728,79,Rachel Hayes,Lynn Pierce," $19,82,375.98 ",47.95%,flop,Excellent Performance
594,Total enough company,Romance,2016,28-05-2016,USA," $3,25,95,388.58 "," $2,08,79,570.55 "," $3,25,95,388.58 "," $30,37,703.70 "," $1,07,57,755.57 ",6,71,1714,104,Carolyn Schwartz,Jessica Scott, $-   ,0.00%,Break_even,Good Performance
595,Garden prepare both,Drama,2002,18-07-2002,USA," $68,91,344.11 "," $1,15,77,640.73 "," $2,58,74,843.12 "," $28,35,204.08 "," $62,94,590.72 ",7.4,90,1062,149,Abigail Robles,Sandra Spears," $1,89,83,499.01 ",275.47%,Hit,Good Performance
596,Project,Drama,2020,08-08-2020,UK," $1,77,220.72 "," $3,76,174.42 "," $6,15,111.83 "," $66,556.16 "," $1,85,647.81 ",3.9,39,9041,50,Colleen Willis,Cody Peters," $4,37,891.11 ",247.09%,Hit,Average
597,Already mission,Horror,1972,21-03-1972,USA," $42,24,340.89 "," $99,40,701.32 "," $1,78,27,722.21 "," $26,70,470.13 "," $51,93,907.05 ",5.6,63,2626,824,Sean Howard,Veronica Mills," $1,36,03,381.32 ",322.02%,Hit,Average
598,Attorney trade environment,Drama,1997,09-11-1997,USA," $4,92,957.92 "," $3,50,987.22 "," $8,16,009.96 "," $36,367.18 "," $1,55,043.65 ",7.3,76,3936,643,Albert Phillips,Sierra Brooks," $3,23,052.04 ",65.53%,flop,Good Performance
599,Foot doctor under style,Horror,2018,07-02-2018,USA," $79,15,071.02 "," $1,64,06,287.59 "," $3,03,19,805.53 "," $27,15,158.90 "," $82,82,544.46 ",4.5,58,2449,237,Melissa Cohen,Eric Obrien," $2,24,04,734.51 ",283.06%,Hit,Average
600,Director you,Sci-Fi,2001,25-07-2001,USA," $48,11,472.83 "," $91,41,396.29 "," $1,83,57,456.88 "," $19,69,729.76 "," $40,99,059.91 ",8.5,80,37867,1533,Daniel Brown,Christopher Patterson," $1,35,45,984.05 ",281.54%,Hit,Excellent Performance
601,Floor place,Horror,1986,24-04-1986,USA," $1,00,000.00 "," $2,43,686.44 "," $4,42,312.10 "," $51,695.75 "," $1,17,009.54 ",9.5,94,807,8376,Seth Whitehead,Mark Morris," $3,42,312.10 ",342.31%,Hit,Excellent Performance
602,Local medical recent,Action,2018,07-02-2018,USA," $12,00,605.13 "," $13,43,561.80 "," $24,01,219.54 "," $2,94,899.76 "," $7,86,063.67 ",5.5,60,438,501,Chad Peters MD,Dennis Perry," $12,00,614.41 ",100.00%,Hit,Average
603,Look fire scene,Comedy,2022,29-11-2022,USA," $1,93,87,082.30 "," $3,28,19,180.26 "," $7,19,83,899.12 "," $37,79,466.45 "," $1,94,49,989.19 ",5.7,63,7116,4269,Kayla Young,Heather Williams," $5,25,96,816.82 ",271.30%,Hit,Average
604,Federal why boy,Thriller,2000,04-07-2000,USA," $1,58,42,631.87 "," $71,24,496.90 "," $1,58,42,631.87 "," $9,97,995.87 "," $36,53,655.45 ",6.4,73,64025,2624,Brandon Fuller,Alexandra Benitez, $-   ,0.00%,Break_even,Good Performance
605,Second candidate education newspaper,Drama,1964,15-10-1964,USA," $83,50,738.62 "," $44,01,858.84 "," $83,50,738.62 "," $10,47,290.82 "," $26,27,525.83 ",10,87,4439,7592,Amber Anderson,Sheila Dunn, $-   ,0.00%,Break_even,Excellent Performance
606,When,Comedy,1995,20-12-1995,USA," $11,04,858.66 "," $14,63,409.66 "," $29,31,397.83 "," $3,69,344.22 "," $7,81,659.84 ",7.3,58,2376,1136,Judy Walker,Holly Jones," $18,26,539.17 ",165.32%,Hit,Good Performance
607,Officer child phone,Drama,1998,17-01-1998,USA," $1,14,64,511.15 "," $2,04,56,280.63 "," $4,26,10,391.46 "," $21,54,095.40 "," $84,09,601.09 ",5.2,45,8628,4442,Chad Koch,Lorraine White DDS," $3,11,45,880.31 ",271.67%,Hit,Average
608,Social election once,Horror,1991,23-03-1991,USA," $68,00,848.35 "," $71,27,326.11 "," $1,64,35,641.89 "," $10,20,473.22 "," $37,82,770.88 ",6.8,63,901,50,Jeremy Ray,Joshua Walker," $96,34,793.54 ",141.67%,Hit,Good Performance
609,These economy collection success,Action,1975,22-10-1975,USA," $6,58,505.72 "," $6,21,425.59 "," $9,96,612.88 "," $86,092.48 "," $3,04,125.88 ",6,63,15599,50,Karen Smith,Jimmy Miller," $3,38,107.16 ",51.34%,flop,Good Performance
610,Drive everything,Romance,2013,25-09-2013,France," $35,85,503.59 "," $21,95,152.35 "," $54,67,524.29 "," $2,62,974.26 "," $10,09,944.78 ",4.6,45,4142,85,Faith Franklin,Kathryn Stevenson," $18,82,020.70 ",52.49%,flop,Average
611,See agency,Drama,1999,22-12-1999,USA," $1,07,05,250.09 "," $3,05,42,328.80 "," $4,98,79,710.64 "," $35,75,282.11 "," $1,27,86,265.05 ",7.3,56,15590,50,Jonathan Evans,Stephanie Moore," $3,91,74,460.55 ",365.94%,Hit,Good Performance
612,Among development force,Comedy,2016,04-06-2016,USA," $3,14,42,411.89 "," $4,08,17,830.68 "," $8,47,35,099.90 "," $72,97,562.30 "," $1,70,49,712.33 ",7.8,81,11700,50,Patricia Munoz,Monique Harris," $5,32,92,688.01 ",169.49%,Hit,Good Performance
613,Still thus,Horror,1962,22-07-1962,USA," $31,41,411.43 "," $19,61,955.80 "," $31,41,411.43 "," $4,15,842.21 "," $11,34,808.95 ",7.4,70,509,1249,Christopher Roach,Pamela Lopez, $-   ,0.00%,Break_even,Good Performance
614,After offer,Comedy,1999,14-03-1999,USA," $14,34,400.15 "," $8,49,320.68 "," $15,54,187.06 "," $2,15,794.10 "," $4,06,793.77 ",6.2,59,2734,231,Roberto Underwood,Jessica Scott," $1,19,786.91 ",8.35%,flop,Good Performance
615,Gun wear action,Action,2003,18-06-2003,USA," $12,35,021.17 "," $39,32,058.14 "," $60,57,542.27 "," $4,47,273.33 "," $17,54,272.09 ",5.9,50,3969,1431,Brandon Fuller,Chelsea Armstrong," $48,22,521.10 ",390.48%,Hit,Average
616,See,Action,2009,14-02-2009,USA," $36,26,526.99 "," $74,36,596.17 "," $1,59,99,856.72 "," $13,24,263.20 "," $34,90,186.92 ",4.3,45,1102,98,Michael Richards,Christina Buchanan," $1,23,73,329.73 ",341.19%,Hit,Average
617,Benefit teacher,Comedy,1991,25-07-1991,China," $2,24,421.44 "," $2,79,070.74 "," $6,07,453.86 "," $55,302.09 "," $1,66,071.20 ",8.6,71,9944,938,Philip Simmons,Jamie Chavez," $3,83,032.42 ",170.68%,Hit,Excellent Performance
618,Price guy that,Action,2000,22-01-2000,USA," $9,68,188.89 "," $6,72,062.25 "," $9,68,188.89 "," $1,40,474.80 "," $4,00,882.36 ",3.9,54,1579,181,Jessica Singh,Daryl Douglas, $-   ,0.00%,Break_even,Average
619,Deal middle,Romance,2010,08-02-2010,USA," $4,33,88,397.16 "," $5,19,23,346.44 "," $8,79,68,312.67 "," $90,92,886.78 "," $2,82,57,891.67 ",9.4,93,22746,95,Philip Simmons,Danny Kline," $4,45,79,915.51 ",102.75%,Hit,Excellent Performance
620,Ago TV include,Romance,2024,27-08-2024,China," $1,27,76,727.71 "," $1,64,57,305.55 "," $3,97,24,460.02 "," $48,46,006.69 "," $73,95,182.33 ",6.5,73,7473,154,Janice Taylor,Christopher Hurst," $2,69,47,732.31 ",210.91%,Hit,Good Performance
621,Like represent,Action,1971,01-07-1971,USA," $50,21,294.95 "," $1,06,01,231.71 "," $1,60,80,039.61 "," $22,12,889.89 "," $52,89,678.63 ",10,100,1993,698,Suzanne Gonzalez,Daniel Hughes," $1,10,58,744.66 ",220.24%,Hit,Excellent Performance
622,Nor energy,Documentary,2020,28-11-2020,USA," $14,22,874.73 "," $6,22,403.38 "," $14,22,874.73 "," $89,465.11 "," $3,09,409.92 ",5.4,54,9678,144,Albert Phillips,Jamie Cunningham, $-   ,0.00%,Break_even,Average
623,Everybody raise,Thriller,2015,29-09-2015,Germany," $1,30,08,829.01 "," $1,39,91,492.56 "," $2,11,42,299.72 "," $41,97,232.30 "," $68,78,140.49 ",9.2,100,2285,30991,Jason Jones,Sandra Brown," $81,33,470.71 ",62.52%,flop,Excellent Performance
624,Their,Comedy,2002,05-02-2002,USA," $94,60,810.75 "," $87,91,053.38 "," $1,36,08,227.88 "," $17,06,941.98 "," $49,90,554.16 ",7,59,13717,50,Charlotte Williams,Christopher Benson," $41,47,417.13 ",43.84%,flop,Good Performance
625,Pass human,Comedy,1985,14-03-1985,USA," $50,25,755.30 "," $41,16,189.17 "," $90,25,866.53 "," $5,38,347.47 "," $20,45,815.26 ",8.8,95,18348,50,Elizabeth Lane,Greg Ball," $40,00,111.23 ",79.59%,flop,Excellent Performance
626,Much watch cold,Thriller,2014,30-11-2014,USA," $66,88,554.80 "," $71,20,813.47 "," $1,57,93,112.63 "," $7,85,628.72 "," $37,09,511.96 ",6,61,498,9304,Elizabeth Lane,Stephen Clark," $91,04,557.83 ",136.12%,Hit,Good Performance
627,Couple throw,Thriller,2012,16-09-2012,Japan," $26,02,055.02 "," $46,50,234.35 "," $90,12,758.18 "," $13,19,355.26 "," $24,58,246.39 ",5.8,64,1471,2428,Paul Rogers,Peter Sanders," $64,10,703.16 ",246.37%,Hit,Average
628,Culture institution ready,Action,1997,28-11-1997,USA," $4,21,04,986.32 "," $2,45,07,963.71 "," $4,21,04,986.32 "," $50,40,924.79 "," $1,18,66,701.22 ",5.4,41,3402,730,Joshua Morales,Joseph Leon, $-   ,0.00%,Break_even,Average
629,Know throughout world air,Comedy,2024,29-11-2024,USA," $5,25,91,787.68 "," $7,34,20,164.87 "," $15,50,76,942.10 "," $1,82,94,580.17 "," $4,32,71,641.40 ",8.6,77,1635,1664,Roberto Underwood,Alyssa Wolfe," $10,24,85,154.42 ",194.87%,Hit,Excellent Performance
630,School go get,Comedy,1980,17-11-1980,USA," $2,17,96,640.04 "," $1,41,55,163.59 "," $3,02,20,651.21 "," $34,22,885.42 "," $72,12,294.12 ",6.7,66,1608,756,Suzanne Gonzalez,Jeffrey Holloway," $84,24,011.17 ",38.65%,flop,Good Performance
631,Involve model,Comedy,1994,04-02-1994,USA," $22,83,172.89 "," $43,71,585.30 "," $65,58,752.82 "," $8,88,892.08 "," $25,17,332.92 ",4.8,48,24942,1340,Jennifer Miller,John Jones," $42,75,579.93 ",187.26%,Hit,Average
632,Million specific social,Action,2016,12-01-2016,USA," $22,58,403.16 "," $41,07,839.43 "," $69,78,982.71 "," $7,17,344.31 "," $22,57,475.38 ",7.1,68,2640,235,Benjamin Ray,Rebecca Mejia," $47,20,579.55 ",209.02%,Hit,Good Performance
633,Others buy,Drama,1994,04-09-1994,USA," $2,05,80,034.40 "," $1,98,37,964.13 "," $3,56,15,204.26 "," $27,35,572.27 "," $1,09,41,832.99 ",7.7,63,1581,10198,Tyler Sanchez,William Ramirez," $1,50,35,169.86 ",73.06%,flop,Good Performance
634,Everybody control,Drama,1990,14-02-1990,USA," $1,80,58,489.85 "," $2,98,14,117.72 "," $4,84,61,588.52 "," $88,05,464.61 "," $1,36,59,006.31 ",8.5,84,3196,5480,Brian Robinson,Brandon Davidson," $3,04,03,098.67 ",168.36%,Hit,Excellent Performance
635,Cup consider capital,Romance,1991,28-12-1991,USA," $1,25,423.99 "," $3,08,549.20 "," $6,00,466.25 "," $91,646.30 "," $1,51,586.90 ",6.5,66,5487,132,Kristina Moore,Duane Fletcher DDS," $4,75,042.26 ",378.75%,Hit,Good Performance
636,Trade score mention finally,Drama,1969,31-08-1969,USA," $37,51,881.97 "," $1,00,30,150.62 "," $1,52,54,117.29 "," $15,05,529.10 "," $47,87,198.81 ",7.7,88,16617,222,Jordan Orozco,Sydney Jordan," $1,15,02,235.32 ",306.57%,Hit,Good Performance
637,Different way,Horror,2011,29-08-2011,USA," $28,86,636.24 "," $17,56,198.60 "," $42,72,580.68 "," $2,75,504.28 "," $10,25,333.25 ",7.8,75,958,190,Kim Watkins,Julie Hoffman," $13,85,944.44 ",48.01%,flop,Good Performance
638,Smile story research,Sci-Fi,2002,24-07-2002,USA," $1,00,47,835.06 "," $54,93,465.30 "," $1,00,47,835.06 "," $14,04,729.74 "," $32,75,582.56 ",8.3,73,5190,621,Sara Higgins,Ronald Thompson DDS, $-   ,0.00%,Break_even,Excellent Performance
639,On tax,Sci-Fi,1951,30-01-1951,USA," $6,82,545.65 "," $8,70,402.35 "," $21,06,621.28 "," $1,14,630.75 "," $4,59,149.57 ",6.1,59,617,50,Jason Jones,Joshua Willis," $14,24,075.63 ",208.64%,Hit,Good Performance
640,Worry raise,Drama,1992,31-12-1992,USA," $20,46,831.72 "," $25,22,221.03 "," $44,15,778.99 "," $4,00,815.36 "," $12,50,709.88 ",6.1,58,3250,470,Janice Taylor,Valerie Dennis," $23,68,947.27 ",115.74%,Hit,Good Performance
641,Executive pressure,Documentary,1977,04-11-1977,USA," $2,40,87,056.68 "," $5,07,82,054.57 "," $8,83,15,089.71 "," $86,45,689.43 "," $2,95,62,464.46 ",7,66,1497,294,Darrell Carlson,Jeffrey Haley," $6,42,28,033.03 ",266.65%,Hit,Good Performance
642,Instead fact design,Comedy,1979,07-06-1979,USA," $17,25,621.59 "," $42,82,919.20 "," $63,85,888.25 "," $10,45,641.94 "," $25,45,925.29 ",6.2,68,5407,50,Melanie Olson,Lynn Pierce," $46,60,266.66 ",270.06%,Hit,Good Performance
643,Director final,Thriller,2011,11-07-2011,China," $1,00,000.00 "," $50,768.15 "," $1,00,000.00 "," $9,159.99 "," $23,069.16 ",6.2,60,4084,50,William Banks,Jeffrey Smith, $-   ,0.00%,Break_even,Good Performance
644,Show poor,Comedy,2012,03-02-2012,USA," $1,30,77,758.59 "," $95,98,124.23 "," $1,72,28,529.17 "," $13,28,032.60 "," $56,99,279.82 ",4.2,47,4870,50,Brian Robinson,Tami Miranda," $41,50,770.58 ",31.74%,flop,Average
645,Finally including forget,Comedy,2000,01-04-2000,USA," $17,85,606.07 "," $39,53,729.20 "," $65,83,485.28 "," $5,67,818.33 "," $17,85,467.05 ",7.3,88,113634,764,Karen Smith,Stephanie Moore," $47,97,879.21 ",268.70%,Hit,Good Performance
646,Consumer section,Drama,1983,20-10-1983,USA," $90,08,398.42 "," $1,30,54,440.26 "," $2,16,83,032.17 "," $29,56,516.26 "," $59,26,443.86 ",5.8,62,11262,140,Michael Ross,Melissa Cunningham," $1,26,74,633.75 ",140.70%,Hit,Average
647,Read perhaps customer,Drama,1975,08-07-1975,China," $14,61,308.34 "," $12,48,674.02 "," $22,76,379.56 "," $3,08,083.34 "," $5,34,707.42 ",5,57,1635,12211,Michael Ross,Olivia Allen," $8,15,071.22 ",55.78%,flop,Average
648,Per,Thriller,2020,03-10-2020,USA," $56,02,198.81 "," $46,66,530.03 "," $89,18,254.09 "," $5,08,968.21 "," $20,36,435.19 ",6.9,75,12345,1755,Diana Davis,Eric Cooper," $33,16,055.28 ",59.19%,flop,Good Performance
649,Capital room save,Documentary,1996,08-03-1996,Canada," $11,22,827.50 "," $35,97,352.55 "," $52,44,572.76 "," $5,47,623.90 "," $20,56,540.59 ",7.9,84,1600,489,Kristina Moore,Noah Harrison," $41,21,745.26 ",367.09%,Hit,Good Performance
650,Appear certain,Drama,1978,27-04-1978,UK," $60,89,310.14 "," $1,38,70,583.28 "," $2,45,98,717.91 "," $32,06,493.31 "," $81,77,332.04 ",6.8,73,935,451,Karen Smith,Jessica Scott," $1,85,09,407.77 ",303.97%,Hit,Good Performance
651,Piece growth add,Romance,1987,28-06-1987,South Korea," $18,61,141.75 "," $10,94,610.39 "," $18,61,141.75 "," $2,71,083.82 "," $6,47,660.37 ",6.4,60,23609,50,Courtney Reynolds,Becky Dean, $-   ,0.00%,Break_even,Good Performance
652,Class democratic,Action,2003,14-12-2003,USA," $23,00,739.89 "," $27,23,458.92 "," $67,93,883.77 "," $5,01,679.43 "," $11,52,643.49 ",8.7,100,831,525,Denise Horne,Stephanie Ferrell," $44,93,143.88 ",195.29%,Hit,Excellent Performance
653,Eye establish people,Action,2017,26-04-2017,USA," $2,21,23,696.64 "," $2,21,14,050.48 "," $4,66,53,792.00 "," $61,62,174.60 "," $94,52,055.16 ",5.8,58,855,2370,Amanda Cantrell,Andrew Walker PhD," $2,45,30,095.36 ",110.88%,Hit,Average
654,Finish write trouble,Horror,2017,13-04-2017,USA," $3,50,369.96 "," $2,26,903.42 "," $5,44,774.76 "," $51,379.28 "," $1,20,738.14 ",6.8,56,3605,50,Paul Rogers,Elizabeth Shannon," $1,94,404.80 ",55.49%,flop,Good Performance
655,Security exactly,Horror,1991,29-04-1991,USA," $11,14,550.06 "," $4,59,729.67 "," $11,14,550.06 "," $50,107.15 "," $2,49,595.66 ",9.5,88,662,50,Carolyn Schwartz,John Strickland, $-   ,0.00%,Break_even,Excellent Performance
656,Strong property call,Action,2007,13-11-2007,USA," $1,09,27,695.27 "," $55,77,298.75 "," $1,09,27,695.27 "," $9,72,435.18 "," $23,42,228.55 ",5.1,53,6158,92,Francisco Ford,Jamie Cunningham, $-   ,0.00%,Break_even,Average
657,Increase probably blue,Action,1996,30-12-1996,USA," $13,42,840.45 "," $20,81,727.35 "," $34,35,598.41 "," $3,59,244.86 "," $9,02,645.37 ",8.8,71,45548,70,Jacqueline Briggs,Brandon Mcguire," $20,92,757.96 ",155.85%,Hit,Excellent Performance
658,Open base,Documentary,2002,08-12-2002,Japan," $12,25,308.14 "," $15,97,676.55 "," $32,51,437.49 "," $3,50,350.31 "," $8,59,345.68 ",8.5,89,8081,1501,Amanda Cantrell,Jamie Cunningham," $20,26,129.35 ",165.36%,Hit,Excellent Performance
659,Today cold condition,Horror,1958,09-05-1958,USA," $2,28,54,581.28 "," $1,76,06,875.06 "," $2,73,49,701.87 "," $36,02,063.02 "," $1,03,87,652.61 ",7,72,3122,50,Daniel Rivera,Catherine Willis," $44,95,120.59 ",19.67%,flop,Good Performance
660,Whether guy,Drama,2013,01-08-2013,South Korea," $32,65,542.89 "," $22,60,330.41 "," $36,64,873.78 "," $5,47,452.21 "," $12,63,342.69 ",8,76,3743,60,Anthony Rowland,Sharon Riley," $3,99,330.89 ",12.23%,flop,Excellent Performance
661,Half strategy available,Drama,1979,29-04-1979,USA," $1,01,38,191.45 "," $54,06,550.51 "," $1,01,38,191.45 "," $14,78,373.80 "," $27,07,531.34 ",5.6,52,10895,690,Robert Hendricks,Sharon Rodriguez, $-   ,0.00%,Break_even,Average
662,His fly wear,Romance,1993,04-09-1993,India," $15,10,670.89 "," $8,77,276.63 "," $15,10,670.89 "," $88,784.46 "," $3,81,493.59 ",6.5,64,4882,73,Jessica Gonzalez,Tricia Thomas, $-   ,0.00%,Break_even,Good Performance
663,Suggest could,Comedy,1961,29-11-1961,USA," $39,81,790.15 "," $1,09,57,696.70 "," $1,60,32,805.20 "," $32,79,120.36 "," $60,89,766.36 ",6.2,67,28765,250,Michael Chung,Isaiah French," $1,20,51,015.05 ",302.65%,Hit,Good Performance
664,End after about,Drama,2022,15-06-2022,USA," $3,42,35,946.52 "," $1,95,25,150.78 "," $3,42,35,946.52 "," $58,00,198.03 "," $79,22,681.32 ",7.7,62,496,3912,Joshua Morales,Lauren Richards, $-   ,0.00%,Break_even,Good Performance
665,Reduce after,Drama,1999,29-06-1999,Canada," $1,99,14,227.78 "," $93,13,716.26 "," $1,99,14,227.78 "," $20,68,546.92 "," $43,12,120.97 ",8.2,73,2390,132,Melissa Hernandez,Alison Clark, $-   ,0.00%,Break_even,Excellent Performance
666,Family test,Action,2014,11-10-2014,Canada," $3,66,65,751.48 "," $7,03,54,554.81 "," $15,51,84,818.70 "," $1,43,45,915.52 "," $3,96,83,467.49 ",4.8,52,318,533,Rachel Hayes,Miss Jennifer Parsons," $11,85,19,067.22 ",323.24%,Hit,Average
667,Listen mean inside matter,Horror,2013,28-02-2013,France," $2,51,90,641.68 "," $1,21,85,578.09 "," $2,51,90,641.68 "," $20,21,917.71 "," $56,55,337.18 ",7.2,72,2858,187,Kim Watkins,Matthew Simmons, $-   ,0.00%,Break_even,Good Performance
668,Need man,Sci-Fi,1969,22-11-1969,USA," $50,09,383.78 "," $31,83,151.72 "," $50,09,383.78 "," $7,83,713.40 "," $14,50,836.78 ",8.4,85,32581,447,Rachel Hayes,Ryan Hood, $-   ,0.00%,Break_even,Excellent Performance
669,Need art man,Action,2023,04-11-2023,USA," $24,70,072.51 "," $63,68,072.75 "," $1,02,47,850.20 "," $18,12,769.63 "," $32,58,591.94 ",5.4,62,1218,624,David Rosales,Timothy George," $77,77,777.69 ",314.88%,Hit,Average
670,Course now,Action,1995,31-03-1995,Canada," $34,83,522.57 "," $43,12,332.30 "," $80,11,725.44 "," $11,21,708.88 "," $18,22,869.72 ",6.6,73,14789,1852,Brenda Smith,Heather Williams," $45,28,202.87 ",129.99%,Hit,Good Performance
671,Subject dark road,Action,2024,30-04-2024,India," $1,53,552.74 "," $2,87,891.03 "," $4,24,376.16 "," $36,637.09 "," $1,48,831.34 ",6.6,55,14990,806,Diane Skinner,Lisa Castro," $2,70,823.42 ",176.37%,Hit,Good Performance
672,Mrs step,Comedy,1991,09-09-1991,USA," $9,24,54,690.69 "," $4,33,13,882.52 "," $10,17,06,740.50 "," $47,88,164.58 "," $2,54,26,510.55 ",4.2,38,8210,590,Ryan Tate,Christopher Hurst," $92,52,049.81 ",10.01%,flop,Average
673,Maybe this through,Documentary,2010,15-05-2010,USA," $35,05,865.97 "," $1,11,44,151.74 "," $1,72,77,152.92 "," $22,03,482.83 "," $56,37,649.68 ",8.1,78,5111,20178,James Cross,Dalton Johnson," $1,37,71,286.95 ",392.81%,Hit,Excellent Performance
674,More forward under,Drama,1989,15-11-1989,China," $86,90,082.96 "," $65,37,659.50 "," $1,28,15,965.65 "," $17,25,313.88 "," $32,75,655.90 ",6.9,61,3136,1472,Benjamin Ray,Scott Anderson," $41,25,882.69 ",47.48%,flop,Good Performance
675,Pretty administration,Comedy,1965,25-05-1965,Canada," $78,74,426.09 "," $1,23,44,758.26 "," $2,29,22,334.20 "," $13,05,824.38 "," $57,56,722.10 ",9.2,89,760,188,Kevin Green,Anna Vasquez," $1,50,47,908.11 ",191.10%,Hit,Excellent Performance
676,Degree visit note exactly,Thriller,1963,22-06-1963,USA," $1,86,86,902.71 "," $3,54,88,149.86 "," $6,46,73,051.10 "," $1,04,73,896.49 "," $1,46,18,891.31 ",5.7,67,235,279,Lisa Atkins,Miss Jennifer Parsons," $4,59,86,148.39 ",246.09%,Hit,Average
677,Difference improve body,Horror,2010,21-01-2010,USA," $4,48,945.36 "," $8,65,152.64 "," $13,78,461.63 "," $2,43,082.85 "," $3,53,223.04 ",7,63,27807,375,Thomas Peterson,Joseph Gonzalez," $9,29,516.27 ",207.04%,Hit,Good Performance
678,Everyone art,Romance,1969,18-07-1969,USA," $1,20,93,534.24 "," $1,18,44,940.62 "," $1,71,47,388.74 "," $21,60,006.40 "," $53,17,734.42 ",6.2,54,1916,342,Amanda Cantrell,Logan Martin," $50,53,854.50 ",41.79%,flop,Good Performance
679,Real outside again,Comedy,1996,11-11-1996,USA," $2,78,24,003.43 "," $5,99,47,618.14 "," $12,89,35,506.30 "," $65,22,218.85 "," $2,56,14,529.75 ",8,92,1118,50,Jacqueline Briggs,Shawn Washington," $10,11,11,502.87 ",363.40%,Hit,Excellent Performance
680,Happen enough,Horror,2022,26-10-2022,USA," $54,77,206.19 "," $30,50,954.61 "," $54,77,206.19 "," $7,55,918.34 "," $18,01,224.00 ",6.2,61,2172,603,Roberto Underwood,Brooke Stanley, $-   ,0.00%,Break_even,Good Performance
681,Activity fish above,Comedy,1964,29-12-1964,USA," $82,60,531.33 "," $1,12,03,984.52 "," $2,04,91,133.14 "," $13,73,002.98 "," $56,03,145.95 ",7.6,86,140,235,Brandon Fuller,Samantha Vargas," $1,22,30,601.81 ",148.06%,Hit,Good Performance
682,Challenge important,Drama,2022,12-03-2022,USA," $8,89,448.96 "," $22,22,627.02 "," $33,22,091.04 "," $6,10,212.45 "," $12,25,870.81 ",10,100,4648,1274,Denise Horne,Brian Gentry," $24,32,642.08 ",273.50%,Hit,Excellent Performance
683,Coach lay,Horror,2023,30-01-2023,USA," $3,58,36,910.56 "," $4,49,03,754.48 "," $8,39,05,640.42 "," $49,58,703.07 "," $2,36,36,017.54 ",5.1,25,8212,50,Patricia Munoz,Richard Davis," $4,80,68,729.86 ",134.13%,Hit,Average
684,Station investment,Thriller,1957,03-05-1957,USA," $3,18,926.03 "," $8,46,868.29 "," $12,96,381.86 "," $1,75,729.75 "," $4,99,103.23 ",6.6,66,5418,50,Matthew Beck,Brittany James," $9,77,455.83 ",306.48%,Hit,Good Performance
685,Imagine brother,Horror,2025,19-12-2025,Canada," $22,13,020.44 "," $47,39,857.52 "," $95,38,858.04 "," $9,29,084.47 "," $26,74,914.15 ",7.6,91,4032,190,Jeffrey Myers MD,Adam Montes," $73,25,837.60 ",331.03%,Hit,Good Performance
686,Value enough,Action,2021,28-11-2021,USA," $92,02,342.38 "," $1,47,13,323.61 "," $2,27,49,199.36 "," $26,39,941.63 "," $70,66,853.00 ",5.5,64,2687,987,Gary Simmons,Mark Jones," $1,35,46,856.98 ",147.21%,Hit,Average
687,Race professional,Drama,1991,18-10-1991,USA," $2,28,11,046.93 "," $4,86,39,687.13 "," $7,17,11,102.24 "," $88,42,125.57 "," $2,39,02,632.42 ",5.1,40,922,50,Melissa Hernandez,Kristina Krause," $4,89,00,055.31 ",214.37%,Hit,Average
688,Rate now up,Comedy,1977,15-06-1977,USA," $90,43,566.86 "," $2,16,51,386.08 "," $3,19,84,174.09 "," $59,17,614.77 "," $91,97,406.54 ",6.8,59,498,172,Mrs. Hannah Campbell DDS,Jimmy Miller," $2,29,40,607.23 ",253.67%,Hit,Good Performance
689,Gun magazine,Comedy,2003,20-02-2003,USA," $32,40,672.99 "," $27,03,594.62 "," $39,19,847.25 "," $7,35,043.10 "," $12,90,577.91 ",3.6,31,709,88,Donna Hall,Lauren Horton," $6,79,174.26 ",20.96%,flop,Average
690,Institution,Comedy,1993,02-02-1993,USA," $3,77,549.11 "," $2,62,742.49 "," $6,49,692.40 "," $74,429.13 "," $1,50,472.09 ",6.1,60,2576,8332,Thomas Peterson,Sharon Rodriguez," $2,72,143.29 ",72.08%,flop,Good Performance
691,Fish feel,Comedy,1953,17-10-1953,Germany," $23,76,077.04 "," $23,02,995.60 "," $43,16,421.73 "," $4,15,373.07 "," $12,17,470.26 ",5.5,45,1753,8203,Nathan Bolton,Dustin Jackson," $19,40,344.69 ",81.66%,flop,Average
692,Hope guy science,Horror,2002,25-12-2002,USA," $17,99,190.75 "," $35,56,736.33 "," $51,38,208.27 "," $9,42,811.19 "," $16,16,433.80 ",6.6,54,113,4156,Donna Hall,Jamie Cunningham," $33,39,017.52 ",185.58%,Hit,Good Performance
693,Several share season,Romance,2012,15-07-2012,France," $1,24,01,016.69 "," $2,96,59,029.15 "," $4,25,23,529.69 "," $60,30,622.51 "," $1,59,99,879.30 ",6.6,84,2721,2894,Diana Davis,Stephanie Stokes," $3,01,22,513.00 ",242.90%,Hit,Good Performance
694,Difficult beautiful table,Horror,2011,02-04-2011,USA," $2,12,31,345.01 "," $5,71,72,413.69 "," $8,95,08,335.03 "," $64,58,985.72 "," $3,22,89,247.36 ",7.8,97,2118,441,Robin Hooper,Sheila Dunn," $6,82,76,990.02 ",321.59%,Hit,Good Performance
695,Lay anyone,Action,1955,07-02-1955,USA," $5,34,423.56 "," $15,81,884.61 "," $23,48,320.06 "," $4,61,405.98 "," $9,08,378.10 ",8.6,97,5352,3991,Brenda Smith,Christopher Patterson," $18,13,896.50 ",339.41%,Hit,Excellent Performance
696,Perform player argue,Action,2009,22-08-2009,Germany," $24,27,941.04 "," $20,59,419.12 "," $36,73,648.65 "," $5,63,714.96 "," $9,36,165.60 ",6.2,53,2419,768,Jessica Singh,Mckenzie Perez," $12,45,707.61 ",51.31%,flop,Good Performance
697,Group can security line,Comedy,1993,21-07-1993,USA," $47,70,312.20 "," $62,30,860.70 "," $1,39,91,065.72 "," $8,36,115.39 "," $32,98,532.83 ",4.4,43,7965,1079,Nicholas Murphy,Ashley Juarez," $92,20,753.52 ",193.29%,Hit,Average
698,Since close power whatever,Thriller,1988,09-09-1988,Australia," $14,13,093.72 "," $36,44,437.72 "," $62,26,523.45 "," $6,81,873.22 "," $21,51,511.47 ",5.9,55,626,101,Joseph Willis,Ashley Gilmore," $48,13,429.73 ",340.63%,Hit,Average
699,Sign only such,Romance,1994,20-01-1994,India," $2,20,273.53 "," $2,09,258.77 "," $3,94,203.32 "," $56,713.87 "," $1,24,157.40 ",7.2,71,25737,91,Brooke Morales,Jamie Chavez," $1,73,929.79 ",78.96%,flop,Good Performance
700,Tax former,Action,2022,27-07-2022,UK," $52,47,430.46 "," $27,75,328.02 "," $62,12,077.22 "," $5,90,716.95 "," $13,19,582.01 ",7.2,65,3900,68,Crystal Harris,Samantha Vargas," $9,64,646.76 ",18.38%,flop,Good Performance
701,According something become,Sci-Fi,2005,18-07-2005,USA," $14,89,279.96 "," $28,66,479.62 "," $50,24,209.37 "," $5,19,648.19 "," $13,11,368.33 ",4.5,53,1086,250,Janice Taylor,Heather Williams," $35,34,929.41 ",237.36%,Hit,Average
702,Certain partner trial,Action,1956,12-03-1956,USA," $2,16,98,890.48 "," $5,41,30,594.83 "," $8,08,38,631.49 "," $1,24,91,628.97 "," $2,98,88,713.24 ",8.9,100,1213,582,Christian Hernandez,Daniel Thompson," $5,91,39,741.01 ",272.55%,Hit,Excellent Performance
703,Space contain,Drama,2007,18-02-2007,USA," $32,36,706.12 "," $15,83,117.35 "," $33,36,772.16 "," $4,41,991.70 "," $8,66,459.22 ",4.5,48,295,135,Jerry Owens,Mark Morris," $1,00,066.04 ",3.09%,flop,Average
704,These democratic,Drama,1982,02-06-1982,USA," $53,73,621.20 "," $44,53,478.35 "," $68,37,553.75 "," $8,96,931.35 "," $19,91,404.70 ",7.5,65,17217,2080,Vanessa Fox,David Hart," $14,63,932.55 ",27.24%,flop,Good Performance
705,Live really form,Comedy,1984,11-10-1984,USA," $2,77,73,565.87 "," $1,85,20,870.60 "," $3,15,50,287.69 "," $31,15,742.79 "," $81,46,704.78 ",5.6,48,7638,449,Jason Jones,Lorraine White DDS," $37,76,721.82 ",13.60%,flop,Average
706,Town every remember,Thriller,1984,12-06-1984,Australia," $12,10,383.46 "," $5,88,625.77 "," $12,10,383.46 "," $1,71,074.93 "," $2,65,807.80 ",7,60,3000,244,Jeremy Ray,John Perry, $-   ,0.00%,Break_even,Good Performance
707,Candidate,Comedy,2019,06-04-2019,USA," $7,88,074.06 "," $21,24,863.39 "," $35,21,223.37 "," $2,22,236.03 "," $12,15,772.81 ",8.2,82,12757,548,Julie Maxwell,Danny Kline," $27,33,149.31 ",346.81%,Hit,Excellent Performance
708,Learn community,Thriller,1975,18-08-1975,Canada," $6,41,080.74 "," $16,11,731.31 "," $25,70,334.28 "," $2,44,007.33 "," $6,52,004.80 ",4.9,54,20732,161,David Morris,Leonard Contreras," $19,29,253.54 ",300.94%,Hit,Average
709,Threat range,Action,1990,22-04-1990,Germany," $50,51,300.30 "," $67,86,158.24 "," $1,00,92,420.34 "," $8,63,483.59 "," $29,07,234.32 ",9.1,97,17301,834,Ryan Tate,David Castillo," $50,41,120.04 ",99.80%,flop,Excellent Performance
710,Care knowledge,Action,2012,19-03-2012,India," $4,86,208.91 "," $7,62,517.70 "," $17,69,611.28 "," $1,81,493.58 "," $3,41,105.67 ",7.5,77,83530,3262,Daniel Brown,Nathan Nelson," $12,83,402.37 ",263.96%,Hit,Good Performance
711,How both,Comedy,1982,10-04-1982,USA," $5,89,653.84 "," $11,35,729.20 "," $24,15,974.97 "," $2,98,529.06 "," $4,84,871.52 ",5.3,35,4162,352,Michael Chung,Cindy Barnes," $18,26,321.13 ",309.73%,Hit,Average
712,Chair interest education,Horror,1983,16-11-1983,USA," $21,79,651.80 "," $12,47,959.90 "," $31,14,346.60 "," $1,77,630.07 "," $7,22,330.78 ",5.7,61,3358,1343,Seth Whitehead,David Martin," $9,34,694.80 ",42.88%,flop,Average
713,Professional job security,Drama,2011,22-02-2011,USA," $30,93,752.07 "," $48,83,197.61 "," $83,74,253.64 "," $8,55,606.14 "," $22,93,255.23 ",8.8,87,3524,50,Sophia Gomez,Lynn Pierce," $52,80,501.57 ",170.68%,Hit,Excellent Performance
714,Pm wind,Drama,2004,20-03-2004,USA," $5,08,741.06 "," $4,58,674.37 "," $9,36,531.66 "," $68,630.20 "," $2,26,459.15 ",7.9,87,274,50,Chad Peters MD,Kathy Marshall," $4,27,790.60 ",84.09%,flop,Good Performance
715,Growth,Drama,1963,26-09-1963,USA," $11,23,099.16 "," $18,54,080.35 "," $33,01,746.42 "," $4,38,651.47 "," $9,05,486.06 ",6.7,87,712,2833,David Hall,Lawrence Thomas," $21,78,647.26 ",193.99%,Hit,Good Performance
716,Environmental million,Comedy,2024,31-07-2024,USA," $40,55,244.20 "," $27,31,536.26 "," $40,55,244.20 "," $4,57,680.85 "," $16,02,473.69 ",6.6,55,100,4836,James Cross,Dennis Perry, $-   ,0.00%,Break_even,Good Performance
717,Tax left,Drama,2020,14-11-2020,USA," $45,44,200.42 "," $22,41,306.38 "," $45,44,200.42 "," $2,99,103.89 "," $10,85,766.66 ",7.1,73,4834,82,Robin Hooper,Stephanie Stokes, $-   ,0.00%,Break_even,Good Performance
718,Event else,Horror,2011,08-05-2011,India," $31,63,436.07 "," $55,46,970.18 "," $96,34,978.33 "," $5,89,800.09 "," $26,16,757.88 ",4.6,43,1794,828,Thomas Peterson,Teresa Santos PhD," $64,71,542.26 ",204.57%,Hit,Average
719,Nice piece near,Action,2016,24-06-2016,USA," $71,59,658.00 "," $57,82,619.17 "," $1,32,28,873.57 "," $8,41,293.81 "," $34,62,271.23 ",6.9,66,100,398,Andrew Chambers,Deanna Johnson," $60,69,215.57 ",84.77%,flop,Good Performance
720,Record road fine,Drama,1987,24-02-1987,USA," $36,07,676.99 "," $22,03,333.76 "," $42,40,719.29 "," $4,18,221.21 "," $11,58,339.25 ",6.8,71,3438,1267,Karen Robinson,Samantha Vargas," $6,33,042.30 ",17.55%,flop,Good Performance
721,Country firm student air,Thriller,2000,23-07-2000,USA," $29,09,398.19 "," $25,80,940.12 "," $59,90,947.94 "," $4,75,619.35 "," $12,95,622.20 ",8.4,68,18487,158,Adam Brown,John Jones," $30,81,549.75 ",105.92%,Hit,Excellent Performance
722,Concern citizen economy,Action,2004,06-02-2004,USA," $45,97,759.73 "," $28,41,751.52 "," $45,97,759.73 "," $8,08,392.46 "," $12,95,255.63 ",4.6,47,424,1378,Rachel Hayes,Lynn Pierce, $-   ,0.00%,Break_even,Average
723,Store send maybe,Horror,1995,02-03-1995,USA," $8,98,343.76 "," $18,32,506.97 "," $41,33,263.85 "," $2,90,969.16 "," $10,92,339.73 ",2.8,19,2438,543,Ashley Medina,Ashley French," $32,34,920.09 ",360.10%,Hit,Average
724,Without to,Action,2013,15-04-2013,USA," $2,01,34,544.42 "," $4,09,83,611.83 "," $7,40,25,322.49 "," $93,83,132.92 "," $2,19,23,035.57 ",7.5,86,5469,244,James Miller,Trevor Lee," $5,38,90,778.07 ",267.65%,Hit,Good Performance
725,May question father,Comedy,2009,27-11-2009,USA," $1,93,83,530.93 "," $1,01,52,319.01 "," $1,93,83,530.93 "," $14,99,713.22 "," $41,64,666.66 ",5.8,42,923,275,Christopher Roach,Mark Smith, $-   ,0.00%,Break_even,Average
726,Gas account memory,Drama,2018,20-10-2018,USA," $11,67,257.16 "," $23,84,112.84 "," $52,40,112.10 "," $3,14,132.71 "," $9,71,174.18 ",6.2,58,843,495,Robert Hendricks,Sarah Nelson," $40,72,854.94 ",348.93%,Hit,Good Performance
727,Energy next,Horror,2008,02-10-2008,USA," $1,00,000.00 "," $1,23,881.95 "," $2,46,369.40 "," $30,055.03 "," $73,953.14 ",7.9,66,857,50,Judy Walker,Nicole Morales," $1,46,369.40 ",146.37%,Hit,Good Performance
728,Increase move seat,Drama,1991,02-07-1991,USA," $1,70,605.60 "," $3,39,759.68 "," $5,92,362.04 "," $80,627.03 "," $2,01,204.56 ",4.7,60,57764,507,David Charles,Douglas Bullock," $4,21,756.44 ",247.21%,Hit,Average
729,Without to,Thriller,1987,13-05-1987,USA," $25,22,008.92 "," $48,50,434.11 "," $77,84,481.08 "," $7,56,674.86 "," $26,76,604.40 ",6.2,78,17666,317,Thomas Peterson,Robin Dawson," $52,62,472.16 ",208.66%,Hit,Good Performance
730,Shoulder project see,Sci-Fi,2018,31-08-2018,USA," $58,06,901.54 "," $60,55,433.76 "," $1,26,09,818.54 "," $16,72,790.84 "," $25,35,936.26 ",6.3,57,3213,444,Jeffrey Myers MD,Jeffrey Smith," $68,02,917.00 ",117.15%,Hit,Good Performance
731,Lead option,Comedy,2006,27-03-2006,USA," $5,76,171.40 "," $4,00,513.46 "," $5,76,171.40 "," $1,15,558.82 "," $1,62,482.35 ",7.3,60,4377,50,Alyssa Adams,Darren Jones, $-   ,0.00%,Break_even,Good Performance
732,Response information,Action,2012,25-05-2012,USA," $1,00,000.00 "," $1,14,358.72 "," $1,94,777.29 "," $31,786.25 "," $49,080.58 ",6.5,70,9400,1520,Elizabeth Lane,Adam Williams," $94,777.29 ",94.78%,flop,Good Performance
733,Spend government,Romance,2001,13-03-2001,USA," $91,66,980.51 "," $1,79,35,560.84 "," $3,92,50,741.18 "," $32,72,350.64 "," $82,55,172.43 ",8.2,81,26505,74,Jennifer Henry,Holly Jones," $3,00,83,760.67 ",328.18%,Hit,Excellent Performance
734,Chance skin tell,Drama,2013,20-04-2013,China," $10,44,016.97 "," $5,68,334.44 "," $10,44,016.97 "," $1,00,256.20 "," $2,86,997.18 ",5.9,50,5517,50,Nathan Bolton,Sandra Brown, $-   ,0.00%,Break_even,Average
735,Drug wish,Action,2018,17-10-2018,USA," $1,21,47,809.47 "," $1,29,37,916.22 "," $2,36,22,331.58 "," $25,27,090.67 "," $63,79,310.47 ",6,55,654,388,Benjamin Hudson,Sharon Brady," $1,14,74,522.11 ",94.46%,flop,Good Performance
736,Type Congress,Drama,1997,07-04-1997,USA," $2,71,015.36 "," $3,44,786.68 "," $6,92,450.91 "," $59,636.80 "," $1,62,549.61 ",7.2,70,2966,50,Karen Robinson,Brian Rodriguez," $4,21,435.55 ",155.50%,Hit,Good Performance
737,They to,Romance,2002,09-07-2002,India," $39,06,032.24 "," $50,53,687.50 "," $73,07,379.86 "," $10,40,106.25 "," $28,65,514.36 ",5.8,45,4438,441,Vanessa Fox,Jeffrey Jenkins," $34,01,347.62 ",87.08%,flop,Average
738,Parent determine part,Thriller,2025,11-03-2025,USA," $13,72,980.38 "," $30,68,900.84 "," $58,89,411.98 "," $8,40,760.88 "," $14,58,991.47 ",8.1,91,1359,726,Paul Rogers,John Jones," $45,16,431.60 ",328.95%,Hit,Excellent Performance
739,Another already draw,Action,2012,21-12-2012,India," $5,36,191.25 "," $2,89,718.63 "," $5,66,535.38 "," $80,722.28 "," $1,48,241.11 ",7.6,64,3952,50,Jacqueline Briggs,Laura Wilson," $30,344.13 ",5.66%,flop,Good Performance
740,Any,Comedy,1987,12-08-1987,USA," $9,42,054.86 "," $6,22,166.79 "," $9,42,054.86 "," $1,63,459.81 "," $3,13,065.40 ",6.9,44,598,644,Mr. Drew Clark Jr.,Joseph Contreras, $-   ,0.00%,Break_even,Good Performance
741,Down yourself grow street,Thriller,2020,01-05-2020,USA," $55,70,898.12 "," $1,17,88,574.07 "," $1,75,91,846.81 "," $14,79,281.29 "," $67,04,668.43 ",5.9,65,13206,421,Crystal Harris,Ashley Juarez," $1,20,20,948.69 ",215.78%,Hit,Average
742,Network head,Drama,1995,13-03-1995,USA," $1,64,76,322.39 "," $5,19,97,926.21 "," $7,97,03,601.14 "," $1,21,05,544.29 "," $2,69,41,576.68 ",6.2,60,9709,593,Benjamin Hudson,Melissa Cain," $6,32,27,278.75 ",383.75%,Hit,Good Performance
743,Community young hit,Drama,2017,31-07-2017,USA," $1,97,537.57 "," $1,75,429.30 "," $3,19,355.27 "," $29,768.03 "," $97,976.72 ",6.4,53,555,726,Jessica Singh,Nicholas Richards," $1,21,817.70 ",61.67%,flop,Good Performance
744,Choose still serve,Action,2000,04-10-2000,USA," $28,63,749.11 "," $85,60,535.70 "," $1,38,74,329.27 "," $10,91,239.29 "," $42,64,533.05 ",5.6,55,100,800,Kim Watkins,Brenda Guerrero," $1,10,10,580.16 ",384.48%,Hit,Average
745,Probably behavior,Comedy,2023,07-10-2023,USA," $2,53,61,657.14 "," $8,54,86,670.09 "," $12,26,32,429.10 "," $1,12,24,767.02 "," $4,72,64,326.26 ",9,92,1377,6399,Tracy Tucker,Tyler Cooper," $9,72,70,771.96 ",383.53%,Hit,Excellent Performance
746,Forget study some,Thriller,2011,26-04-2011,South Korea," $23,76,142.35 "," $47,98,929.48 "," $1,07,99,123.28 "," $9,02,043.38 "," $19,52,446.86 ",5.8,63,7254,515,Renee Campbell,Rodney Smith," $84,22,980.93 ",354.48%,Hit,Average
747,Pressure and,Sci-Fi,1996,12-08-1996,Japan," $26,86,852.52 "," $41,00,747.12 "," $82,89,127.56 "," $8,49,409.97 "," $17,86,753.75 ",7.3,77,3805,2109,Michael Chung,Tricia Thomas," $56,02,275.04 ",208.51%,Hit,Good Performance
748,Throw sea find,Horror,2023,30-11-2023,USA," $31,23,270.55 "," $30,40,180.48 "," $72,57,791.47 "," $3,11,369.46 "," $16,10,097.50 ",5.2,57,6955,976,Ryan Tate,Melissa Mcgee," $41,34,520.92 ",132.38%,Hit,Average
749,End,Horror,2000,18-03-2000,USA," $28,15,104.76 "," $18,66,616.10 "," $39,52,557.60 "," $5,56,963.10 "," $8,19,062.74 ",6.8,76,1080,195,Jennifer Willis,Scott Anderson," $11,37,452.84 ",40.41%,flop,Good Performance
750,Approach behavior discover,Sci-Fi,2000,31-05-2000,USA," $5,96,880.26 "," $18,02,786.87 "," $29,39,452.61 "," $5,25,672.66 "," $9,43,576.67 ",6.4,60,30366,226,Melissa Hernandez,Brandon Davidson," $23,42,572.35 ",392.47%,Hit,Good Performance
751,So staff,Drama,1991,21-08-1991,USA," $6,05,444.20 "," $16,42,428.97 "," $28,78,272.93 "," $3,26,191.63 "," $7,34,200.96 ",5.4,70,3320,1355,Jacqueline Briggs,Marc Vasquez," $22,72,828.73 ",375.40%,Hit,Average
752,So stuff,Horror,2000,14-02-2000,Australia," $4,52,081.44 "," $4,61,369.57 "," $9,66,738.85 "," $82,357.55 "," $2,39,057.19 ",7.2,75,19857,49756,Daniel Brown,Patrick Barnett," $5,14,657.41 ",113.84%,Hit,Good Performance
753,Entire daughter,Drama,1982,27-02-1982,USA," $1,38,19,060.23 "," $2,38,88,068.58 "," $4,27,19,854.49 "," $33,58,739.55 "," $1,31,33,061.46 ",6.9,63,1162,237,Ashley Medina,Teresa Santos PhD," $2,89,00,794.26 ",209.14%,Hit,Good Performance
754,Pay hit beyond,Drama,1969,17-06-1969,USA," $77,90,916.87 "," $71,78,700.06 "," $1,49,71,338.19 "," $20,06,189.81 "," $42,15,793.03 ",5.6,62,896,1284,Kayla Young,John Sullivan," $71,80,421.32 ",92.16%,flop,Average
755,Firm lot,Action,2019,13-03-2019,Germany," $41,83,631.04 "," $1,00,27,320.67 "," $1,88,12,914.09 "," $19,06,067.83 "," $51,32,812.20 ",6.1,68,11399,152794,Courtney Reynolds,Brandon Mcguire," $1,46,29,283.05 ",349.68%,Hit,Good Performance
756,Beautiful human church,Comedy,2024,19-11-2024,USA," $9,58,059.18 "," $20,61,737.10 "," $32,92,800.50 "," $4,83,637.27 "," $8,76,223.69 ",6,73,361,10898,Michelle Collins,Jeffrey Sharp," $23,34,741.32 ",243.69%,Hit,Good Performance
757,Far investment risk,Action,2021,26-06-2021,USA," $14,17,231.73 "," $34,70,044.16 "," $63,21,713.60 "," $6,70,305.24 "," $14,38,195.34 ",6.1,58,4119,262,Seth Whitehead,Jason Mercer," $49,04,481.87 ",346.06%,Hit,Good Performance
758,From Republican maybe you,Thriller,1976,24-06-1976,UK," $2,00,594.57 "," $2,83,264.16 "," $6,53,676.03 "," $42,639.23 "," $1,23,221.43 ",8.8,93,6135,11693,Jeremy Ray,Samantha Vargas," $4,53,081.46 ",225.87%,Hit,Excellent Performance
759,National small including,Action,2015,03-06-2015,USA," $5,32,306.20 "," $8,08,240.34 "," $15,75,952.70 "," $1,40,325.34 "," $3,90,991.18 ",5.7,47,4832,893,Julie Maxwell,Stephanie Stokes," $10,43,646.50 ",196.06%,Hit,Average
760,Study full war,Romance,2020,28-12-2020,Australia," $1,51,60,479.03 "," $3,53,21,017.30 "," $5,36,82,995.97 "," $63,24,872.07 "," $1,86,33,328.43 ",7.6,44,2048,412,Charles Lopez,Becky Kerr," $3,85,22,516.94 ",254.10%,Hit,Good Performance
761,So concern feeling rich,Comedy,1964,04-01-1964,USA," $44,22,743.31 "," $49,08,633.48 "," $1,05,00,640.65 "," $8,30,937.64 "," $28,31,366.13 ",6.6,59,1712,1302,Benjamin Ray,Ronald Herrera," $60,77,897.34 ",137.42%,Hit,Good Performance
762,Gun firm,Comedy,1956,20-07-1956,USA," $22,45,405.48 "," $23,89,017.20 "," $46,05,075.96 "," $2,89,920.51 "," $12,98,101.58 ",6.2,62,160,2930,Faith Franklin,Miss Jennifer Parsons," $23,59,670.48 ",105.09%,Hit,Good Performance
763,Compare edge,Thriller,2017,30-10-2017,Australia," $2,48,25,698.45 "," $1,70,69,628.60 "," $2,48,25,698.45 "," $43,26,859.65 "," $81,77,798.00 ",7,55,14389,1350,Caitlin Brewer,Becky Dean, $-   ,0.00%,Break_even,Good Performance
764,Deep draw record,Sci-Fi,2009,06-05-2009,USA," $24,30,228.73 "," $27,81,284.27 "," $43,75,803.10 "," $2,82,360.58 "," $14,85,046.65 ",5.4,62,1379,1839,Chad Peters MD,Mary Wolfe," $19,45,574.37 ",80.06%,flop,Average
765,Science Republican floor six,Action,2009,29-10-2009,USA," $40,61,702.97 "," $38,44,581.75 "," $79,53,966.40 "," $9,66,240.12 "," $22,44,835.19 ",4.7,34,2573,2539,Diana Davis,Johnathan Chen," $38,92,263.43 ",95.83%,flop,Average
766,Amount style win,Documentary,1984,08-12-1984,USA," $3,42,55,610.23 "," $3,38,76,231.41 "," $7,04,94,638.18 "," $59,09,633.76 "," $1,55,25,173.42 ",6,58,906,1946,Robert Webster,Teresa Santos PhD," $3,62,39,027.95 ",105.79%,Hit,Good Performance
767,Institution present contain sort,Horror,1961,07-05-1961,USA," $83,90,837.34 "," $1,73,55,774.80 "," $3,09,68,183.56 "," $41,17,468.18 "," $70,88,088.45 ",6.2,56,1605,1032,Renee Campbell,Monica Nelson MD," $2,25,77,346.22 ",269.07%,Hit,Good Performance
768,Wish save,Horror,1985,29-03-1985,India," $16,05,812.15 "," $24,19,146.22 "," $36,78,291.78 "," $4,33,856.30 "," $12,64,979.37 ",7.9,71,2071,4717,Robert Hendricks,Andrew Lyons," $20,72,479.63 ",129.06%,Hit,Good Performance
769,Free at hold,Romance,2010,30-08-2010,USA," $27,23,115.03 "," $72,27,520.82 "," $1,08,83,046.75 "," $16,52,579.83 "," $40,26,286.62 ",7,93,492,295,Matthew Beck,Alexander Haley," $81,59,931.72 ",299.65%,Hit,Good Performance
770,Film word if meeting,Comedy,1974,10-04-1974,South Korea," $8,64,249.00 "," $20,13,854.26 "," $36,56,301.35 "," $4,54,498.43 "," $10,18,967.21 ",7.6,77,10859,103,Donna Hall,Joseph Contreras," $27,92,052.35 ",323.06%,Hit,Good Performance
771,His fly wear,Action,2007,09-05-2007,USA," $54,91,377.08 "," $32,34,914.39 "," $54,91,377.08 "," $6,00,991.31 "," $14,56,601.61 ",5.7,59,1520,739,Bryan Murray,Shawna Bryant, $-   ,0.00%,Break_even,Average
772,Issue me fly,Comedy,2008,30-04-2008,USA," $14,85,497.53 "," $24,70,874.97 "," $36,70,644.53 "," $5,02,094.58 "," $12,63,406.58 ",6.7,82,2551,50,James Cross,John Perry," $21,85,147.00 ",147.10%,Hit,Good Performance
773,Learn race maintain,Action,1962,01-06-1962,USA," $3,45,34,807.77 "," $10,28,56,648.00 "," $15,46,51,055.40 "," $1,19,69,801.20 "," $4,42,87,721.74 ",6.8,51,789,50,James Miller,Samuel Wyatt," $12,01,16,247.63 ",347.81%,Hit,Good Performance
774,Family before decide,Comedy,2007,29-03-2007,UK," $19,28,725.37 "," $46,48,442.48 "," $78,83,840.57 "," $13,80,406.67 "," $19,07,917.43 ",5.6,69,10293,39361,Troy Cochran,Melissa Cunningham," $59,55,115.20 ",308.76%,Hit,Average
775,Specific your consumer,Action,2006,30-07-2006,China," $28,91,170.76 "," $79,79,816.16 "," $1,26,48,579.44 "," $9,86,079.56 "," $33,27,015.62 ",5.5,62,2216,3747,Renee Campbell,Kimberly Johnson," $97,57,408.68 ",337.49%,Hit,Average
776,Citizen movie year,Sci-Fi,2013,23-02-2013,USA," $11,96,620.74 "," $25,34,926.15 "," $45,10,319.27 "," $3,17,910.19 "," $12,37,148.69 ",6.7,85,1852,8220,Jessica Singh,Trevor Lee," $33,13,698.53 ",276.92%,Hit,Good Performance
777,According assume figure,Drama,1968,13-04-1968,USA," $1,39,861.98 "," $1,67,599.46 "," $2,55,661.59 "," $38,664.05 "," $87,678.97 ",7.3,56,4522,1774,Brooke Morales,Stephanie Ferrell," $1,15,799.61 ",82.80%,flop,Good Performance
778,Term stage central,Thriller,2005,12-01-2005,USA," $86,92,324.90 "," $1,90,77,954.18 "," $3,70,48,500.66 "," $48,54,930.48 "," $79,81,003.08 ",7.5,64,100,1645,Anthony Henry,Paige Gonzalez," $2,83,56,175.76 ",326.22%,Hit,Good Performance
779,Would,Thriller,2021,24-10-2021,USA," $1,05,33,241.03 "," $2,38,90,939.98 "," $3,99,35,757.57 "," $41,83,280.91 "," $1,24,80,155.38 ",8.1,79,3465,94,Chad Peters MD,Jeffrey Smith," $2,94,02,516.54 ",279.14%,Hit,Excellent Performance
780,Why team program,Thriller,2019,17-07-2019,USA," $10,07,883.00 "," $32,37,500.96 "," $47,54,327.58 "," $3,28,896.66 "," $17,48,158.64 ",8.3,96,16523,50,Kimberly Barker,Jorge Thompson," $37,46,444.58 ",371.71%,Hit,Excellent Performance
781,She bag,Thriller,2017,22-09-2017,USA," $1,52,12,687.84 "," $67,58,457.02 "," $1,52,12,687.84 "," $10,08,772.72 "," $40,05,043.87 ",7.8,89,516,1508,Kim Watkins,Samantha Sanders, $-   ,0.00%,Break_even,Good Performance
782,Rather glass determine,Horror,2017,04-04-2017,Australia," $37,95,943.09 "," $58,06,092.99 "," $1,23,26,584.23 "," $11,62,242.52 "," $32,39,283.99 ",7.4,76,1872,3202,David Lee,Richard Miller," $85,30,641.14 ",224.73%,Hit,Good Performance
783,Skill,Thriller,1996,29-06-1996,Japan," $4,82,53,281.57 "," $5,51,78,264.46 "," $13,32,99,062.90 "," $93,81,742.61 "," $3,10,32,157.72 ",7.8,82,2595,1417,Barbara Torres,Dalton Johnson," $8,50,45,781.33 ",176.25%,Hit,Good Performance
784,Still thus,Comedy,1987,07-03-1987,UK," $5,48,833.64 "," $14,19,412.02 "," $20,29,463.26 "," $2,53,794.01 "," $7,51,785.21 ",6.9,51,3079,197,Karen Barrett,Dalton Johnson," $14,80,629.62 ",269.78%,Hit,Good Performance
785,Expect heavy smile,Comedy,2002,24-10-2002,USA," $29,91,840.14 "," $47,59,286.57 "," $1,16,39,253.05 "," $4,79,893.02 "," $19,71,032.57 ",5.5,33,960,570,Karen Smith,Tami Miranda," $86,47,412.91 ",289.03%,Hit,Average
786,Look,Drama,1985,21-01-1985,USA," $20,75,161.11 "," $28,95,681.85 "," $45,58,914.94 "," $7,05,131.97 "," $16,20,752.59 ",6.2,58,3072,5363,Lori Callahan,Melissa Mcgee," $24,83,753.83 ",119.69%,Hit,Good Performance
787,Opportunity hotel mention,Horror,2022,18-10-2022,Australia," $31,58,350.83 "," $40,03,492.56 "," $68,62,044.15 "," $11,05,450.63 "," $22,43,117.34 ",6.8,62,2339,129,David Lee,Mark Smith," $37,03,693.32 ",117.27%,Hit,Good Performance
788,Someone,Thriller,1950,15-10-1950,USA," $48,42,933.22 "," $76,23,593.19 "," $1,21,91,668.17 "," $19,29,274.05 "," $32,00,145.86 ",6.1,61,2344,703,Christian Hernandez,Robert Reynolds," $73,48,734.95 ",151.74%,Hit,Good Performance
789,Thing analysis wrong magazine,Documentary,2017,16-04-2017,India," $1,00,000.00 "," $1,67,625.70 "," $2,47,281.26 "," $25,207.46 "," $84,543.90 ",6.6,51,282,314,Brian Robinson,Ashley Pena," $1,47,281.26 ",147.28%,Hit,Good Performance
790,Again since suffer,Drama,1984,03-12-1984,USA," $24,97,134.02 "," $40,58,914.17 "," $71,01,247.65 "," $8,52,465.34 "," $21,99,357.14 ",8,87,4676,612,Sharon Wilson,Eric Perry," $46,04,113.63 ",184.38%,Hit,Excellent Performance
791,Be whose way,Horror,1980,03-08-1980,USA," $18,90,646.51 "," $14,38,165.02 "," $20,55,475.59 "," $3,44,416.62 "," $7,74,496.21 ",7.1,79,413,50,Denise Horne,David Castillo," $1,64,829.08 ",8.72%,flop,Good Performance
792,Else off,Action,1994,31-08-1994,USA," $1,56,32,161.02 "," $1,52,90,661.78 "," $3,65,48,065.39 "," $39,95,388.90 "," $73,48,879.89 ",4.1,48,1967,1127,Nathan Bolton,Daryl Douglas," $2,09,15,904.37 ",133.80%,Hit,Average
793,Operation maintain today,Thriller,1993,26-12-1993,USA," $5,54,273.69 "," $9,25,060.11 "," $14,02,866.29 "," $1,36,595.47 "," $5,50,826.11 ",6.4,79,1528,5937,Chad Peters MD,Jeffrey Jenkins," $8,48,592.60 ",153.10%,Hit,Good Performance
794,Bad baby write,Action,2003,20-02-2003,USA," $57,35,045.10 "," $87,71,122.45 "," $1,40,77,954.39 "," $11,57,683.29 "," $47,43,507.70 ",5.5,71,5046,863,Francisco Ford,Melissa Morales," $83,42,909.29 ",145.47%,Hit,Average
795,Hope,Action,2020,14-11-2020,USA," $21,33,437.19 "," $51,22,279.89 "," $1,03,10,722.96 "," $10,73,479.46 "," $27,98,976.65 ",6.9,73,5868,10864,Jennifer Miller,Cindy Barnes," $81,77,285.77 ",383.29%,Hit,Good Performance
796,Onto rise,Thriller,1952,29-09-1952,USA," $8,45,280.57 "," $18,82,323.38 "," $37,01,521.14 "," $3,16,443.90 "," $11,01,053.60 ",4.5,54,12753,2137,Darlene Murphy,Nicholas Richards," $28,56,240.57 ",337.90%,Hit,Average
797,Individual or likely option,Drama,2001,01-06-2001,USA," $62,95,714.00 "," $98,55,921.23 "," $1,82,00,045.10 "," $24,08,789.02 "," $57,28,444.29 ",3.5,38,3898,94,Christopher Roach,Alexander Haley," $1,19,04,331.10 ",189.09%,Hit,Average
798,Thousand baby,Drama,2010,26-11-2010,USA," $1,30,68,903.22 "," $2,98,41,849.49 "," $5,81,74,379.91 "," $89,19,145.23 "," $1,65,31,902.09 ",7.7,92,274,50,Darrell Carlson,Miranda Armstrong," $4,51,05,476.69 ",345.14%,Hit,Good Performance
799,Address line arm,Romance,1998,01-08-1998,USA," $25,19,539.17 "," $24,17,156.89 "," $51,67,784.67 "," $4,78,517.34 "," $14,43,057.44 ",8.2,76,744,659,Hannah Camacho,Douglas Davis," $26,48,245.50 ",105.11%,Hit,Excellent Performance
800,Argue operation,Drama,1987,13-06-1987,USA," $16,34,593.15 "," $30,11,833.03 "," $66,01,759.09 "," $4,07,763.98 "," $12,93,205.79 ",5.4,60,13809,153,William Walker,Nicholas Williamson," $49,67,165.94 ",303.88%,Hit,Average
801,Under deep situation,Thriller,1996,31-08-1996,USA," $20,20,483.80 "," $27,48,268.89 "," $61,04,755.27 "," $4,43,090.04 "," $13,73,277.14 ",7.9,58,578,6185,Gary Simmons,William Prince," $40,84,271.47 ",202.14%,Hit,Good Performance
802,Then tough,Action,1998,21-01-1998,Japan," $32,62,078.07 "," $60,87,310.26 "," $1,51,85,109.60 "," $17,31,411.93 "," $25,40,549.43 ",6.7,70,237,343,Adriana Campbell,Jeffrey Holloway," $1,19,23,031.53 ",365.50%,Hit,Good Performance
803,Dream when,Documentary,1985,25-12-1985,USA," $1,98,875.14 "," $3,15,687.96 "," $6,03,941.31 "," $42,934.60 "," $1,45,386.59 ",5.3,42,20494,303,Michael Chung,Jeffrey Holloway," $4,05,066.17 ",203.68%,Hit,Average
804,Reach,Romance,2017,03-04-2017,USA," $36,40,593.19 "," $56,66,522.42 "," $1,19,18,489.51 "," $14,52,009.40 "," $22,69,379.32 ",7.8,77,15480,2672,Lisa Atkins,Amanda Lawson," $82,77,896.32 ",227.38%,Hit,Good Performance
805,Process several accept,Drama,1970,25-02-1970,UK," $36,48,955.31 "," $76,68,874.60 "," $1,56,58,875.91 "," $15,75,019.12 "," $45,27,609.19 ",6.5,58,6585,50,Sharon Wilson,Robert Walker," $1,20,09,920.60 ",329.13%,Hit,Good Performance
806,Whose ten,Drama,1996,15-05-1996,USA," $4,75,16,790.74 "," $14,20,20,281.50 "," $20,67,32,091.50 "," $1,59,14,081.18 "," $7,60,20,790.10 ",6.4,63,532,454,Kayla Young,Jeffrey Sharp," $15,92,15,300.76 ",335.07%,Hit,Good Performance
807,Community imagine,Comedy,2024,04-11-2024,USA," $4,33,59,706.26 "," $7,71,81,118.25 "," $12,21,26,174.30 "," $82,10,786.60 "," $4,46,37,648.64 ",6,67,7264,1100,Colleen Willis,Chad Santiago," $7,87,66,468.04 ",181.66%,Hit,Good Performance
808,Maybe of,Drama,2019,09-07-2019,Japan," $1,32,87,451.45 "," $1,45,72,677.83 "," $3,44,57,692.72 "," $35,81,674.26 "," $66,67,183.32 ",6.8,83,2631,74,Jennifer Willis,Shawna Bryant," $2,11,70,241.27 ",159.33%,Hit,Good Performance
809,Foot doctor under style,Action,1985,15-07-1985,USA," $68,71,092.23 "," $1,03,98,359.83 "," $2,16,10,143.35 "," $12,18,549.67 "," $41,75,013.41 ",5.7,35,9406,704,Tara Underwood,John Strickland," $1,47,39,051.12 ",214.51%,Hit,Average
810,Fight life positive,Drama,2025,11-12-2025,USA," $29,25,727.46 "," $17,05,203.10 "," $29,25,727.46 "," $2,84,333.80 "," $8,01,093.38 ",7.6,74,11518,39739,David Perez,Jessica Scott, $-   ,0.00%,Break_even,Good Performance
811,Section major,Comedy,1996,13-10-1996,Australia," $38,31,461.98 "," $57,21,122.44 "," $92,12,895.29 "," $11,72,425.24 "," $31,74,788.12 ",4,34,2226,1457,Jennifer Atkinson,Sandra Brown," $53,81,433.31 ",140.45%,Hit,Average
812,Suffer two,Drama,2013,16-03-2013,USA," $4,77,21,023.71 "," $10,20,27,603.50 "," $18,03,02,080.60 "," $2,65,89,600.86 "," $4,23,12,782.05 ",8.6,93,1708,66,Roberto Underwood,Jamie Chavez," $13,25,81,056.89 ",277.83%,Hit,Excellent Performance
813,Nice piece near,Drama,2014,08-03-2014,USA," $2,51,81,123.18 "," $1,66,89,199.09 "," $2,51,81,123.18 "," $35,06,530.27 "," $75,09,553.51 ",4.9,57,47154,319,Melissa Cohen,Brenda Wheeler, $-   ,0.00%,Break_even,Average
814,Personal agent low,Sci-Fi,1999,08-09-1999,Canada," $1,10,35,288.76 "," $69,89,357.81 "," $1,10,35,288.76 "," $9,07,565.35 "," $36,60,101.67 ",6.8,62,9403,50,Benjamin Ray,Brandon Green, $-   ,0.00%,Break_even,Good Performance
815,So staff,Comedy,2022,22-03-2022,USA," $87,90,833.95 "," $44,90,156.25 "," $87,90,833.95 "," $7,94,333.25 "," $22,46,927.95 ",7.7,100,30284,78,Karen Smith,Christina Buchanan, $-   ,0.00%,Break_even,Good Performance
816,Figure my painting,Action,2001,31-08-2001,USA," $69,08,962.27 "," $64,07,485.63 "," $93,58,553.90 "," $15,53,877.29 "," $35,18,456.14 ",5.1,28,1265,86,Kimberly Barker,Tracy Williams," $24,49,591.63 ",35.46%,flop,Average
817,When list she politics,Documentary,2020,30-07-2020,South Korea," $7,26,551.06 "," $11,19,620.08 "," $24,48,810.40 "," $1,14,134.21 "," $5,87,021.83 ",6,51,6746,2681,Joshua Baker,Christopher Patterson," $17,22,259.34 ",237.05%,Hit,Good Performance
818,Challenge parent than,Action,2025,04-07-2025,USA," $18,41,051.41 "," $32,37,132.89 "," $56,10,086.22 "," $6,30,618.20 "," $18,93,159.59 ",4.7,38,16552,62,Benjamin Ray,Sandra Brown," $37,69,034.81 ",204.72%,Hit,Average
819,City outside,Thriller,2010,30-12-2010,UK," $33,77,926.00 "," $94,48,732.11 "," $1,56,68,570.83 "," $27,83,635.20 "," $38,15,477.38 ",7.9,72,1612,2630,Jeremy Davis,Patricia Keller," $1,22,90,644.83 ",363.85%,Hit,Good Performance
820,Laugh rest six,Thriller,2011,19-12-2011,China," $16,61,468.66 "," $46,76,287.62 "," $79,30,102.59 "," $7,81,701.05 "," $22,88,990.99 ",5.5,48,1416,2292,Michael Ross,Dominique Aguirre," $62,68,633.93 ",377.29%,Hit,Average
821,Like old,Action,2009,14-07-2009,USA," $75,22,134.17 "," $52,35,786.06 "," $75,22,134.17 "," $13,71,960.66 "," $30,74,214.61 ",3.5,31,1843,61,Judy Walker,Jonathan Lee, $-   ,0.00%,Break_even,Average
822,Speech,Comedy,1998,04-08-1998,USA," $8,01,978.26 "," $21,16,940.14 "," $38,70,057.81 "," $5,10,476.99 "," $10,18,156.49 ",7.2,60,9165,3831,David Lee,Kathryn Hunt," $30,68,079.55 ",382.56%,Hit,Good Performance
823,Skill,Comedy,1996,15-12-1996,UK," $57,09,304.72 "," $1,46,32,535.55 "," $2,30,39,563.34 "," $16,03,353.62 "," $74,72,109.91 ",6.9,75,24517,719,Jeremy Davis,John Strickland," $1,73,30,258.62 ",303.54%,Hit,Good Performance
824,Position of nation,Comedy,1962,06-01-1962,UK," $12,24,212.81 "," $28,91,704.71 "," $48,90,137.17 "," $5,65,298.25 "," $12,76,511.52 ",1.9,28,3259,2747,Albert Phillips,Isaiah French," $36,65,924.36 ",299.45%,Hit,Average
825,Approach consumer front,Drama,1959,27-05-1959,USA," $42,87,019.96 "," $21,78,419.19 "," $42,87,019.96 "," $2,51,038.26 "," $11,61,903.53 ",9.2,89,228,21266,Melissa Hernandez,William Washington, $-   ,0.00%,Break_even,Excellent Performance
826,Get mean show,Documentary,2006,09-08-2006,India," $97,14,172.31 "," $67,71,722.56 "," $97,14,172.31 "," $13,32,197.26 "," $33,98,422.85 ",5.3,52,40336,218,Michael Manning,Kimberly Ramirez, $-   ,0.00%,Break_even,Average
827,Safe adult price,Documentary,2025,15-12-2025,USA," $41,31,061.51 "," $60,93,719.96 "," $1,10,87,746.20 "," $16,45,787.34 "," $32,85,321.76 ",5.7,50,1372,50,Suzanne Gonzalez,Marissa Pena," $69,56,684.69 ",168.40%,Hit,Average
828,Short always,Comedy,2024,31-05-2024,USA," $2,18,57,206.53 "," $6,44,88,814.86 "," $10,80,83,462.90 "," $78,09,201.75 "," $2,76,67,181.52 ",2,2,4756,50,Karen Smith,Amy Gomez," $8,62,26,256.37 ",394.50%,Hit,Average
829,Pay light season truth,Drama,1971,09-09-1971,USA," $1,16,57,864.98 "," $2,68,38,316.73 "," $4,39,18,584.98 "," $63,11,606.00 "," $1,50,68,856.46 ",8.3,81,1637,50,Shannon Ross,Patrick Barnett," $3,22,60,720.00 ",276.73%,Hit,Excellent Performance
830,Smile couple,Comedy,1994,03-01-1994,USA," $77,16,206.92 "," $73,29,520.59 "," $1,32,07,509.96 "," $18,80,758.91 "," $35,21,921.85 ",5.7,52,14566,8214,Mr. Jorge Anderson,Greg Ball," $54,91,303.04 ",71.17%,flop,Average
831,Plant discuss theory believe,Drama,1961,13-02-1961,USA," $33,84,037.07 "," $23,83,066.82 "," $43,61,420.97 "," $4,45,245.07 "," $13,86,345.62 ",5.7,59,24591,243,Amanda Montgomery,Sherry Turner," $9,77,383.90 ",28.88%,flop,Average
832,Worry marriage number,Drama,2009,20-03-2009,USA," $2,94,036.77 "," $6,50,270.91 "," $12,18,548.79 "," $99,683.64 "," $3,25,658.45 ",8.2,61,2706,654,Brenda Smith,Becky Dean," $9,24,512.02 ",314.42%,Hit,Excellent Performance
833,Let mouth,Action,2007,24-01-2007,USA," $14,82,482.30 "," $9,29,305.15 "," $14,82,482.30 "," $1,19,660.45 "," $5,54,273.52 ",8.1,76,3256,1396,Vanessa Fox,Lynn Pierce, $-   ,0.00%,Break_even,Excellent Performance
834,Century mouth,Drama,2013,04-03-2013,Canada," $10,62,186.40 "," $24,91,821.41 "," $52,16,566.58 "," $6,45,768.09 "," $12,67,316.87 ",5,54,1360,50,Megan Sharp,Brandi Moon," $41,54,380.18 ",391.12%,Hit,Average
835,White class reduce,Comedy,2016,08-12-2016,USA," $6,67,17,338.38 "," $6,76,91,539.62 "," $13,58,36,955.70 "," $1,98,62,774.39 "," $2,80,39,414.62 ",7.1,88,18631,1019,Ashley Medina,Diane Jacobs," $6,91,19,617.32 ",103.60%,Hit,Good Performance
836,Another face,Comedy,1970,01-11-1970,France," $1,19,887.34 "," $3,09,022.59 "," $5,89,249.44 "," $85,625.35 "," $1,71,240.94 ",5.2,61,760,194,Vanessa Fox,Melissa Mcgee," $4,69,362.10 ",391.50%,Hit,Average
837,See rise,Comedy,1988,07-06-1988,Canada," $30,86,745.67 "," $67,95,004.04 "," $1,35,25,829.30 "," $7,35,697.77 "," $27,29,551.31 ",7.7,72,4827,284,Terry Lawrence,Nicholas Richards," $1,04,39,083.63 ",338.19%,Hit,Good Performance
838,Own,Action,2007,08-02-2007,USA," $2,60,801.64 "," $6,65,423.50 "," $11,20,452.85 "," $77,835.49 "," $3,14,005.01 ",7.9,58,1574,17083,Brian Robinson,Robert Garcia," $8,59,651.21 ",329.62%,Hit,Good Performance
839,Expert theory step,Action,1999,19-09-1999,USA," $19,53,285.44 "," $54,72,511.00 "," $97,22,178.49 "," $15,66,419.06 "," $29,42,106.44 ",7.3,64,1648,636,Charlotte Williams,Alexandra Benitez," $77,68,893.05 ",397.73%,Hit,Good Performance
840,Itself grow return police,Drama,1977,01-07-1977,USA," $33,73,569.54 "," $50,33,390.47 "," $87,99,614.88 "," $11,86,935.93 "," $30,03,570.95 ",8.1,68,1526,6381,Nathan Bolton,Ashley Pena," $54,26,045.34 ",160.84%,Hit,Excellent Performance
841,Stay reveal,Drama,2002,11-04-2002,USA," $37,26,113.45 "," $38,27,086.46 "," $61,71,509.81 "," $10,74,060.24 "," $20,18,073.32 ",3.3,25,985,244,Jessica Gonzalez,Lorraine White DDS," $24,45,396.36 ",65.63%,flop,Average
842,Something history,Comedy,1997,05-03-1997,USA," $1,56,62,139.42 "," $1,87,86,953.20 "," $2,81,85,527.82 "," $30,42,474.37 "," $83,90,903.20 ",5.6,62,8181,202,Kayla Young,Catherine Willis," $1,25,23,388.40 ",79.96%,flop,Average
843,Ever treat,Documentary,1969,20-09-1969,USA," $3,06,53,730.72 "," $5,34,92,542.60 "," $12,90,39,951.20 "," $1,29,34,815.33 "," $2,52,77,782.31 ",5.3,42,1247,591,Jeremy Ray,Derek Jones," $9,83,86,220.48 ",320.96%,Hit,Average
844,Play establish,Drama,1974,25-04-1974,USA," $9,11,390.68 "," $15,85,990.02 "," $38,04,203.53 "," $1,91,566.34 "," $7,10,875.32 ",5.3,51,1451,50,Judy Walker,Jason Ramos," $28,92,812.85 ",317.41%,Hit,Average
845,Control sell fast,Drama,1977,23-07-1977,USA," $10,20,063.70 "," $4,94,691.17 "," $10,20,063.70 "," $86,156.54 "," $2,20,642.23 ",6.7,72,14924,253,Alyssa Adams,Casey Lloyd, $-   ,0.00%,Break_even,Good Performance
846,Positive once,Drama,2012,08-10-2012,Japan," $10,10,063.24 "," $6,40,306.94 "," $14,12,759.45 "," $73,614.66 "," $2,67,123.32 ",4.8,51,14013,130,Chad Koch,Daryl Douglas," $4,02,696.21 ",39.87%,flop,Average
847,According parent,Drama,1998,28-02-1998,France," $15,64,303.64 "," $35,51,023.65 "," $69,72,689.18 "," $4,34,556.26 "," $17,82,668.86 ",5,35,2651,237,Tara Underwood,Tricia Thomas," $54,08,385.54 ",345.74%,Hit,Average
848,Challenge important,Comedy,2020,14-12-2020,UK," $1,37,685.80 "," $90,152.43 "," $1,79,395.27 "," $23,626.10 "," $52,974.73 ",6.6,67,40831,707,Jason Jones,Meghan Mcintosh," $41,709.47 ",30.29%,flop,Good Performance
849,Air wrong,Drama,1982,03-04-1982,USA," $41,51,248.26 "," $1,18,43,689.48 "," $1,73,29,807.53 "," $23,29,138.06 "," $51,81,263.01 ",8,66,3507,914,Troy Cochran,Jonathan Lee," $1,31,78,559.27 ",317.46%,Hit,Excellent Performance
850,Model live,Drama,1965,20-11-1965,USA," $18,77,554.68 "," $50,13,160.51 "," $80,53,564.80 "," $7,27,651.26 "," $25,19,130.52 ",7.2,47,1242,75,Karen Smith,Greg Ball," $61,76,010.12 ",328.94%,Hit,Good Performance
851,Performance else data conference,Horror,1978,28-06-1978,USA," $5,51,514.12 "," $11,77,241.54 "," $27,43,888.62 "," $2,01,102.63 "," $4,76,344.37 ",7.7,77,479,10188,Kristina Moore,Trevor Lee," $21,92,374.50 ",397.52%,Hit,Good Performance
852,Design teacher administration,Thriller,1997,15-09-1997,USA," $36,61,457.83 "," $53,57,486.35 "," $1,04,25,053.91 "," $12,41,051.64 "," $25,04,044.71 ",4.1,50,4136,374,Eric Ramirez,Terry Martinez," $67,63,596.08 ",184.72%,Hit,Average
853,Run foreign,Romance,2020,10-08-2020,USA," $49,45,853.76 "," $84,47,452.40 "," $1,59,34,098.63 "," $19,79,268.24 "," $45,62,201.16 ",6.8,75,442,50,Jeremy Ray,Amber Willis," $1,09,88,244.87 ",222.17%,Hit,Good Performance
854,Smile deal investment pay,Documentary,1988,03-02-1988,USA," $45,25,858.41 "," $72,80,642.94 "," $1,14,39,726.09 "," $9,36,849.49 "," $34,10,542.66 ",6.4,56,503,331,Jennifer Miller,Ashley Reeves," $69,13,867.68 ",152.76%,Hit,Good Performance
855,Center identify,Drama,1989,25-07-1989,India," $1,86,986.66 "," $5,41,717.25 "," $7,85,972.52 "," $1,12,196.93 "," $2,64,467.12 ",7,63,2600,4080,Jacqueline Briggs,Greg Ball," $5,98,985.86 ",320.34%,Hit,Good Performance
856,Research join,Sci-Fi,2018,26-03-2018,USA," $21,25,292.54 "," $24,94,832.67 "," $50,28,518.98 "," $3,33,247.92 "," $10,36,084.99 ",7.2,75,14123,4317,Hannah Camacho,Kristina Krause," $29,03,226.44 ",136.60%,Hit,Good Performance
857,Country picture,Comedy,1996,01-05-1996,France," $21,39,965.86 "," $52,54,727.46 "," $77,95,168.93 "," $13,92,878.09 "," $31,31,336.60 ",5.9,47,1211,2804,Karen Smith,Joshua Walker," $56,55,203.07 ",264.27%,Hit,Average
858,Help base,Horror,2003,16-10-2003,USA," $1,89,78,593.16 "," $2,76,77,717.59 "," $3,97,21,883.15 "," $71,78,917.77 "," $1,26,18,624.75 ",3.2,26,263,4532,Adam Brown,Thomas Sims," $2,07,43,289.99 ",109.30%,Hit,Average
859,Current successful,Romance,2017,03-02-2017,USA," $5,49,751.51 "," $7,38,987.09 "," $13,15,936.55 "," $1,54,075.86 "," $3,31,812.13 ",5.5,52,427,2298,Hannah Camacho,Melissa Lopez," $7,66,185.04 ",139.37%,Hit,Average
860,Prepare yet take,Action,1992,26-08-1992,USA," $67,64,658.29 "," $33,06,409.27 "," $67,64,658.29 "," $7,14,510.04 "," $15,99,152.75 ",5.5,38,876,13876,Barbara Torres,Andrea Bowers, $-   ,0.00%,Break_even,Average
861,Take operation,Drama,2005,05-09-2005,China," $2,17,28,195.37 "," $4,29,24,092.15 "," $7,50,84,607.79 "," $96,99,936.09 "," $1,81,51,060.21 ",6.5,70,12291,2055,Francisco Ford,Timothy James," $5,33,56,412.42 ",245.56%,Hit,Good Performance
862,Second,Comedy,1989,17-10-1989,USA," $2,98,50,674.85 "," $4,21,78,209.06 "," $6,74,07,473.21 "," $74,98,666.81 "," $1,93,88,651.66 ",6.4,79,4690,50,Terry Lawrence,Kelly Horn," $3,75,56,798.36 ",125.82%,Hit,Good Performance
863,Court discuss almost,Horror,2008,23-09-2008,USA," $1,04,57,663.99 "," $64,97,474.19 "," $1,11,72,809.03 "," $16,99,849.78 "," $34,94,659.68 ",5.8,50,919,439,Suzanne Gonzalez,Douglas Bullock," $7,15,145.04 ",6.84%,flop,Average
864,Weight budget,Documentary,1977,29-10-1977,Canada," $6,34,772.45 "," $3,33,760.48 "," $6,34,772.45 "," $93,118.23 "," $1,72,912.26 ",5,65,1555,1434,Kristina Moore,Holly Jones, $-   ,0.00%,Break_even,Average
865,Teacher those,Thriller,2015,22-07-2015,USA," $17,77,904.83 "," $46,42,089.69 "," $82,80,213.85 "," $12,38,052.21 "," $23,33,505.91 ",5.4,61,8075,709,Michael Ross,Nicholas Williamson," $65,02,309.02 ",365.73%,Hit,Average
866,Candidate attorney level sure,Romance,1999,24-03-1999,USA," $10,55,76,736.60 "," $9,63,51,330.75 "," $19,88,52,255.90 "," $1,33,72,474.76 "," $5,47,82,962.99 ",7.2,80,368,10690,David Perez,Jeffrey Sharp," $9,32,75,519.30 ",88.35%,flop,Good Performance
867,Bed land there,Drama,1959,23-04-1959,USA," $65,74,739.92 "," $39,87,871.82 "," $65,74,739.92 "," $5,32,454.19 "," $15,97,818.54 ",5.1,36,9748,859,James Wright,Mark Jones, $-   ,0.00%,Break_even,Average
868,Sit receive,Comedy,1998,11-10-1998,USA," $5,33,12,831.10 "," $5,12,68,117.55 "," $9,65,96,489.19 "," $78,26,596.83 "," $3,00,88,855.47 ",5.6,69,3015,262,Maria Lane,Brian Gentry," $4,32,83,658.09 ",81.19%,flop,Average
869,Computer concern,Thriller,2024,06-02-2024,USA," $12,91,428.69 "," $7,36,037.69 "," $12,91,428.69 "," $1,17,112.30 "," $4,41,100.79 ",4.3,36,3627,50,Karen Robinson,Peter Sanders, $-   ,0.00%,Break_even,Average
870,Note six though,Drama,1999,29-08-1999,USA," $14,95,451.21 "," $12,33,932.33 "," $17,98,780.39 "," $2,34,016.76 "," $5,08,599.40 ",5.8,61,913,424,Amanda Cantrell,Mark Morris," $3,03,329.18 ",20.28%,flop,Average
871,Option budget themselves professional,Drama,1981,11-07-1981,USA," $2,17,547.09 "," $4,16,623.69 "," $6,18,111.55 "," $95,591.42 "," $2,42,106.55 ",5.8,59,8480,240,Joshua Baker,Sandra Farmer," $4,00,564.46 ",184.13%,Hit,Average
872,Shake,Documentary,1969,30-05-1969,Canada," $22,37,390.18 "," $42,74,505.36 "," $68,47,983.36 "," $5,81,478.31 "," $19,09,767.22 ",10,92,16483,3385,Karen Barrett,Cindy Barnes," $46,10,593.18 ",206.07%,Hit,Excellent Performance
873,Major follow series,Comedy,2025,17-10-2025,USA," $1,15,43,452.22 "," $78,05,581.10 "," $1,15,43,452.22 "," $22,40,785.12 "," $37,20,677.84 ",5.3,63,774,1183,James Miller,Kristina Krause, $-   ,0.00%,Break_even,Average
874,Officer child phone,Thriller,1974,11-10-1974,USA," $1,95,992.01 "," $94,113.24 "," $1,95,992.01 "," $25,487.82 "," $51,151.98 ",6.2,65,6358,50,Brooke Morales,Sharon Riley, $-   ,0.00%,Break_even,Good Performance
875,Throw over,Drama,1976,28-06-1976,USA," $49,18,415.93 "," $1,58,06,748.75 "," $2,36,60,489.07 "," $29,24,038.08 "," $65,98,630.18 ",6.1,56,8436,1253,Tracy Tucker,Kathryn Stevenson," $1,87,42,073.14 ",381.06%,Hit,Good Performance
876,Various clearly,Action,1987,19-01-1987,UK," $1,09,19,791.86 "," $3,18,45,051.13 "," $5,11,59,107.22 "," $66,94,962.64 "," $1,79,36,792.46 ",7.3,80,5018,69,Barbara Torres,Adam Williams," $4,02,39,315.36 ",368.50%,Hit,Good Performance
877,Bar kind right,Drama,1992,20-11-1992,USA," $4,36,063.61 "," $6,80,361.82 "," $13,41,344.22 "," $1,16,384.62 "," $3,23,693.42 ",7.4,49,6176,50,Michael Ross,Patricia Keller," $9,05,280.61 ",207.60%,Hit,Good Performance
878,Production thank,Horror,1964,05-07-1964,France," $15,10,60,204.60 "," $15,56,95,387.40 "," $36,84,84,285.70 "," $2,75,65,681.16 "," $7,71,33,292.60 ",6.5,58,263,50,David Hall,Jessica Scott," $21,74,24,081.10 ",143.93%,Hit,Good Performance
879,Sign other,Documentary,1999,26-11-1999,USA," $12,40,826.94 "," $30,00,200.42 "," $55,39,914.21 "," $8,81,478.41 "," $16,78,880.60 ",3.7,45,6440,966,Troy Cochran,Jennifer Hall," $42,99,087.27 ",346.47%,Hit,Average
880,Join song,Action,1988,12-03-1988,USA," $1,13,37,277.58 "," $1,78,85,693.00 "," $3,56,70,419.57 "," $32,34,864.70 "," $91,34,654.35 ",5,58,1547,549,Oscar Santos,Cameron Pineda," $2,43,33,141.99 ",214.63%,Hit,Average
881,Fish feel,Drama,2017,08-08-2017,USA," $3,63,169.81 "," $1,83,631.17 "," $4,41,573.09 "," $31,139.95 "," $88,783.34 ",6.4,59,10235,50,Jacqueline Briggs,Jamie Cunningham," $78,403.28 ",21.59%,flop,Good Performance
882,Page institution someone,Documentary,1975,22-08-1975,USA," $24,35,713.02 "," $21,50,332.57 "," $33,41,520.58 "," $4,22,198.70 "," $9,73,096.35 ",8.2,85,905,50,Roberto Underwood,Christina Jones," $9,05,807.56 ",37.19%,flop,Excellent Performance
883,Prevent truth,Romance,2013,14-05-2013,Australia," $8,65,669.69 "," $3,67,473.08 "," $8,65,669.69 "," $78,305.95 "," $1,77,772.50 ",3.9,39,215,3598,Gary Simmons,Diane Jacobs, $-   ,0.00%,Break_even,Average
884,Throw,Action,2008,20-11-2008,USA," $3,57,243.95 "," $3,73,815.47 "," $9,05,449.32 "," $92,412.47 "," $1,54,793.12 ",8,100,4380,720,Suzanne Gonzalez,Eric Cooper," $5,48,205.37 ",153.45%,Hit,Excellent Performance
885,First day exactly,Horror,1960,31-01-1960,USA," $5,35,477.89 "," $3,05,774.69 "," $5,35,477.89 "," $75,258.90 "," $1,28,324.49 ",5.7,44,12166,769,Thomas Peterson,Alison Clark, $-   ,0.00%,Break_even,Average
886,Time level,Drama,2011,08-03-2011,USA," $32,78,302.11 "," $57,12,049.28 "," $95,73,763.96 "," $13,47,450.09 "," $24,81,804.48 ",8.2,77,3422,1535,Dr. Jonathan Long,Morgan King," $62,95,461.85 ",192.03%,Hit,Excellent Performance
887,Conference region,Drama,2001,31-05-2001,USA," $2,54,82,007.85 "," $3,70,52,516.37 "," $8,12,46,941.83 "," $63,56,866.83 "," $1,76,32,831.53 ",8,78,664,689,Benjamin Ray,Casey Collins," $5,57,64,933.98 ",218.84%,Hit,Excellent Performance
888,Go summer,Thriller,2008,04-10-2008,USA," $2,48,49,327.67 "," $3,62,04,692.64 "," $8,24,48,937.95 "," $1,00,74,016.12 "," $2,04,93,632.52 ",4.9,43,833,568,Sophia Gomez,Christopher Green," $5,75,99,610.28 ",231.80%,Hit,Average
889,Final thank key,Comedy,1977,27-05-1977,USA," $85,27,234.53 "," $1,39,08,051.29 "," $2,97,10,796.09 "," $30,65,642.72 "," $69,22,978.31 ",6.3,57,1178,651,Susan Farley,Russell Martin," $2,11,83,561.56 ",248.42%,Hit,Good Performance
890,Window difference maybe,Sci-Fi,2015,07-04-2015,USA," $4,87,796.70 "," $4,59,061.52 "," $9,83,029.83 "," $89,249.98 "," $2,21,146.30 ",6.8,77,172,456,Roberto Underwood,Trevor Lee," $4,95,233.13 ",101.52%,Hit,Good Performance
891,Increase probably blue,Comedy,2013,15-10-2013,USA," $30,00,00,000.00 "," $20,82,85,840.90 "," $41,43,83,360.90 "," $4,77,36,294.49 "," $8,66,73,643.12 ",8,81,342,2023,Terry Lawrence,Christopher Tucker," $11,43,83,360.90 ",38.13%,flop,Excellent Performance
892,Lot operation,Romance,2002,19-02-2002,USA," $3,62,542.85 "," $6,38,354.88 "," $10,85,163.55 "," $67,807.94 "," $2,78,208.22 ",8.2,95,831,332,Rachel Hayes,Ronald Herrera," $7,22,620.70 ",199.32%,Hit,Excellent Performance
893,Walk,Action,2015,31-12-2015,USA," $1,20,91,628.48 "," $2,08,58,316.85 "," $4,33,16,301.87 "," $51,62,442.52 "," $1,02,12,421.74 ",7.2,67,230,537,Tyler Sanchez,Brandon Mcguire," $3,12,24,673.39 ",258.23%,Hit,Good Performance
894,Such employee,Action,1952,04-11-1952,China," $29,83,320.36 "," $19,30,817.83 "," $30,00,872.41 "," $3,61,347.41 "," $11,32,935.66 ",9.4,96,1375,473,John Jones,Brittany James," $17,552.05 ",0.59%,flop,Excellent Performance
895,Common see,Comedy,1954,26-06-1954,USA," $4,68,684.71 "," $2,37,130.45 "," $4,68,684.71 "," $70,115.50 "," $1,19,484.81 ",9.4,100,16315,1293,Joshua Baker,Terry Martinez, $-   ,0.00%,Break_even,Excellent Performance
896,Official possible,Drama,2024,11-04-2024,USA," $2,85,705.83 "," $3,58,110.24 "," $5,41,388.85 "," $73,507.34 "," $2,04,111.10 ",7.9,99,5834,3362,Michael Manning,Sierra Brooks," $2,55,683.02 ",89.49%,flop,Good Performance
897,They music,Comedy,2011,29-11-2011,UK," $2,28,67,580.91 "," $1,24,69,277.07 "," $2,76,52,060.03 "," $17,09,995.58 "," $66,50,998.49 ",8.2,81,626,996,Brenda Smith,Robert Reynolds," $47,84,479.12 ",20.92%,flop,Excellent Performance
898,Hotel possible,Thriller,1990,19-12-1990,UK," $8,27,148.36 "," $16,44,546.81 "," $39,55,446.90 "," $4,38,525.64 "," $6,64,069.12 ",5.4,40,8241,631,David Perez,Kristy Faulkner," $31,28,298.54 ",378.20%,Hit,Average
899,Action,Action,2014,18-04-2014,USA," $37,88,455.58 "," $33,31,486.68 "," $49,48,206.90 "," $9,20,762.38 "," $16,04,411.54 ",8.6,94,203,122,David Charles,Krystal Cross," $11,59,751.32 ",30.61%,flop,Excellent Performance
900,Company,Horror,2025,22-02-2025,Canada," $37,16,194.82 "," $18,71,908.02 "," $40,19,069.64 "," $3,09,399.84 "," $9,60,986.30 ",4.4,46,708,50,Carolyn Schwartz,Kimberly Smith," $3,02,874.82 ",8.15%,flop,Average
901,Fire defense painting,Comedy,1971,15-12-1971,USA," $11,33,397.13 "," $30,76,621.08 "," $53,90,423.47 "," $7,61,267.33 "," $16,26,333.62 ",4.1,43,1097,216,Mr. Drew Clark Jr.,Mckenzie Perez," $42,57,026.34 ",375.60%,Hit,Average
902,Network head,Drama,2003,02-05-2003,UK," $6,66,004.78 "," $6,10,127.38 "," $9,34,245.12 "," $1,11,037.98 "," $2,68,942.80 ",7,78,2799,844,Maria Lane,Carolyn Calhoun," $2,68,240.34 ",40.28%,flop,Good Performance
903,Break his white,Documentary,1978,15-04-1978,USA," $37,43,070.25 "," $37,29,175.47 "," $79,80,786.01 "," $4,45,608.43 "," $16,47,369.69 ",7.6,69,339,314,James Miller,Catherine Rogers," $42,37,715.76 ",113.21%,Hit,Good Performance
904,Real personal sign arm,Thriller,1962,10-10-1962,USA," $87,72,604.13 "," $85,75,619.52 "," $1,26,72,343.20 "," $8,61,402.56 "," $35,73,210.36 ",7.6,78,14955,14931,Paul Rogers,Ashley Gilmore," $38,99,739.07 ",44.45%,flop,Good Performance
905,Door network,Action,2025,13-05-2025,USA," $36,96,868.79 "," $38,76,370.85 "," $60,06,141.48 "," $8,97,670.59 "," $22,85,488.67 ",6.9,68,201,13024,Sophia Gomez,Sandra Spears," $23,09,272.69 ",62.47%,flop,Good Performance
906,Subject environment,Drama,1992,16-06-1992,UK," $56,32,605.63 "," $28,30,694.42 "," $56,32,605.63 "," $3,96,262.10 "," $12,96,171.00 ",5.9,75,48331,12316,Carolyn Schwartz,Mary Wolfe, $-   ,0.00%,Break_even,Average
907,Country,Comedy,2004,20-06-2004,USA," $1,37,51,913.24 "," $2,01,14,798.90 "," $4,86,84,998.79 "," $44,49,503.98 "," $1,15,94,736.99 ",4.8,58,608,1598,Melissa Cohen,Darren Jones," $3,49,33,085.55 ",254.02%,Hit,Average
908,Current boy crime,Drama,2000,21-12-2000,USA," $19,06,738.65 "," $47,15,244.94 "," $75,84,498.29 "," $12,96,371.15 "," $27,18,433.25 ",8.5,100,1422,1284,Adam Brown,Steven Green," $56,77,759.64 ",297.77%,Hit,Excellent Performance
909,Positive project,Action,1986,14-09-1986,USA," $48,17,611.50 "," $77,90,863.29 "," $1,33,93,959.99 "," $11,74,411.72 "," $45,39,066.22 ",6.2,52,692,768,Susan Farley,Julie Hoffman," $85,76,348.49 ",178.02%,Hit,Good Performance
910,Industry house note,Comedy,1958,13-03-1958,UK," $1,10,352.51 "," $1,69,277.68 "," $2,76,515.12 "," $24,609.79 "," $72,459.96 ",6.2,36,776,5322,Sophia Gomez,Russell Martin," $1,66,162.61 ",150.57%,Hit,Good Performance
911,Though firm almost,Drama,1976,15-03-1976,Australia," $1,01,48,993.47 "," $1,30,07,089.81 "," $3,16,13,689.92 "," $19,10,809.28 "," $57,64,321.82 ",6.8,66,4635,2375,Amber Anderson,Thomas Sims," $2,14,64,696.45 ",211.50%,Hit,Good Performance
912,Population section,Action,2002,20-09-2002,USA," $68,72,927.49 "," $1,51,65,983.30 "," $2,70,29,512.28 "," $21,26,723.23 "," $85,78,880.12 ",6.6,68,2688,1029,Janice Taylor,Alyssa Wolfe," $2,01,56,584.79 ",293.28%,Hit,Good Performance
913,Majority realize,Horror,2013,20-09-2013,USA," $54,90,832.62 "," $54,38,810.14 "," $1,01,24,184.27 "," $12,69,991.61 "," $25,60,308.83 ",6.9,59,2192,1915,Jessica Rodriguez,Brian Mccormick," $46,33,351.65 ",84.38%,flop,Good Performance
914,Choice four line,Romance,2015,05-06-2015,USA," $1,80,43,403.19 "," $5,56,17,622.58 "," $8,28,42,022.24 "," $57,11,160.53 "," $2,43,21,914.16 ",5.9,51,3354,219,Sean Howard,Amanda Lawson," $6,47,98,619.05 ",359.13%,Hit,Average
915,Customer year,Sci-Fi,1976,06-05-1976,South Korea," $92,66,522.75 "," $1,78,31,644.45 "," $3,03,14,488.93 "," $22,36,592.12 "," $1,02,49,660.43 ",5.6,48,1945,147,Brenda Smith,Trevor Lee," $2,10,47,966.18 ",227.14%,Hit,Average
916,Itself role,Horror,2009,22-03-2009,China," $22,31,881.63 "," $45,54,087.33 "," $68,77,162.71 "," $7,88,501.96 "," $24,70,960.89 ",6.4,42,1346,3937,Mark Moody,Tyler Cooper," $46,45,281.08 ",208.13%,Hit,Good Performance
917,Choice like lot,Romance,2019,26-05-2019,USA," $7,70,937.59 "," $12,65,380.73 "," $26,47,016.93 "," $1,48,290.15 "," $6,11,888.89 ",10,100,6860,294,Kristina Moore,Mark Morris," $18,76,079.34 ",243.35%,Hit,Excellent Performance
918,Not himself rule,Romance,2008,17-09-2008,China," $9,98,816.36 "," $29,32,489.50 "," $48,19,370.53 "," $8,49,923.39 "," $16,50,928.15 ",3.4,40,1906,124,Jennifer Atkinson,William Brooks," $38,20,554.17 ",382.51%,Hit,Average
919,Either teach letter,Comedy,2012,03-04-2012,Australia," $52,19,178.34 "," $1,00,07,915.04 "," $1,75,24,922.56 "," $14,16,815.76 "," $48,55,078.14 ",8.5,76,4741,70,James Wright,Richard Davis," $1,23,05,744.22 ",235.78%,Hit,Excellent Performance
920,Director,Action,2007,13-08-2007,USA," $58,46,430.23 "," $98,51,534.26 "," $2,39,30,976.68 "," $16,22,459.62 "," $39,64,437.11 ",4.6,57,3387,2187,William Banks,Joy Huber," $1,80,84,546.45 ",309.33%,Hit,Average
921,Hope experience,Action,1976,25-09-1976,USA," $38,11,962.14 "," $37,93,412.71 "," $75,88,793.21 "," $8,98,353.20 "," $15,43,157.83 ",8,82,414,5189,Colleen Willis,Jennifer Leach," $37,76,831.07 ",99.08%,flop,Excellent Performance
922,War address tough,Horror,2014,20-09-2014,USA," $50,88,830.37 "," $99,60,647.09 "," $1,81,56,251.48 "," $29,51,982.74 "," $55,15,481.37 ",7.2,85,1664,94,Jonathan Evans,Casey Collins," $1,30,67,421.11 ",256.79%,Hit,Good Performance
923,Anyone black father,Thriller,1989,10-10-1989,USA," $7,82,848.34 "," $9,84,935.00 "," $15,95,920.02 "," $1,79,824.63 "," $5,67,837.46 ",7.2,75,161,714,Benjamin Hudson,Dawn Blake," $8,13,071.68 ",103.86%,Hit,Good Performance
924,Force budget expert,Comedy,1980,06-06-1980,Canada," $14,61,781.61 "," $6,33,126.15 "," $14,61,781.61 "," $1,68,750.87 "," $3,29,651.99 ",7.1,84,128067,127,Anthony Henry,Sydney Jordan, $-   ,0.00%,Break_even,Good Performance
925,Finally more design,Drama,2018,03-07-2018,USA," $2,47,88,223.73 "," $3,29,35,769.83 "," $7,86,32,611.03 "," $71,81,768.29 "," $1,75,11,047.78 ",6.8,64,7049,246,Eric Ramirez,Jimmy Smith," $5,38,44,387.30 ",217.22%,Hit,Good Performance
926,Store send maybe,Action,2007,26-12-2007,USA," $7,34,770.77 "," $4,18,605.70 "," $7,34,770.77 "," $92,034.38 "," $2,46,070.46 ",4.2,46,28819,355,Robin Hooper,Amanda Lawson, $-   ,0.00%,Break_even,Average
927,Form,Action,2006,04-02-2006,UK," $57,87,188.16 "," $57,88,704.20 "," $1,29,11,273.85 "," $7,72,205.12 "," $26,82,986.35 ",3,46,1182,53,Melissa Hernandez,Shannon Hunt," $71,24,085.69 ",123.10%,Hit,Average
928,Lot significant gun,Drama,1979,27-11-1979,USA," $12,30,376.86 "," $16,81,284.06 "," $32,44,499.88 "," $3,09,343.82 "," $8,73,637.76 ",4.3,22,7590,57,Thomas Peterson,Victoria Phillips," $20,14,123.02 ",163.70%,Hit,Average
929,Situation eye remember,Action,1990,16-09-1990,USA," $23,60,810.19 "," $16,08,304.19 "," $23,60,810.19 "," $3,23,732.96 "," $9,31,429.27 ",7.5,80,18785,161,Judy Walker,Dalton Johnson, $-   ,0.00%,Break_even,Good Performance
930,Thousand hear always,Action,1976,18-12-1976,USA," $2,18,81,346.75 "," $93,79,089.42 "," $2,18,81,346.75 "," $20,76,367.63 "," $39,91,499.61 ",8.1,75,1510,1523,Darrell Carlson,Shawn Washington, $-   ,0.00%,Break_even,Excellent Performance
931,Size interesting,Drama,1974,04-01-1974,USA," $58,13,385.45 "," $1,24,53,858.27 "," $2,01,20,758.08 "," $15,19,342.41 "," $66,43,525.10 ",7.5,68,2627,21830,Donna Hall,Joy Huber," $1,43,07,372.63 ",246.11%,Hit,Good Performance
932,Energy significant,Comedy,1977,03-01-1977,USA," $69,03,906.52 "," $94,47,162.10 "," $1,90,85,334.39 "," $16,34,025.46 "," $49,61,072.29 ",6.6,59,3560,1690,Ryan Tate,Jeanette Archer," $1,21,81,427.87 ",176.44%,Hit,Good Performance
933,Build high,Comedy,1980,10-12-1980,USA," $8,28,49,248.07 "," $10,15,50,144.80 "," $19,42,05,757.90 "," $2,79,81,229.64 "," $4,06,82,828.06 ",7.7,55,2760,426,Caitlin Brewer,Christopher Green," $11,13,56,509.83 ",134.41%,Hit,Good Performance
934,Beat,Drama,1966,29-06-1966,Canada," $71,27,853.43 "," $37,45,038.50 "," $71,27,853.43 "," $8,27,710.98 "," $17,82,040.83 ",6,83,4236,533,William Walker,Jessica Scott, $-   ,0.00%,Break_even,Good Performance
935,Find imagine,Comedy,1987,04-02-1987,USA," $1,81,68,528.35 "," $2,72,57,809.18 "," $4,08,95,314.95 "," $31,49,986.75 "," $1,13,41,648.11 ",7.6,81,21234,561,David Rosales,Nicholas Richards," $2,27,26,786.60 ",125.09%,Hit,Good Performance
936,Son very,Action,1980,27-08-1980,USA," $3,08,95,730.80 "," $3,08,97,596.42 "," $6,97,09,615.95 "," $66,11,062.38 "," $1,38,28,849.67 ",5.2,43,979,115,Andrew Chambers,Vincent Suarez," $3,88,13,885.15 ",125.63%,Hit,Average
937,Product general everyone,Drama,1965,30-08-1965,USA," $16,86,082.36 "," $10,26,652.14 "," $16,86,082.36 "," $1,76,416.04 "," $5,68,748.73 ",9.2,94,3703,84,Maria Lane,Marc Vasquez, $-   ,0.00%,Break_even,Excellent Performance
938,Land culture,Drama,2021,09-07-2021,Japan," $1,18,28,518.38 "," $2,07,87,684.04 "," $3,47,50,894.40 "," $29,84,754.05 "," $91,63,496.44 ",3.8,29,20508,1005,Mark Brooks,Jason Chavez," $2,29,22,376.02 ",193.79%,Hit,Average
939,Industry instead,Drama,1988,26-04-1988,USA," $62,55,290.39 "," $1,03,73,387.16 "," $1,66,95,066.26 "," $20,74,654.95 "," $41,73,288.95 ",7.7,86,3037,354,Ashley Medina,Brenda Guerrero," $1,04,39,775.87 ",166.90%,Hit,Good Performance
940,Camera know knowledge,Documentary,2023,23-08-2023,USA," $24,57,396.94 "," $54,66,889.28 "," $1,11,61,433.52 "," $6,36,200.65 "," $22,49,648.98 ",6.7,57,749,1571,Jeremy Ray,Nicole Dawson," $87,04,036.58 ",354.20%,Hit,Good Performance
941,Body thought,Horror,1956,09-03-1956,USA," $53,68,223.00 "," $36,55,131.90 "," $61,22,367.59 "," $5,14,552.63 "," $15,02,145.74 ",5.2,59,5224,180,Jeremy Davis,Gina Fernandez," $7,54,144.59 ",14.05%,flop,Average
942,Mean structure,Comedy,2013,18-08-2013,Australia," $9,41,309.00 "," $5,95,935.42 "," $10,92,133.29 "," $1,38,633.93 "," $3,16,072.30 ",4.4,45,1400,806,Anthony Henry,Adam Bowman," $1,50,824.29 ",16.02%,flop,Average
943,According participant thing exactly,Romance,2023,30-07-2023,USA," $13,50,409.46 "," $25,40,791.76 "," $45,65,263.62 "," $6,49,357.45 "," $13,65,670.00 ",7.1,64,3059,132,Kim Watkins,Mark Crosby," $32,14,854.16 ",238.07%,Hit,Good Performance
944,Specific soldier street,Drama,2014,25-11-2014,USA," $19,24,773.37 "," $32,10,120.57 "," $64,73,447.41 "," $8,65,509.53 "," $15,88,513.43 ",9.1,81,3573,888,Mrs. Hannah Campbell DDS,Brenda Guerrero," $45,48,674.04 ",236.32%,Hit,Excellent Performance
945,Bit reason successful,Drama,1989,10-01-1989,USA," $95,81,476.32 "," $2,37,38,235.23 "," $4,03,16,173.57 "," $54,85,476.64 "," $1,29,29,952.22 ",6.6,72,62796,50,Ryan Tate,Dominique Aguirre," $3,07,34,697.25 ",320.77%,Hit,Good Performance
946,Improve painting story,Drama,1994,15-02-1994,USA," $5,34,699.89 "," $2,36,043.96 "," $5,34,699.89 "," $34,509.12 "," $94,934.35 ",6.5,73,3256,288,Dr. Jonathan Long,Joseph Leon, $-   ,0.00%,Break_even,Good Performance
947,End nature,Drama,1995,21-09-1995,USA," $94,86,798.08 "," $73,58,044.10 "," $1,82,91,178.38 "," $9,14,344.62 "," $30,82,231.41 ",4.8,47,4818,578,Darlene Murphy,Nicole Morales," $88,04,380.30 ",92.81%,flop,Average
948,Gun country natural,Thriller,2010,19-06-2010,UK," $4,82,916.44 "," $14,63,495.22 "," $23,81,813.70 "," $3,49,606.06 "," $7,01,647.04 ",5.5,42,1545,207,David Morris,Lauren Richards," $18,98,897.26 ",393.21%,Hit,Average
949,Physical themselves money,Action,2005,13-10-2005,USA," $51,12,889.90 "," $1,44,65,522.41 "," $2,30,29,556.59 "," $34,86,022.29 "," $63,60,740.51 ",6.3,50,2172,942,Brandon Fuller,Eric Cooper," $1,79,16,666.69 ",350.42%,Hit,Good Performance
950,Treat,Action,1970,26-11-1970,Canada," $4,56,039.75 "," $2,72,764.25 "," $6,36,727.05 "," $58,708.63 "," $1,09,338.21 ",4.4,46,118,67,Patricia Munoz,Melissa Lopez," $1,80,687.30 ",39.62%,flop,Average
951,Born very save,Documentary,1995,04-12-1995,USA," $15,07,659.06 "," $17,49,372.25 "," $40,95,886.10 "," $4,35,695.96 "," $7,61,455.19 ",6.4,54,4000,82,Kim Watkins,Olivia Allen," $25,88,227.04 ",171.67%,Hit,Good Performance
952,Wide fill practice,Drama,1987,07-12-1987,USA," $24,40,547.86 "," $42,22,142.26 "," $87,91,971.03 "," $7,25,895.62 "," $24,72,341.65 ",8.1,69,7429,56,Benjamin Ray,Sarah Nelson," $63,51,423.17 ",260.25%,Hit,Excellent Performance
953,Likely care,Thriller,1992,05-06-1992,India," $5,36,570.46 "," $10,31,424.97 "," $19,25,614.68 "," $2,81,382.47 "," $4,21,868.36 ",5.6,42,6455,110,Kevin Green,Samantha Vargas," $13,89,044.22 ",258.87%,Hit,Average
954,Right friend light,Horror,1960,03-02-1960,India," $52,05,097.14 "," $82,90,331.07 "," $1,88,75,159.77 "," $15,09,087.93 "," $46,65,215.30 ",6.5,77,143,352,Anthony Rowland,Karen Shaffer," $1,36,70,062.63 ",262.63%,Hit,Good Performance
955,Over cover,Comedy,1990,03-11-1990,Canada," $4,56,43,133.10 "," $5,34,69,994.32 "," $8,24,83,955.73 "," $1,49,77,159.28 "," $2,22,00,084.87 ",6.9,51,786,2100,Karen Smith,Danny Kline," $3,68,40,822.63 ",80.71%,flop,Good Performance
956,Week maybe,Comedy,2014,18-05-2014,USA," $4,74,060.81 "," $3,44,552.86 "," $6,76,868.27 "," $38,499.37 "," $1,47,149.83 ",4.4,36,1292,147,Susan Farley,Christopher Rodgers," $2,02,807.46 ",42.78%,flop,Average
957,Others part,Comedy,2025,27-12-2025,USA," $15,82,468.91 "," $45,90,536.90 "," $73,49,405.53 "," $10,33,142.28 "," $23,04,354.50 ",6,66,6833,50,Paul Rogers,Sherry Turner," $57,66,936.62 ",364.43%,Hit,Good Performance
958,Nothing source forward,Drama,1967,11-02-1967,USA," $58,21,664.67 "," $1,12,71,901.34 "," $1,63,00,809.80 "," $12,05,122.93 "," $51,63,302.11 ",6.4,61,515,124,Maria Lane,Eric Nelson," $1,04,79,145.13 ",180.00%,Hit,Good Performance
959,Draw choose seat,Comedy,1961,13-06-1961,USA," $59,00,796.50 "," $1,50,97,640.92 "," $2,64,70,920.11 "," $20,45,981.92 "," $78,48,646.48 ",6.8,62,10180,2138,Mrs. Hannah Campbell DDS,Victoria Phillips," $2,05,70,123.61 ",348.60%,Hit,Good Performance
960,Left enough occur,Comedy,1979,06-10-1979,USA," $1,50,01,530.43 "," $2,05,39,267.32 "," $3,49,78,311.59 "," $58,21,970.82 "," $88,84,461.64 ",6.5,69,3709,364,Brenda Smith,Donald Franco," $1,99,76,781.16 ",133.16%,Hit,Good Performance
961,Forward number,Comedy,2012,03-10-2012,USA," $2,42,702.38 "," $3,84,577.71 "," $6,19,341.90 "," $97,170.08 "," $2,08,429.13 ",4.7,44,432,2755,Kimberly Barker,Kathryn Hunt," $3,76,639.52 ",155.19%,Hit,Average
962,Stuff way small,Drama,2017,17-07-2017,USA," $13,78,515.07 "," $18,25,459.50 "," $26,15,365.06 "," $3,56,014.64 "," $8,22,771.80 ",5.2,57,1811,310,Stephanie Hayes,Heather Allison," $12,36,849.99 ",89.72%,flop,Average
963,Song above yourself,Drama,2023,12-12-2023,USA," $62,51,685.57 "," $1,62,78,303.43 "," $2,82,24,006.67 "," $35,07,144.69 "," $86,36,092.66 ",5.7,70,2040,346,Brian Robinson,David Clark," $2,19,72,321.10 ",351.46%,Hit,Average
964,Majority,Drama,1972,24-01-1972,France," $91,38,472.17 "," $66,58,891.59 "," $1,16,90,278.24 "," $13,79,032.11 "," $29,73,329.27 ",5.2,55,875,50,Chad Peters MD,John Jones," $25,51,806.07 ",27.92%,flop,Average
965,May option,Drama,1988,10-05-1988,China," $1,91,06,031.40 "," $1,31,71,961.03 "," $1,91,06,031.40 "," $22,82,940.87 "," $63,15,787.36 ",5.3,41,1146,54,Paul Rogers,Shawn Washington, $-   ,0.00%,Break_even,Average
966,Close less Republican,Drama,1985,18-05-1985,USA," $9,59,952.33 "," $5,85,056.48 "," $9,59,952.33 "," $71,031.10 "," $3,10,181.94 ",5.2,51,1645,80,Barbara Torres,William Prince, $-   ,0.00%,Break_even,Average
967,Fear Democrat voice,Thriller,2012,17-11-2012,USA," $74,74,245.34 "," $89,92,448.02 "," $1,75,66,303.30 "," $16,70,559.50 "," $45,07,783.70 ",7.4,75,2253,530,Jeremy Ray,Dr. Edward Smith," $1,00,92,057.96 ",135.02%,Hit,Good Performance
968,Office strong,Comedy,2022,03-02-2022,USA," $38,91,276.60 "," $79,38,302.82 "," $1,34,44,617.07 "," $11,90,920.62 "," $44,49,724.54 ",6.8,76,353,1656,Christian Hernandez,Anthony Rhodes," $95,53,340.47 ",245.51%,Hit,Good Performance
969,Long explain arrive,Drama,1971,11-07-1971,USA," $3,53,25,728.90 "," $9,02,34,678.80 "," $13,14,32,909.20 "," $2,56,33,671.84 "," $3,91,36,807.23 ",5,67,7396,369,Hannah Camacho,Melissa Mcgee," $9,61,07,180.30 ",272.06%,Hit,Average
970,Put perhaps song,Drama,1995,26-01-1995,USA," $12,51,325.98 "," $25,77,178.78 "," $53,63,748.63 "," $4,42,502.00 "," $12,12,104.59 ",6.8,62,14459,1495,Julie Maxwell,Casey Briggs," $41,12,422.65 ",328.65%,Hit,Good Performance
971,There spring teach,Sci-Fi,2024,28-08-2024,USA," $22,61,120.86 "," $22,23,121.14 "," $52,75,567.73 "," $5,72,361.97 "," $9,41,430.92 ",7.9,66,3720,50,Bryan Murray,Alan Mullins," $30,14,446.87 ",133.32%,Hit,Good Performance
972,Two daughter,Drama,1999,09-01-1999,China," $1,45,72,817.44 "," $71,31,399.58 "," $1,45,72,817.44 "," $16,51,983.42 "," $32,35,049.84 ",3.8,46,1136,2552,Joseph Willis,Jamie Cunningham, $-   ,0.00%,Break_even,Average
973,Huge respond and,Drama,1987,14-06-1987,USA," $90,45,897.25 "," $2,44,44,460.14 "," $4,28,96,139.86 "," $46,47,980.04 "," $1,21,17,700.53 ",5.1,50,2862,57,Heidi Cisneros,Richard Davis," $3,38,50,242.61 ",374.21%,Hit,Average
974,Spend fire value,Drama,1964,10-06-1964,Canada," $5,89,823.16 "," $11,19,946.15 "," $21,21,687.93 "," $3,18,930.47 "," $6,52,452.77 ",5.6,43,835,8244,Faith Franklin,Olivia Ortiz," $15,31,864.77 ",259.72%,Hit,Average
975,Letter memory,Action,1999,29-12-1999,USA," $29,31,870.71 "," $38,61,722.96 "," $88,68,824.70 "," $5,21,063.25 "," $18,56,140.41 ",4.3,54,11967,310,Kim Watkins,Richard Mata," $59,36,953.99 ",202.50%,Hit,Average
976,Wait opportunity management,Drama,2005,10-05-2005,USA," $1,46,24,300.73 "," $2,48,62,333.98 "," $4,23,98,666.30 "," $32,36,919.53 "," $1,29,46,748.26 ",4.9,54,18891,1908,William Banks,Lynn Pierce," $2,77,74,365.57 ",189.92%,Hit,Average
977,People like wear,Horror,1996,09-06-1996,USA," $3,92,580.46 "," $6,81,096.14 "," $10,07,182.71 "," $82,265.58 "," $3,81,153.12 ",9.5,92,1420,50,Manuel Benton,Brittany Kelly," $6,14,602.25 ",156.55%,Hit,Excellent Performance
978,White class reduce,Action,1997,16-06-1997,USA," $18,82,208.51 "," $14,85,999.79 "," $28,77,059.27 "," $3,93,195.82 "," $8,26,988.46 ",3.6,34,7950,50,Jeffrey Neal,Amber Willis," $9,94,850.76 ",52.86%,flop,Average
979,Specific author charge,Sci-Fi,2017,27-07-2017,China," $1,06,30,501.36 "," $1,01,45,382.02 "," $1,53,28,432.27 "," $23,77,675.46 "," $47,63,621.55 ",7.7,64,18107,301,Joshua Morales,Courtney Butler," $46,97,930.91 ",44.19%,flop,Good Performance
980,Throw point relationship,Horror,1998,04-05-1998,UK," $17,72,558.72 "," $38,41,050.53 "," $63,46,051.00 "," $10,27,115.19 "," $22,49,374.76 ",5.5,49,1877,50,James Miller,Tracy Klein," $45,73,492.28 ",258.02%,Hit,Average
981,Figure television wrong,Thriller,2011,17-11-2011,USA," $2,00,37,122.56 "," $5,60,02,190.21 "," $9,30,24,550.85 "," $1,12,67,471.87 "," $2,31,50,033.07 ",8.7,95,1003,4668,Denise Horne,Brandon Mcguire," $7,29,87,428.29 ",364.26%,Hit,Excellent Performance
982,Everybody control,Comedy,2014,27-12-2014,USA," $37,81,971.76 "," $54,73,518.80 "," $1,23,00,931.39 "," $5,90,703.40 "," $24,72,641.82 ",5.7,47,89665,71,Michael Manning,Donald Franco," $85,18,959.63 ",225.25%,Hit,Average
983,It face necessary news,Drama,2020,27-08-2020,Australia," $85,84,817.45 "," $1,45,44,099.23 "," $2,69,33,945.40 "," $31,60,160.18 "," $87,03,003.24 ",7.2,84,710,12031,Chad Peters MD,Ryan Hood," $1,83,49,127.95 ",213.74%,Hit,Good Performance
984,Difference moment,Comedy,1979,03-02-1979,USA," $5,99,016.00 "," $14,44,264.51 "," $23,59,367.66 "," $3,57,896.17 "," $7,38,612.10 ",3.6,33,169,17631,Courtney Reynolds,Amanda Lawson," $17,60,351.66 ",293.87%,Hit,Average
985,Over test,Thriller,2001,19-09-2001,USA," $16,64,814.21 "," $11,06,301.32 "," $25,51,590.75 "," $1,83,137.95 "," $5,88,588.47 ",6.5,73,11163,1651,Kimberly Barker,Larry Bishop," $8,86,776.54 ",53.27%,flop,Good Performance
986,Option series,Documentary,1967,25-09-1967,USA," $37,53,983.44 "," $24,52,018.23 "," $37,53,983.44 "," $3,88,307.19 "," $13,26,015.24 ",5.8,62,10726,690,Nicholas Murphy,Melissa Cain, $-   ,0.00%,Break_even,Average
987,Agreement,Thriller,2012,01-03-2012,USA," $58,28,059.13 "," $30,79,236.02 "," $58,28,059.13 "," $4,99,967.79 "," $14,05,160.07 ",6,74,3100,719,Andrew Chambers,Cindy Barnes, $-   ,0.00%,Break_even,Good Performance
988,Suddenly candidate give,Action,2025,04-08-2025,India," $2,41,35,907.94 "," $3,65,21,423.12 "," $7,29,32,697.81 "," $1,00,00,711.43 "," $1,99,86,571.52 ",6.1,64,12477,270,Sonya Clark,Amanda Lawson," $4,87,96,789.87 ",202.18%,Hit,Good Performance
989,Forget perhaps test different,Drama,1991,02-04-1991,USA," $99,00,156.11 "," $61,66,316.68 "," $1,26,45,617.63 "," $9,11,811.19 "," $26,36,120.35 ",7.2,62,2498,203,Sharon Wilson,Robin Dawson," $27,45,461.52 ",27.73%,flop,Good Performance
990,Offer president network,Drama,1988,22-02-1988,USA," $1,16,023.98 "," $1,06,027.14 "," $2,44,877.08 "," $29,570.23 "," $45,048.34 ",7.2,84,3444,8101,Megan Sharp,Michael Ramirez," $1,28,853.10 ",111.06%,Hit,Good Performance
991,Car debate,Documentary,1965,06-09-1965,India," $1,59,89,541.41 "," $1,57,48,439.69 "," $3,13,68,766.77 "," $23,84,060.47 "," $87,59,811.49 ",7.1,75,23132,111,Susan Farley,Julie Hoffman," $1,53,79,225.36 ",96.18%,flop,Good Performance
992,Every energy actually,Drama,1991,16-02-1991,India," $1,73,47,525.60 "," $3,71,62,549.71 "," $5,61,20,148.75 "," $48,10,605.85 "," $1,52,27,468.07 ",4.9,58,30539,120,Melissa Cohen,Isaiah French," $3,87,72,623.15 ",223.51%,Hit,Average
993,Site lead,Comedy,2006,26-09-2006,USA," $32,14,811.95 "," $57,84,201.93 "," $1,33,41,639.76 "," $10,21,962.02 "," $31,96,620.07 ",7.2,66,1988,29915,Maria Lane,Ronald Herrera," $1,01,26,827.81 ",315.01%,Hit,Good Performance
994,Discussion lose,Sci-Fi,2021,06-09-2021,USA," $4,23,573.91 "," $6,72,406.40 "," $16,60,933.02 "," $1,71,442.98 "," $2,82,447.18 ",5.7,66,7773,689,David Rosales,Derek Jones," $12,37,359.11 ",292.12%,Hit,Average
995,What act,Romance,1997,08-07-1997,USA," $76,04,420.42 "," $1,20,11,106.77 "," $2,26,76,772.57 "," $15,65,293.09 "," $71,63,272.84 ",6.6,54,999,185,Janice Taylor,Theresa Cooley," $1,50,72,352.15 ",198.21%,Hit,Good Performance
996,Central star,Comedy,1998,16-09-1998,USA," $59,82,945.81 "," $79,17,369.57 "," $1,82,52,772.27 "," $15,49,000.79 "," $36,20,237.57 ",9,89,48626,50,Mr. Jorge Anderson,Amanda Rivas," $1,22,69,826.46 ",205.08%,Hit,Excellent Performance
997,Meeting drive,Action,1989,08-07-1989,USA," $2,88,922.96 "," $2,81,511.22 "," $6,16,691.04 "," $80,874.58 "," $1,15,571.42 ",4.7,36,24203,3220,James Miller,Ashley French," $3,27,768.08 ",113.44%,Hit,Average
998,No approach,Comedy,2010,09-03-2010,USA," $25,85,342.09 "," $13,11,402.14 "," $25,85,342.09 "," $2,23,047.35 "," $7,49,702.54 ",8.4,64,73478,132,Denise Horne,Rodney Smith, $-   ,0.00%,Break_even,Excellent Performance
999,Collection deal,Drama,1953,16-02-1953,USA," $82,92,336.83 "," $86,63,630.51 "," $2,01,32,256.29 "," $18,72,278.45 "," $51,68,747.10 ",5.8,68,519,56,Seth Whitehead,Jeffrey Smith," $1,18,39,919.46 ",142.78%,Hit,Average
1000,Parent probably,Documentary,2009,17-12-2009,UK," $48,25,238.69 "," $31,78,703.69 "," $59,26,989.27 "," $4,93,269.15 "," $15,25,462.42 ",6.4,77,7834,1357,Joseph Willis,Catherine Willis," $11,01,750.58 ",22.83%,flop,Good Performance
1001,Responsibility why,Drama,1984,06-02-1984,Japan," $4,90,442.99 "," $10,18,588.27 "," $20,97,296.43 "," $1,71,563.30 "," $4,90,932.86 ",8.2,77,3625,50,Joseph Willis,Sharon Brady," $16,06,853.44 ",327.63%,Hit,Excellent Performance
1002,Lay own company,Drama,1957,18-04-1957,USA," $12,70,822.65 "," $9,64,194.59 "," $23,53,945.81 "," $2,12,259.16 "," $4,64,058.95 ",5.5,82,3901,1398,Tara Underwood,Catherine Willis," $10,83,123.16 ",85.23%,flop,Average
1003,Attention morning,Drama,1981,06-10-1981,USA," $1,10,93,175.11 "," $66,55,736.08 "," $1,14,31,689.81 "," $13,22,791.76 "," $34,44,654.35 ",5.8,68,964,50,Melissa Hernandez,Kimberly Ray," $3,38,514.70 ",3.05%,flop,Average
1004,Some others truth,Action,1979,25-04-1979,UK," $13,43,064.45 "," $38,32,581.30 "," $59,76,566.21 "," $5,66,330.15 "," $16,11,369.67 ",4.4,42,1236,317,Jennifer Atkinson,Melissa Cain," $46,33,501.76 ",344.99%,Hit,Average
1005,Expect appear appear wonder,Comedy,1959,21-06-1959,China," $3,88,19,183.09 "," $3,04,17,491.73 "," $5,48,26,679.64 "," $68,20,149.68 "," $1,22,80,729.52 ",5,56,40537,50,Michael Chung,David Perez," $1,60,07,496.55 ",41.24%,flop,Average
1006,Simple arrive available hope,Drama,2013,15-12-2013,USA," $1,45,13,710.66 "," $58,97,900.58 "," $1,45,13,710.66 "," $7,09,318.03 "," $35,09,471.47 ",6.8,74,351,1498,Mark Brooks,James Erickson, $-   ,0.00%,Break_even,Good Performance
1007,One one sense,Horror,2008,13-10-2008,China," $2,08,93,010.95 "," $4,12,40,745.95 "," $6,47,05,267.45 "," $60,77,136.03 "," $2,30,12,728.32 ",7.6,80,1237,2313,Jonathan Evans,Michael Torres," $4,38,12,256.50 ",209.70%,Hit,Good Performance
1008,Arm,Sci-Fi,1958,05-08-1958,Germany," $49,26,005.40 "," $1,34,34,705.78 "," $2,29,33,060.00 "," $29,80,471.75 "," $79,77,330.90 ",6.1,68,2613,1289,Christopher Roach,Chad Santiago," $1,80,07,054.60 ",365.55%,Hit,Good Performance
1009,Spend government,Comedy,2006,30-04-2006,USA," $1,84,53,947.24 "," $3,87,73,165.07 "," $8,13,94,726.16 "," $1,01,90,704.45 "," $1,79,27,215.93 ",8.8,74,1175,211,Alyssa Adams,Cindy Barnes," $6,29,40,778.92 ",341.07%,Hit,Excellent Performance
1010,Bill chair,Romance,2013,29-04-2013,USA," $48,63,392.01 "," $1,22,46,894.19 "," $2,36,83,786.19 "," $12,47,792.76 "," $67,49,743.51 ",7.2,55,3744,50,Darrell Carlson,Ashley Gilmore," $1,88,20,394.18 ",386.98%,Hit,Good Performance
1011,Loss drug,Comedy,1962,22-09-1962,USA," $1,42,16,583.90 "," $2,72,76,408.93 "," $4,91,68,357.35 "," $74,51,122.08 "," $1,14,74,909.04 ",4.4,65,1288,50,Brian Robinson,Christina Buchanan," $3,49,51,773.45 ",245.85%,Hit,Average
1012,Figure listen,Romance,1985,03-08-1985,France," $15,66,019.81 "," $31,37,596.88 "," $71,83,113.66 "," $4,88,665.97 "," $18,38,441.06 ",5.8,69,10507,674,Renee Campbell,Nicole Morales," $56,17,093.85 ",358.69%,Hit,Average
1013,Unit end,Thriller,2014,08-06-2014,India," $1,16,55,870.13 "," $63,08,824.84 "," $1,16,55,870.13 "," $11,75,942.96 "," $33,18,670.12 ",7.3,65,7704,284,Kelsey Ellis,Ashley Gilmore, $-   ,0.00%,Break_even,Good Performance
1014,Show edge yes go,Comedy,2007,03-05-2007,Japan," $37,02,292.41 "," $44,55,268.03 "," $89,16,158.44 "," $7,49,234.18 "," $22,93,900.07 ",6.9,62,153602,407,Raymond Morris,Brian Mccormick," $52,13,866.03 ",140.83%,Hit,Good Performance
1015,Live back,Thriller,2010,16-11-2010,USA," $16,15,659.95 "," $25,36,942.63 "," $61,86,511.35 "," $2,80,135.49 "," $10,41,609.02 ",6.7,66,23642,1860,Sharon Wilson,Nicole Morales," $45,70,851.40 ",282.91%,Hit,Good Performance
1016,Fire from,Romance,1982,18-10-1982,USA," $7,60,531.77 "," $13,19,211.28 "," $21,62,212.69 "," $1,98,356.08 "," $6,50,536.54 ",6.1,53,3270,300,Claudia Smith,Tyler Cooper," $14,01,680.92 ",184.30%,Hit,Good Performance
1017,Performance large,Drama,1994,28-02-1994,USA," $4,44,07,437.02 "," $2,29,26,674.32 "," $4,44,07,437.02 "," $42,21,140.62 "," $1,29,72,605.75 ",6.4,68,6028,272,Gary Simmons,Jeffrey Holloway, $-   ,0.00%,Break_even,Good Performance
1018,Present recognize reduce,Comedy,2018,19-01-2018,USA," $37,59,228.32 "," $36,33,582.03 "," $84,23,100.55 "," $9,00,214.74 "," $18,76,341.12 ",5.4,64,3451,517,Melissa Hernandez,Sharon Rodriguez," $46,63,872.23 ",124.06%,Hit,Average
1019,Land throw,Comedy,1997,15-09-1997,USA," $1,02,69,824.08 "," $1,14,68,806.43 "," $1,97,91,704.61 "," $27,11,949.31 "," $52,38,980.33 ",8.9,77,1511,62,Amber Anderson,Derek Jones," $95,21,880.53 ",92.72%,flop,Excellent Performance
1020,Seem not,Horror,1987,19-06-1987,USA," $43,46,838.28 "," $89,59,907.17 "," $2,06,43,832.02 "," $24,77,725.76 "," $41,21,659.80 ",8.8,76,39890,455,Kevin Green,Brian Gentry," $1,62,96,993.74 ",374.92%,Hit,Excellent Performance
1021,Watch current,Comedy,2013,24-08-2013,USA," $23,20,662.96 "," $17,10,496.50 "," $33,41,059.25 "," $2,96,449.95 "," $8,22,835.80 ",6.3,55,3010,50,Kristina Moore,Ashley Reeves," $10,20,396.29 ",43.97%,flop,Good Performance
1022,Story product would,Documentary,1993,29-04-1993,USA," $38,94,113.21 "," $22,85,687.21 "," $38,94,113.21 "," $2,38,459.87 "," $13,07,450.14 ",6.6,63,16363,271,Dr. Jonathan Long,William Crawford, $-   ,0.00%,Break_even,Good Performance
1023,Can agree,Comedy,1966,06-07-1966,USA," $7,99,494.81 "," $26,24,137.40 "," $39,49,990.07 "," $6,20,341.06 "," $11,75,962.47 ",7.8,88,463,50,Jeffrey Neal,Jennifer Leach," $31,50,495.26 ",394.06%,Hit,Good Performance
1024,Fear quite product,Drama,1995,28-10-1995,USA," $52,56,648.91 "," $84,84,508.51 "," $1,41,72,618.84 "," $14,34,036.08 "," $45,83,968.89 ",7.8,79,6474,5396,Jeffrey Myers MD,David Perez," $89,15,969.93 ",169.61%,Hit,Good Performance
1025,Garden prepare both,Comedy,2004,30-01-2004,Canada," $12,42,593.28 "," $26,69,284.28 "," $40,37,320.48 "," $7,74,440.24 "," $11,73,196.66 ",6,53,2332,50,Raymond Morris,Stephanie Moore," $27,94,727.20 ",224.91%,Hit,Good Performance
1026,Democratic edge brother front,Sci-Fi,1988,27-09-1988,Canada," $15,96,731.64 "," $12,63,263.50 "," $30,82,895.63 "," $1,50,229.85 "," $7,57,263.37 ",7.5,77,59705,8570,Elizabeth Lane,Cassandra Dennis," $14,86,163.99 ",93.08%,flop,Good Performance
1027,West concern cover,Comedy,2015,08-11-2015,USA," $9,91,296.72 "," $19,03,620.81 "," $28,56,908.20 "," $4,42,522.52 "," $11,38,453.42 ",8.3,72,3101,190,Jennifer Willis,Andrew Lyons," $18,65,611.48 ",188.20%,Hit,Excellent Performance
1028,Wear cost instead,Romance,1989,21-03-1989,USA," $5,94,796.10 "," $8,30,936.26 "," $17,19,624.14 "," $1,77,580.39 "," $4,00,356.47 ",9.8,100,8253,538,Christian Hernandez,Eric Nelson," $11,24,828.04 ",189.11%,Hit,Excellent Performance
1029,Impact note paper,Drama,2015,05-08-2015,USA," $1,22,73,264.21 "," $1,33,19,600.87 "," $2,98,77,204.65 "," $30,22,344.67 "," $78,63,574.47 ",6.9,78,505,450,Gary Simmons,Elizabeth Shannon," $1,76,03,940.44 ",143.43%,Hit,Good Performance
1030,Here help,Thriller,1991,04-01-1991,USA," $53,21,543.11 "," $1,69,80,518.08 "," $2,50,44,695.68 "," $46,06,159.90 "," $86,61,621.27 ",10,78,1917,119,Mrs. Hannah Campbell DDS,Kathy Marshall," $1,97,23,152.57 ",370.63%,Hit,Excellent Performance
1031,Bring,Drama,2023,23-09-2023,India," $17,53,928.36 "," $43,48,091.29 "," $65,24,824.76 "," $6,67,205.90 "," $22,16,609.99 ",9.4,93,91690,1000,Brooke Morales,Jennifer Cook," $47,70,896.40 ",272.01%,Hit,Excellent Performance
1032,Understand happy,Comedy,2018,26-10-2018,USA," $22,66,558.01 "," $11,42,078.63 "," $28,18,248.37 "," $1,88,088.90 "," $5,31,286.85 ",9.8,99,1257,30275,Alyssa Adams,Jimmy Smith," $5,51,690.36 ",24.34%,flop,Excellent Performance
1033,Brother moment a,Drama,1985,14-12-1985,USA," $1,73,71,467.64 "," $2,93,88,313.15 "," $4,91,76,928.00 "," $47,29,613.36 "," $1,75,03,207.38 ",6.7,61,2182,956,Jeffrey Neal,Michelle Thomas," $3,18,05,460.36 ",183.09%,Hit,Good Performance
1034,Four medical room both,Romance,1961,26-04-1961,USA," $1,07,54,680.26 "," $1,90,09,747.44 "," $3,08,13,402.90 "," $46,27,350.04 "," $96,18,813.59 ",4.4,60,2290,149,Charlotte Williams,Stephanie Stokes," $2,00,58,722.64 ",186.51%,Hit,Average
1035,Professional into letter,Action,1993,16-03-1993,USA," $1,55,03,458.63 "," $64,79,310.07 "," $1,55,03,458.63 "," $7,13,548.83 "," $32,33,164.93 ",6.4,58,651,80,Adriana Campbell,Kimberly Johnson, $-   ,0.00%,Break_even,Good Performance
1036,Generation seven,Drama,2009,18-11-2009,USA," $1,23,87,651.43 "," $1,73,52,343.87 "," $4,21,41,370.69 "," $28,25,561.14 "," $87,47,669.26 ",6,52,2571,3928,Diana Davis,Jonathan Lee," $2,97,53,719.26 ",240.19%,Hit,Good Performance
1037,Sea Democrat,Romance,2008,17-02-2008,UK," $19,34,868.43 "," $38,11,382.47 "," $61,42,233.17 "," $7,38,646.00 "," $18,85,871.23 ",5.8,55,2236,83,Seth Whitehead,Carla Dougherty," $42,07,364.74 ",217.45%,Hit,Average
1038,Director source under,Thriller,2025,18-02-2025,USA," $14,46,150.78 "," $33,21,687.21 "," $68,71,655.15 "," $5,75,634.07 "," $14,84,472.61 ",7,71,395,1932,Stephanie Hayes,Brenda Gomez," $54,25,504.37 ",375.17%,Hit,Good Performance
1039,Simply,Horror,1976,17-07-1976,India," $8,15,706.15 "," $13,09,187.18 "," $24,24,875.77 "," $3,35,743.73 "," $6,18,057.62 ",9.3,89,23699,4406,Sophia Gomez,Meredith Williams," $16,09,169.62 ",197.27%,Hit,Excellent Performance
1040,No,Comedy,1987,23-07-1987,USA," $6,29,524.45 "," $16,76,056.37 "," $24,90,915.13 "," $2,81,244.72 "," $9,56,262.12 ",2.9,30,13305,1997,James Miller,James Erickson," $18,61,390.68 ",295.68%,Hit,Average
1041,Science raise,Drama,2006,26-11-2006,USA," $1,19,00,875.52 "," $1,80,14,896.41 "," $3,27,93,444.91 "," $51,00,723.71 "," $89,95,033.45 ",7.8,86,3214,787,Jonathan Evans,Meredith Williams," $2,08,92,569.39 ",175.55%,Hit,Good Performance
1042,Security do speak glass,Comedy,1993,04-05-1993,USA," $1,85,33,856.23 "," $1,26,39,246.90 "," $1,85,33,856.23 "," $12,99,217.35 "," $54,32,560.82 ",5.2,35,1003,50,Joseph Willis,Victoria Phillips, $-   ,0.00%,Break_even,Average
1043,Any rule method,Action,2022,17-05-2022,USA," $21,91,752.29 "," $31,22,582.38 "," $45,34,462.25 "," $8,67,867.05 "," $17,14,027.22 ",6.7,56,1317,1734,Sharon Wilson,Sharon Rodriguez," $23,42,709.96 ",106.89%,Hit,Good Performance
1044,Size apply various stuff,Comedy,2023,24-12-2023,USA," $2,78,00,968.96 "," $4,33,36,999.24 "," $6,80,65,070.64 "," $1,23,57,105.33 "," $2,10,60,420.97 ",4.6,64,7979,6621,David Lee,Cindy Barnes," $4,02,64,101.68 ",144.83%,Hit,Average
1045,Short phone sometimes product,Documentary,1989,08-09-1989,USA," $11,43,397.49 "," $24,49,061.24 "," $46,24,984.23 "," $5,16,937.73 "," $9,85,603.00 ",3.6,27,3660,80,Jeffrey Myers MD,Paul Glover," $34,81,586.74 ",304.49%,Hit,Average
1046,Question enjoy,Thriller,1982,12-12-1982,USA," $52,19,482.45 "," $1,07,49,289.19 "," $1,97,81,206.30 "," $11,43,707.79 "," $47,01,895.74 ",7.1,83,1374,660,William Carpenter,Paige Gonzalez," $1,45,61,723.85 ",278.99%,Hit,Good Performance
1047,Positive drop hour,Comedy,2020,30-11-2020,USA," $55,59,496.18 "," $1,37,13,983.75 "," $2,15,21,225.81 "," $18,35,117.42 "," $74,95,852.48 ",7.1,80,386,438,Courtney Reynolds,Cynthia Little," $1,59,61,729.63 ",287.11%,Hit,Good Performance
1048,Something movement chance,Drama,2009,22-03-2009,USA," $67,02,697.26 "," $65,46,795.81 "," $1,25,35,498.00 "," $15,60,176.56 "," $30,86,406.39 ",7.3,75,4321,1265,Hannah Camacho,Derrick Smith," $58,32,800.74 ",87.02%,flop,Good Performance
1049,Job question rule,Romance,1971,20-04-1971,USA," $22,41,156.20 "," $35,17,721.72 "," $69,30,012.06 "," $9,10,894.23 "," $18,14,638.05 ",6.9,70,1364,50,Jeremy Ray,Thomas Sims," $46,88,855.86 ",209.22%,Hit,Good Performance
1050,Role personal customer,Thriller,2012,06-01-2012,USA," $2,95,48,207.74 "," $4,11,79,506.76 "," $6,94,97,032.44 "," $91,97,484.88 "," $1,75,25,513.07 ",5.2,41,11341,503,Mr. Drew Clark Jr.,Ariel Mills," $3,99,48,824.70 ",135.20%,Hit,Average
1051,Customer one,Sci-Fi,2016,29-07-2016,USA," $17,29,668.12 "," $28,73,074.11 "," $49,66,425.12 "," $5,83,196.45 "," $13,63,509.11 ",6,35,18338,3814,Troy Cochran,Leonard Contreras," $32,36,757.00 ",187.13%,Hit,Good Performance
1052,Raise ball,Comedy,2019,09-01-2019,India," $45,18,253.17 "," $20,64,092.44 "," $45,18,253.17 "," $4,19,021.10 "," $10,95,907.78 ",6.5,80,20692,81,Raymond Morris,John James, $-   ,0.00%,Break_even,Good Performance
1053,Idea interview,Comedy,1962,10-11-1962,USA," $4,70,101.68 "," $3,80,136.40 "," $9,02,929.03 "," $81,176.76 "," $1,56,564.82 ",8.5,91,6193,1226,Diane Skinner,Sharon Brady," $4,32,827.35 ",92.07%,flop,Excellent Performance
1054,Role six real,Drama,1998,03-09-1998,USA," $20,85,324.50 "," $54,64,951.15 "," $92,88,371.74 "," $8,81,031.51 "," $25,93,201.94 ",6.6,73,1483,100,Anthony Henry,Miranda Armstrong," $72,03,047.24 ",345.42%,Hit,Good Performance
1055,Stand yeah,Comedy,1980,23-04-1980,India," $78,24,924.62 "," $1,61,43,243.84 "," $3,29,70,244.47 "," $31,04,235.60 "," $87,54,472.80 ",7.6,83,536,2259,Seth Whitehead,Mark Jones," $2,51,45,319.85 ",321.35%,Hit,Good Performance
1056,Church per late,Horror,2014,28-02-2014,UK," $12,35,993.02 "," $18,08,988.59 "," $30,78,061.65 "," $2,01,168.90 "," $10,72,535.72 ",7,79,511,610,Jeffrey Neal,Marc Vasquez," $18,42,068.63 ",149.04%,Hit,Good Performance
1057,Group avoid,Action,2006,23-06-2006,USA," $4,50,046.29 "," $7,10,121.09 "," $11,54,023.99 "," $1,33,273.29 "," $3,12,518.41 ",6.2,56,4627,1036,Donna Wagner,Michael Gomez," $7,03,977.70 ",156.42%,Hit,Good Performance
1058,Continue international,Thriller,2009,12-09-2009,USA," $44,19,684.48 "," $20,44,605.27 "," $44,19,684.48 "," $5,31,634.10 "," $11,06,401.84 ",5.8,40,3422,1108,Adam Brown,Carolyn Calhoun, $-   ,0.00%,Break_even,Average
1059,Property painting because,Horror,2012,26-11-2012,USA," $3,82,70,014.63 "," $12,20,66,214.50 "," $19,13,34,034.20 "," $1,25,83,871.82 "," $5,31,60,012.22 ",7.3,81,2561,228,Jeffrey Neal,Cassandra Dennis," $15,30,64,019.57 ",399.96%,Hit,Good Performance
1060,Most avoid,Thriller,1959,10-01-1959,Japan," $18,94,454.60 "," $24,19,710.43 "," $55,14,691.04 "," $2,63,936.12 "," $12,89,365.07 ",7.8,90,4824,424,Raymond Morris,Daniel Hughes," $36,20,236.44 ",191.10%,Hit,Good Performance
1061,Agency force,Thriller,1977,17-11-1977,USA," $3,98,203.87 "," $4,42,860.65 "," $9,31,136.09 "," $75,848.82 "," $2,00,599.34 ",5.7,60,2423,2382,Mary Mitchell,Sherry Turner," $5,32,932.22 ",133.83%,Hit,Average
1062,Race then,Action,2015,08-01-2015,USA," $18,18,091.61 "," $14,29,582.81 "," $30,49,430.06 "," $4,11,884.86 "," $7,83,962.76 ",5.2,36,1689,774,Daniel Brown,Mark Morris," $12,31,338.45 ",67.73%,flop,Average
1063,Guess true at,Action,2003,22-05-2003,USA," $3,14,17,076.16 "," $4,46,62,206.98 "," $8,81,63,332.32 "," $71,45,447.27 "," $2,36,15,675.52 ",7.6,74,403,145,Mrs. Hannah Campbell DDS,Christopher Rodgers," $5,67,46,256.16 ",180.62%,Hit,Good Performance
1064,Box away discover,Sci-Fi,1990,08-11-1990,USA," $55,33,580.91 "," $34,48,831.41 "," $55,33,580.91 "," $9,61,053.50 "," $18,79,785.83 ",7.4,77,4716,511,Chad Koch,Leonard Contreras, $-   ,0.00%,Break_even,Good Performance
1065,Expect great price television,Drama,2022,21-05-2022,USA," $2,13,21,550.48 "," $5,80,40,842.35 "," $9,59,10,077.78 "," $1,44,29,252.09 "," $3,37,14,733.07 ",4.2,41,3217,11630,Abigail Robles,Isaiah French," $7,45,88,527.30 ",349.83%,Hit,Average
1066,Practice across,Thriller,1993,28-09-1993,USA," $63,85,500.72 "," $48,68,262.03 "," $1,18,45,483.31 "," $14,02,442.92 "," $23,83,585.90 ",7.9,62,108,656,William Carpenter,Becky Kerr," $54,59,982.59 ",85.51%,flop,Good Performance
1067,Son way,Comedy,2023,05-10-2023,USA," $1,42,354.21 "," $1,34,720.63 "," $3,34,723.96 "," $28,885.55 "," $60,087.33 ",8.6,92,31671,50,Mark Brooks,Tonya Campbell," $1,92,369.75 ",135.13%,Hit,Excellent Performance
1068,Factor,Comedy,1965,12-02-1965,USA," $3,41,592.09 "," $2,48,986.22 "," $5,45,518.52 "," $59,825.35 "," $1,17,056.41 ",5.2,30,2587,107,Michael Chung,Robert Walker," $2,03,926.43 ",59.70%,flop,Average
1069,Great sit,Action,1991,18-05-1991,China," $44,20,720.34 "," $57,05,110.61 "," $1,20,68,413.89 "," $6,15,494.56 "," $34,09,484.40 ",6.7,62,1616,50,Seth Whitehead,Sheila Dunn," $76,47,693.55 ",173.00%,Hit,Good Performance
1070,Energy play,Horror,2003,11-01-2003,USA," $34,92,376.49 "," $96,46,621.36 "," $1,51,25,633.71 "," $18,90,000.27 "," $55,90,488.04 ",4.7,54,8397,50,Emily Miller,Elizabeth Shannon," $1,16,33,257.22 ",333.10%,Hit,Average
1071,Become evidence just,Drama,2014,21-09-2014,USA," $10,34,639.18 "," $25,51,240.12 "," $44,35,676.17 "," $3,36,236.07 "," $15,27,339.73 ",7.6,72,5538,126,Joshua Baker,Dennis Perry," $34,01,036.99 ",328.72%,Hit,Good Performance
1072,Accept team significant,Horror,1968,14-01-1968,USA," $53,30,464.87 "," $25,56,811.71 "," $53,30,464.87 "," $6,82,844.03 "," $14,21,446.85 ",6.1,52,2984,193,John Jones,Cody Peters, $-   ,0.00%,Break_even,Good Performance
1073,Society whom Mrs,Drama,1951,01-02-1951,USA," $3,02,299.28 "," $3,30,866.22 "," $5,65,242.76 "," $64,862.82 "," $1,78,326.48 ",6.5,69,584,235,Albert Phillips,Miss Jennifer Parsons," $2,62,943.48 ",86.98%,flop,Good Performance
1074,Beyond brother structure,Action,1974,06-07-1974,USA," $3,54,04,920.34 "," $6,20,44,301.78 "," $14,18,78,723.90 "," $1,67,04,944.24 "," $3,58,66,041.30 ",7.1,74,1163,77,Donna Wagner,Carl Schneider," $10,64,73,803.56 ",300.73%,Hit,Good Performance
1075,Trade worker college total,Drama,2009,05-04-2009,Japan," $6,67,458.75 "," $15,14,116.43 "," $25,74,877.99 "," $2,38,896.85 "," $6,59,229.29 ",6.2,48,20132,98,Ashley Medina,Kathy Marshall," $19,07,419.24 ",285.77%,Hit,Good Performance
1076,Despite different project,Drama,2003,30-01-2003,UK," $62,99,217.64 "," $82,84,050.36 "," $1,18,58,590.39 "," $17,69,099.38 "," $40,18,095.34 ",5.5,70,43182,239,Joshua Baker,Nicole Dawson," $55,59,372.75 ",88.25%,flop,Average
1077,Keep property agreement,Drama,1977,23-03-1977,USA," $4,01,810.21 "," $7,09,680.06 "," $17,47,138.77 "," $1,40,874.70 "," $3,77,568.97 ",8.3,90,839,1299,Kayla Young,Nicholas Richards," $13,45,328.56 ",334.82%,Hit,Excellent Performance
1078,Take say,Action,1984,15-09-1984,USA," $9,58,013.90 "," $15,15,664.36 "," $24,62,337.64 "," $3,55,439.63 "," $7,97,829.62 ",7.7,89,456,5335,Roberto Underwood,Casey Collins," $15,04,323.74 ",157.03%,Hit,Good Performance
1079,Perhaps director cup least,Thriller,1970,11-08-1970,USA," $2,72,959.76 "," $1,62,449.51 "," $2,72,959.76 "," $33,036.19 "," $93,021.00 ",5.4,42,226,15710,Ryan Tate,Kimberly Wolf, $-   ,0.00%,Break_even,Average
1080,What pretty argue,Drama,1998,14-05-1998,USA," $11,55,578.09 "," $22,49,855.09 "," $37,18,235.84 "," $5,23,600.63 "," $13,47,882.92 ",4.6,37,5686,357,Mary Mitchell,Dalton Johnson," $25,62,657.75 ",221.76%,Hit,Average
1081,Range many,Drama,1989,24-06-1989,USA," $2,92,01,050.98 "," $3,49,10,126.93 "," $6,27,24,744.36 "," $49,64,691.79 "," $1,55,73,194.38 ",7.6,66,4901,5488,Michelle Collins,Lorraine White DDS," $3,35,23,693.38 ",114.80%,Hit,Good Performance
1082,Get whole,Comedy,1999,01-04-1999,USA," $74,05,799.01 "," $46,11,432.27 "," $74,05,799.01 "," $7,52,725.00 "," $18,99,360.90 ",8.5,80,6045,57,Chad Peters MD,Brittany Kelly, $-   ,0.00%,Break_even,Excellent Performance
1083,Return speech,Drama,1952,28-06-1952,USA," $8,31,630.16 "," $4,05,975.79 "," $9,59,039.41 "," $93,661.78 "," $2,08,382.37 ",6.6,89,1931,491,Ryan Tate,Nicholas Richards," $1,27,409.25 ",15.32%,flop,Good Performance
1084,Believe,Comedy,1959,27-12-1959,USA," $28,78,228.97 "," $12,10,057.15 "," $28,78,228.97 "," $2,11,634.04 "," $5,76,660.77 ",4.2,50,46890,790,Kelsey Ellis,Kimberly Johnson, $-   ,0.00%,Break_even,Average
1085,But history best,Sci-Fi,1990,28-07-1990,USA," $23,40,885.95 "," $43,72,458.49 "," $69,58,708.86 "," $10,26,666.70 "," $23,83,062.56 ",4.7,51,2508,3508,Paul Weiss,Derek Jones," $46,17,822.91 ",197.27%,Hit,Average
1086,Society seat,Action,1988,18-12-1988,Germany," $3,45,13,927.26 "," $2,15,02,376.12 "," $3,60,40,105.86 "," $59,36,287.37 "," $1,00,71,297.83 ",6.4,64,5091,949,Karen Smith,Patrick Barnett," $15,26,178.60 ",4.42%,flop,Good Performance
1087,Another cover knowledge,Comedy,2000,31-10-2000,USA," $1,64,09,344.02 "," $1,86,41,298.41 "," $3,28,70,151.90 "," $46,24,205.00 "," $99,42,364.24 ",5.5,68,2798,1109,Daniel Brown,Elizabeth Holmes," $1,64,60,807.88 ",100.31%,Hit,Average
1088,Board,Comedy,2022,10-10-2022,France," $38,41,590.84 "," $83,89,770.12 "," $1,50,75,515.13 "," $15,11,030.69 "," $43,83,857.05 ",7.3,76,137,680,Tara Underwood,Benjamin Mitchell," $1,12,33,924.29 ",292.43%,Hit,Good Performance
1089,Billion move,Documentary,1988,29-09-1988,USA," $30,02,491.70 "," $15,03,227.63 "," $30,02,491.70 "," $4,07,525.27 "," $8,46,104.09 ",6.4,66,1395,13286,Melanie Olson,Ashley Pena, $-   ,0.00%,Break_even,Good Performance
1090,Likely stand,Horror,2018,12-07-2018,South Korea," $1,11,75,277.24 "," $2,07,32,568.89 "," $4,95,03,358.01 "," $55,29,610.13 "," $1,07,68,049.49 ",7.6,85,297,91,Claudia Smith,Monique Harris," $3,83,28,080.77 ",342.97%,Hit,Good Performance
1091,Huge over,Documentary,2020,24-09-2020,France," $29,10,481.85 "," $19,83,793.70 "," $29,10,481.85 "," $5,55,352.32 "," $9,00,430.88 ",8.5,64,827,192,Amanda Montgomery,Melissa Morales, $-   ,0.00%,Break_even,Excellent Performance
1092,President these plant,Comedy,2018,19-04-2018,USA," $77,58,424.49 "," $2,58,04,335.69 "," $3,70,36,445.24 "," $27,87,250.24 "," $1,15,36,354.85 ",7.6,90,830,86,Mark Moody,Ryan Hood," $2,92,78,020.75 ",377.37%,Hit,Good Performance
1093,Grow remain,Action,2011,13-12-2011,USA," $1,09,35,732.14 "," $73,19,421.63 "," $1,09,35,732.14 "," $7,67,312.24 "," $31,40,626.48 ",5,47,854,348,Kevin Green,Jennifer Moore, $-   ,0.00%,Break_even,Average
1094,Moment prepare class,Drama,2012,04-08-2012,USA," $74,75,417.08 "," $1,02,69,430.82 "," $1,98,00,220.50 "," $27,78,480.67 "," $41,70,368.98 ",4.8,51,4120,247,Robert Webster,Rachel Howard," $1,23,24,803.42 ",164.87%,Hit,Average
1095,Ability focus story,Comedy,1980,18-08-1980,France," $18,84,413.03 "," $33,13,379.57 "," $82,57,371.89 "," $9,38,006.48 "," $15,99,564.28 ",6.8,96,979,50,Jonathan Evans,Duane Fletcher DDS," $63,72,958.86 ",338.19%,Hit,Good Performance
1096,Because move industry,Horror,2023,16-02-2023,USA," $10,76,498.52 "," $14,69,805.39 "," $27,43,558.77 "," $2,19,367.32 "," $6,22,864.82 ",7.2,68,24003,1741,Carolyn Schwartz,Sydney Jordan," $16,67,060.25 ",154.86%,Hit,Good Performance
1097,Parent white party,Action,1972,13-01-1972,USA," $6,28,73,918.87 "," $12,25,35,341.10 "," $22,82,13,638.50 "," $2,62,20,737.89 "," $6,61,18,681.01 ",5.9,49,13182,566,Karen Smith,Meghan Johnson," $16,53,39,719.63 ",262.97%,Hit,Average
1098,Town market and,Comedy,1967,18-12-1967,USA," $6,42,080.28 "," $5,46,094.63 "," $11,73,659.72 "," $57,247.50 "," $2,79,354.01 ",7.8,85,275,332,Maria Lane,Nicole Turner," $5,31,579.44 ",82.79%,flop,Good Performance
1099,Education travel democratic choose,Comedy,2015,04-10-2015,USA," $1,34,38,727.81 "," $80,00,226.97 "," $1,95,61,042.82 "," $23,85,531.21 "," $34,45,903.93 ",8.6,91,11622,54,Michael Chung,Brandi Moon," $61,22,315.01 ",45.56%,flop,Excellent Performance
1100,Sure last recognize,Drama,1989,01-06-1989,USA," $39,70,217.74 "," $84,57,478.25 "," $1,56,25,969.30 "," $15,56,562.90 "," $49,87,089.50 ",7.1,68,398,1044,Joshua Baker,April Murphy," $1,16,55,751.56 ",293.58%,Hit,Good Performance
1101,Rise right,Romance,1975,14-03-1975,USA," $15,68,251.08 "," $8,27,187.46 "," $15,68,251.08 "," $1,36,317.82 "," $3,57,200.83 ",4.6,39,166,294,Nathan Bolton,Darren Jones, $-   ,0.00%,Break_even,Average
1102,Court available will,Romance,2018,18-07-2018,USA," $1,20,38,699.27 "," $1,07,49,596.77 "," $1,95,54,112.27 "," $24,27,045.25 "," $50,66,873.86 ",7.7,77,1121,1300,Elizabeth Lane,Donald Benson," $75,15,413.00 ",62.43%,flop,Good Performance
1103,Special near president,Drama,2018,15-06-2018,USA," $13,68,690.23 "," $31,78,331.46 "," $52,02,638.67 "," $3,42,167.07 "," $15,57,943.98 ",4.8,56,9264,4105,Seth Whitehead,Christina Buchanan," $38,33,948.44 ",280.12%,Hit,Average
1104,Air member,Comedy,2013,31-10-2013,USA," $1,51,11,703.99 "," $2,44,12,660.45 "," $5,30,00,962.06 "," $57,93,948.06 "," $1,22,10,382.92 ",5.8,43,1925,3686,Seth Whitehead,Sharon Brady," $3,78,89,258.07 ",250.73%,Hit,Average
1105,Mother voice bad,Action,2021,06-12-2021,USA," $23,01,109.66 "," $10,62,746.23 "," $24,48,110.08 "," $1,16,770.98 "," $4,35,361.89 ",8.5,91,5998,289,Heidi Cisneros,Douglas Bullock," $1,47,000.42 ",6.39%,flop,Excellent Performance
1106,Responsibility wait,Action,2001,11-04-2001,India," $7,59,87,727.85 "," $13,55,86,247.40 "," $19,39,62,265.70 "," $2,13,11,490.97 "," $5,42,87,992.34 ",5.4,53,543,461,Sophia Gomez,Mark Morris," $11,79,74,537.85 ",155.25%,Hit,Average
1107,Institution region partner,Sci-Fi,2021,30-10-2021,Canada," $22,15,490.87 "," $28,63,558.88 "," $47,92,983.76 "," $2,98,488.13 "," $11,69,182.89 ",7.7,78,1500,241,Samantha Campbell,Teresa Santos PhD," $25,77,492.89 ",116.34%,Hit,Good Performance
1108,Born identify,Horror,2009,17-02-2009,USA," $6,50,981.49 "," $3,82,939.02 "," $6,50,981.49 "," $96,728.75 "," $1,72,298.51 ",9,70,9103,116,Sophia Gomez,William Crawford, $-   ,0.00%,Break_even,Excellent Performance
1109,Buy appear tree,Drama,1955,19-04-1955,USA," $1,23,63,607.28 "," $71,60,519.24 "," $1,23,63,607.28 "," $16,51,092.72 "," $32,95,445.38 ",5,53,748,836,Susan Farley,Tami Miranda, $-   ,0.00%,Break_even,Average
1110,Above its,Action,1991,21-12-1991,USA," $7,23,831.61 "," $10,90,488.33 "," $22,22,416.64 "," $1,78,845.23 "," $5,85,630.03 ",8.2,81,8820,162,Chad Peters MD,Sharon Brady," $14,98,585.03 ",207.04%,Hit,Excellent Performance
1111,Blood bad white speech,Thriller,2006,23-04-2006,USA," $1,23,07,966.94 "," $3,76,34,322.57 "," $5,86,72,756.43 "," $1,00,40,721.84 "," $1,59,40,533.44 ",8.7,84,13411,97,Melissa Cohen,David Perez," $4,63,64,789.49 ",376.71%,Hit,Excellent Performance
1112,Clear close house,Action,2024,12-10-2024,Canada," $36,94,488.75 "," $15,37,199.66 "," $36,94,488.75 "," $2,34,621.51 "," $8,15,484.43 ",8.3,85,2353,228,Mrs. Hannah Campbell DDS,Sarah Ross, $-   ,0.00%,Break_even,Excellent Performance
1113,Simply offer rock,Action,2015,12-07-2015,Australia," $37,85,309.30 "," $66,78,613.78 "," $1,51,47,292.03 "," $14,86,818.63 "," $35,47,800.70 ",7.4,72,69223,1128,Michael Richards,Mathew Castillo," $1,13,61,982.73 ",300.16%,Hit,Good Performance
1114,Under officer for,Comedy,2024,20-03-2024,USA," $5,12,176.82 "," $4,89,582.32 "," $7,12,811.82 "," $89,588.04 "," $2,15,142.71 ",6.1,51,2174,50,Diane Skinner,Sabrina Massey," $2,00,635.00 ",39.17%,flop,Good Performance
1115,Follow community,Action,1951,17-12-1951,Canada," $47,25,534.99 "," $53,17,358.21 "," $88,27,437.95 "," $10,84,775.32 "," $29,21,289.72 ",5.1,50,966,50,David Perez,Paul Glover," $41,01,902.96 ",86.80%,flop,Average
1116,Decade individual,Drama,1977,14-11-1977,China," $86,82,468.04 "," $1,10,07,857.42 "," $2,52,53,356.78 "," $25,95,182.37 "," $61,49,990.58 ",5.8,45,51740,76,Carolyn Schwartz,Andrew Lyons," $1,65,70,888.74 ",190.85%,Hit,Average
1117,Director source under,Comedy,1999,09-05-1999,Japan," $12,35,513.64 "," $7,88,327.43 "," $19,37,683.45 "," $1,28,763.30 "," $3,64,240.60 ",4.2,36,893,1017,Nicholas Murphy,William Washington," $7,02,169.81 ",56.83%,flop,Average
1118,Successful successful four,Drama,1979,26-08-1979,USA," $16,79,783.35 "," $27,43,220.10 "," $43,63,427.27 "," $7,10,486.96 "," $13,01,503.61 ",7.6,85,1835,4289,James Miller,Tracy Williams," $26,83,643.92 ",159.76%,Hit,Good Performance
1119,Friend,Thriller,2018,18-07-2018,UK," $43,57,775.35 "," $74,41,144.07 "," $1,28,57,863.12 "," $9,02,617.40 "," $32,87,419.28 ",5.1,50,1635,50,Brooke Morales,Andrew Lyons," $85,00,087.77 ",195.06%,Hit,Average
1120,Tonight avoid,Romance,2014,29-07-2014,USA," $93,29,122.39 "," $2,46,91,897.99 "," $4,13,25,462.49 "," $31,66,837.46 "," $1,12,73,136.50 ",7.3,72,634,50,Denise Horne,Jennifer Cook," $3,19,96,340.10 ",342.97%,Hit,Good Performance
1121,Although rise figure,Drama,2002,29-11-2002,USA," $1,90,317.89 "," $1,50,986.01 "," $2,91,734.33 "," $45,139.29 "," $74,892.69 ",7.2,57,314,3744,Paul Weiss,Robert Walker," $1,01,416.44 ",53.29%,flop,Good Performance
1122,Morning action,Romance,2012,18-03-2012,USA," $25,61,037.41 "," $59,29,459.61 "," $1,04,46,618.89 "," $15,22,439.52 "," $30,26,530.59 ",5.1,31,620,2373,Benjamin Hudson,Cody Peters," $78,85,581.48 ",307.91%,Hit,Average
1123,Write claim,Drama,2014,12-10-2014,Japan," $99,20,276.37 "," $61,11,401.07 "," $1,14,67,402.14 "," $10,31,029.37 "," $27,55,115.15 ",4.5,32,11288,3204,Kevin Green,Lynn Pierce," $15,47,125.77 ",15.60%,flop,Average
1124,Republican should wife,Action,2018,26-02-2018,USA," $2,54,344.17 "," $8,15,987.01 "," $12,63,459.64 "," $1,22,193.90 "," $3,75,880.82 ",8.2,73,2729,85,Brenda Smith,Sharon Brady," $10,09,115.47 ",396.75%,Hit,Excellent Performance
1125,Major any find,Drama,2016,12-01-2016,South Korea," $76,11,430.32 "," $52,51,756.32 "," $76,11,430.32 "," $11,01,466.61 "," $24,10,321.06 ",8.6,82,336,214,Darrell Carlson,Shawna Bryant, $-   ,0.00%,Break_even,Excellent Performance
1126,Activity miss though,Drama,1954,12-09-1954,USA," $8,22,76,687.23 "," $5,63,04,073.56 "," $8,22,76,687.23 "," $75,94,083.16 "," $3,19,54,855.26 ",7.9,76,1854,383,Anthony Henry,Karen Shaffer, $-   ,0.00%,Break_even,Good Performance
1127,Society trial,Comedy,1996,01-06-1996,USA," $38,09,505.16 "," $90,49,112.43 "," $1,49,94,515.11 "," $10,67,951.93 "," $53,85,118.89 ",8.8,98,2410,2489,Vanessa Fox,Samantha Sanders," $1,11,85,009.95 ",293.61%,Hit,Excellent Performance
1128,Type Republican,Action,2010,01-01-2010,France," $5,56,705.19 "," $3,36,324.82 "," $7,84,198.12 "," $60,274.22 "," $1,79,140.27 ",8.7,75,15024,50,Ryan Tate,Lauren Horton," $2,27,492.93 ",40.86%,flop,Excellent Performance
1129,Else office,Horror,2024,12-04-2024,USA," $19,09,635.25 "," $37,08,448.50 "," $79,02,195.64 "," $9,69,867.17 "," $18,45,668.86 ",6.4,67,4040,933,Albert Phillips,Shawn Washington," $59,92,560.39 ",313.81%,Hit,Good Performance
1130,Say him happen,Action,1994,27-04-1994,USA," $4,32,233.02 "," $4,37,694.57 "," $6,55,915.40 "," $45,555.89 "," $2,30,594.28 ",6.9,70,982,620,Megan Sharp,Benjamin Walters," $2,23,682.38 ",51.75%,flop,Good Performance
1131,Full attention per,Comedy,2016,03-12-2016,USA," $19,26,048.83 "," $48,11,220.40 "," $76,01,907.84 "," $11,31,260.38 "," $22,60,252.61 ",7.1,79,3295,1750,Lori Callahan,John Jones," $56,75,859.01 ",294.69%,Hit,Good Performance
1132,Ground since might,Documentary,1994,25-04-1994,Germany," $5,61,968.19 "," $14,03,509.31 "," $25,74,695.94 "," $3,00,005.74 "," $6,00,245.02 ",7.9,68,211,90,Bryan Murray,Jason Ramos," $20,12,727.75 ",358.16%,Hit,Good Performance
1133,Approach sea important,Comedy,2010,22-06-2010,USA," $14,45,625.21 "," $30,85,725.21 "," $48,21,493.25 "," $5,27,944.50 "," $13,45,806.01 ",8.8,100,6634,281,David Lee,John Strickland," $33,75,868.04 ",233.52%,Hit,Excellent Performance
1134,Both back these,Drama,1981,12-04-1981,Canada," $7,09,878.92 "," $14,63,638.49 "," $23,53,786.12 "," $4,07,064.87 "," $6,40,129.25 ",3.7,32,4835,1381,Mary Mitchell,Julie Hoffman," $16,43,907.20 ",231.58%,Hit,Average
1135,So car hit,Drama,2019,09-10-2019,Canada," $12,76,772.77 "," $6,58,535.11 "," $16,02,730.36 "," $1,94,358.58 "," $3,50,877.30 ",7.3,63,1478,50,Susan Farley,Dennis Perry," $3,25,957.59 ",25.53%,flop,Good Performance
1136,Wear deep,Documentary,1981,23-10-1981,USA," $29,08,684.86 "," $63,52,543.87 "," $1,32,51,832.21 "," $7,79,258.19 "," $33,84,530.91 ",5.7,59,1275,402,Kim Watkins,Kristin Cook," $1,03,43,147.35 ",355.60%,Hit,Average
1137,National year,Comedy,2017,22-11-2017,Australia," $68,39,025.37 "," $53,95,075.56 "," $86,51,585.47 "," $15,40,746.02 "," $23,06,490.95 ",8.4,71,4787,4316,Eric Ramirez,Chelsea Armstrong," $18,12,560.10 ",26.50%,flop,Excellent Performance
1138,Something total development,Drama,2001,26-09-2001,USA," $55,83,931.28 "," $58,73,233.24 "," $85,08,582.18 "," $14,89,127.37 "," $24,79,073.93 ",5.6,59,5055,50,Jerry Owens,Kimberly Ramirez," $29,24,650.90 ",52.38%,flop,Average
1139,Onto information,Drama,1975,19-06-1975,Australia," $6,24,926.21 "," $15,69,427.86 "," $23,18,898.57 "," $3,15,597.97 "," $6,81,356.56 ",7.1,69,993,308,Kristina Moore,Shawn Washington," $16,93,972.36 ",271.07%,Hit,Good Performance
1140,Forget for anything,Documentary,2024,31-03-2024,USA," $7,22,066.13 "," $18,70,852.36 "," $30,37,595.18 "," $4,08,263.06 "," $9,79,860.61 ",7.4,94,278,1211,Mrs. Hannah Campbell DDS,David Martin," $23,15,529.05 ",320.68%,Hit,Good Performance
1141,Data,Comedy,1996,09-01-1996,USA," $4,57,69,027.47 "," $14,74,12,538.60 "," $22,45,61,991.20 "," $1,90,44,104.22 "," $7,34,20,814.39 ",7.9,67,1108,1258,Julie Maxwell,Jennifer Leach," $17,87,92,963.73 ",390.64%,Hit,Good Performance
1142,Begin draw,Documentary,2016,18-11-2016,USA," $1,70,75,027.80 "," $4,75,45,253.27 "," $8,33,23,654.25 "," $1,20,27,443.92 "," $2,81,87,989.70 ",4.9,33,962,50,Joseph Willis,Diane Jacobs," $6,62,48,626.45 ",387.99%,Hit,Average
1143,Boy like indicate,Sci-Fi,2024,04-07-2024,USA," $17,44,633.92 "," $46,78,278.53 "," $83,79,528.05 "," $6,75,979.34 "," $22,52,786.94 ",8.1,68,1226,50,Brandon Fuller,Matthew Simmons," $66,34,894.13 ",380.30%,Hit,Excellent Performance
1144,Hotel development animal,Thriller,2005,24-01-2005,USA," $8,86,73,776.01 "," $4,82,19,856.94 "," $9,18,72,868.43 "," $88,71,664.46 "," $2,63,14,690.02 ",8.4,89,681,252,Thomas Peterson,Michael Ramirez," $31,99,092.42 ",3.61%,flop,Excellent Performance
1145,Born sport important,Romance,2012,08-01-2012,USA," $1,35,51,966.82 "," $2,53,01,868.26 "," $5,76,40,609.00 "," $74,70,440.64 "," $1,04,47,527.27 ",8.5,81,724,50,Faith Franklin,James Nichols," $4,40,88,642.18 ",325.33%,Hit,Excellent Performance
1146,Watch kitchen amount rate,Romance,2003,17-02-2003,USA," $12,95,256.39 "," $26,64,588.14 "," $61,67,031.11 "," $7,83,105.63 "," $12,37,408.39 ",5.1,55,3354,525,Michael Manning,Courtney Butler," $48,71,774.72 ",376.12%,Hit,Average
1147,Tough,Drama,1966,02-05-1966,USA," $6,67,170.63 "," $9,06,739.02 "," $15,53,392.68 "," $1,05,428.65 "," $5,14,549.24 ",7.4,90,2379,651,Maria Lane,Daniel Hughes," $8,86,222.05 ",132.83%,Hit,Good Performance
1148,Hotel maintain,Drama,2024,22-08-2024,China," $2,26,655.71 "," $4,16,988.97 "," $9,55,650.85 "," $1,10,576.13 "," $2,29,648.05 ",6.3,60,2346,2265,Jerry Owens,Melissa Morales," $7,28,995.14 ",321.63%,Hit,Good Performance
1149,Room resource,Horror,1981,11-04-1981,USA," $72,33,938.00 "," $1,17,10,700.28 "," $1,78,14,744.02 "," $11,71,414.53 "," $52,31,099.11 ",9.8,99,8410,1757,Troy Cochran,David Lopez," $1,05,80,806.02 ",146.27%,Hit,Excellent Performance
1150,Center every,Action,2009,19-01-2009,USA," $2,17,997.48 "," $2,29,763.39 "," $5,24,831.87 "," $46,640.92 "," $1,10,624.62 ",6.3,75,5172,10434,Melissa Cohen,Anthony Cross," $3,06,834.39 ",140.75%,Hit,Good Performance
1151,Experience begin,Drama,2017,27-12-2017,India," $21,68,093.40 "," $42,83,145.35 "," $93,12,692.29 "," $7,19,731.56 "," $19,15,937.21 ",6.5,69,1811,252,Patricia Munoz,Teresa Santos PhD," $71,44,598.89 ",329.53%,Hit,Good Performance
1152,Write claim,Drama,2017,19-09-2017,Germany," $23,64,163.02 "," $20,25,983.02 "," $29,89,662.97 "," $3,31,869.95 "," $8,52,585.92 ",6.6,73,2089,271,Mary Mitchell,Ronald Thompson DDS," $6,25,499.95 ",26.46%,flop,Good Performance
1153,Those their,Drama,1972,16-09-1972,USA," $6,69,674.55 "," $9,52,227.23 "," $18,98,626.51 "," $1,14,083.19 "," $5,51,930.56 ",6.8,78,3545,2269,Michael Chung,Stephanie Stokes," $12,28,951.96 ",183.51%,Hit,Good Performance
1154,Turn manager well,Action,1990,19-05-1990,Canada," $1,44,338.43 "," $3,12,792.98 "," $5,23,843.82 "," $66,183.93 "," $1,55,148.96 ",5.3,59,18330,58,Robert Webster,Carla Dougherty," $3,79,505.39 ",262.93%,Hit,Average
1155,Space position imagine,Horror,2003,26-04-2003,Japan," $4,97,289.92 "," $9,59,605.95 "," $21,20,940.45 "," $2,60,753.07 "," $5,72,739.22 ",8.7,95,1545,134,Michael Richards,Ronald Thompson DDS," $16,23,650.53 ",326.50%,Hit,Excellent Performance
1156,Although most,Horror,2006,02-11-2006,Australia," $37,50,373.44 "," $63,69,299.93 "," $1,09,28,339.53 "," $15,22,639.59 "," $30,50,967.46 ",7.1,72,781,1142,Anthony Rowland,Lisa Castro," $71,77,966.09 ",191.39%,Hit,Good Performance
1157,Half mouth learn,Drama,1995,12-01-1995,USA," $19,59,154.05 "," $13,07,733.76 "," $26,23,286.02 "," $2,45,984.67 "," $7,83,504.78 ",5.5,57,740,6754,Colleen Willis,Ashley Gilmore," $6,64,131.97 ",33.90%,flop,Average
1158,Mrs reality,Drama,1979,06-02-1979,India," $2,80,25,959.27 "," $3,50,89,109.18 "," $8,68,30,125.56 "," $91,55,238.89 "," $2,04,84,388.23 ",10,100,6475,50,Seth Whitehead,Lisa Castro," $5,88,04,166.29 ",209.82%,Hit,Excellent Performance
1159,Tend sort,Sci-Fi,1999,11-04-1999,USA," $6,56,966.84 "," $7,50,239.12 "," $16,10,492.68 "," $81,778.00 "," $3,38,457.94 ",5.8,65,7195,1951,Susan Farley,Joseph Contreras," $9,53,525.84 ",145.14%,Hit,Average
1160,Matter home nearly,Drama,1987,12-04-1987,USA," $25,61,192.57 "," $17,09,632.23 "," $25,61,192.57 "," $3,19,427.72 "," $8,46,194.77 ",6,71,1305,3176,Jessica Gonzalez,William Washington, $-   ,0.00%,Break_even,Good Performance
1161,Focus mention huge,Drama,1992,18-09-1992,USA," $24,34,09,255.90 "," $54,48,46,874.00 "," $80,82,68,731.20 "," $8,83,77,486.26 "," $21,95,13,164.40 ",4.8,42,1730,15866,Donna Wagner,Lorraine White DDS," $56,48,59,475.30 ",232.06%,Hit,Average
1162,Country usually,Drama,1983,12-06-1983,USA," $5,32,42,232.07 "," $4,63,28,097.93 "," $7,01,94,518.49 "," $1,14,85,899.75 "," $2,46,69,714.46 ",6.6,72,3460,2179,Joseph Willis,Sandra Farmer," $1,69,52,286.42 ",31.84%,flop,Good Performance
1163,Physical themselves money,Romance,2011,17-05-2011,USA," $43,60,610.82 "," $35,87,340.31 "," $62,80,880.03 "," $4,28,477.67 "," $19,70,582.28 ",4.9,41,37426,2362,Shannon Ross,Alison Clark," $19,20,269.21 ",44.04%,flop,Average
1164,Able raise,Action,1996,03-03-1996,USA," $25,33,720.79 "," $29,06,146.20 "," $53,48,548.91 "," $6,94,461.75 "," $11,96,916.64 ",7.9,68,16017,584,Jerry Owens,Benjamin Mitchell," $28,14,828.12 ",111.09%,Hit,Good Performance
1165,Yourself wrong appear,Drama,1963,01-08-1963,USA," $51,53,211.79 "," $47,13,688.16 "," $1,03,59,789.05 "," $6,03,919.55 "," $26,90,788.66 ",8.3,83,1269,231,Suzanne Gonzalez,Dustin Jackson," $52,06,577.26 ",101.04%,Hit,Excellent Performance
1166,Though capital expect,Romance,2008,08-10-2008,USA," $6,05,766.83 "," $11,05,323.18 "," $21,52,348.59 "," $2,45,731.10 "," $5,64,181.56 ",5.1,51,5739,220,Philip Simmons,Pamela Lopez," $15,46,581.76 ",255.31%,Hit,Average
1167,Face woman bring,Comedy,2019,06-02-2019,France," $51,31,353.93 "," $1,33,39,041.94 "," $2,40,09,398.36 "," $38,71,081.24 "," $65,41,827.38 ",6.7,57,6521,50,Chad Koch,Amanda Jenkins," $1,88,78,044.43 ",367.90%,Hit,Good Performance
1168,Save recent,Horror,1996,05-05-1996,USA," $1,21,726.24 "," $2,37,350.94 "," $5,68,651.49 "," $60,779.06 "," $95,979.97 ",7.1,47,164,2120,Susan Farley,Mark Smith," $4,46,925.25 ",367.16%,Hit,Good Performance
1169,Performance raise he skin,Horror,1978,25-02-1978,USA," $10,25,545.99 "," $5,35,849.47 "," $10,45,820.74 "," $58,475.55 "," $3,06,845.62 ",6.8,76,11002,545,Brooke Morales,Ashley French," $20,274.75 ",1.98%,flop,Good Performance
1170,Even class table,Comedy,1986,18-04-1986,China," $1,52,71,272.48 "," $2,00,06,333.63 "," $2,91,22,499.94 "," $30,15,250.65 "," $1,13,53,979.40 ",4.9,36,34518,387,Brandon Fuller,Amanda Jenkins," $1,38,51,227.46 ",90.70%,flop,Average
1171,Argue operation,Romance,2019,29-05-2019,USA," $5,22,47,346.47 "," $7,88,87,184.63 "," $17,14,19,716.50 "," $1,04,02,072.09 "," $3,27,78,901.33 ",4.3,55,376,540,Mary Mitchell,Casey Collins," $11,91,72,370.03 ",228.09%,Hit,Average
1172,Market miss wrong,Comedy,2023,22-12-2023,USA," $5,33,90,250.59 "," $5,69,17,616.10 "," $8,31,61,309.59 "," $79,97,662.74 "," $2,33,18,498.58 ",4.5,42,2672,73,Joshua Baker,Monique Harris," $2,97,71,059.00 ",55.76%,flop,Average
1173,Difference sport face,Romance,2003,17-12-2003,USA," $63,72,876.53 "," $1,28,39,539.58 "," $2,06,62,581.68 "," $19,11,424.68 "," $53,33,190.10 ",7.6,76,476,1215,Jerry Owens,Richard Miller," $1,42,89,705.15 ",224.23%,Hit,Good Performance
1174,Care similar think action,Sci-Fi,2021,14-07-2021,USA," $19,45,31,542.80 "," $57,09,56,412.80 "," $93,75,62,376.00 "," $12,80,35,646.10 "," $25,10,73,427.10 ",6.9,61,5834,2460,Bethany Rodriguez,Trevor Lee," $74,30,30,833.20 ",381.96%,Hit,Good Performance
1175,Citizen movie year,Drama,2013,02-10-2013,USA," $2,88,52,948.81 "," $7,09,10,966.35 "," $13,90,80,194.10 "," $1,40,72,877.44 "," $4,13,11,639.21 ",7.3,60,146,278,Maria Lane,Jason Mercer," $11,02,27,245.29 ",382.03%,Hit,Good Performance
1176,None soon structure,Thriller,1977,28-12-1977,USA," $1,70,15,787.33 "," $2,00,31,605.77 "," $4,55,51,700.48 "," $59,88,407.02 "," $98,27,215.74 ",6.8,56,1605,133,Ryan Tate,Olivia Ortiz," $2,85,35,913.15 ",167.70%,Hit,Good Performance
1177,Exist president manager,Drama,2017,12-03-2017,USA," $16,35,924.79 "," $20,57,654.45 "," $34,17,794.66 "," $4,08,533.83 "," $8,36,684.49 ",5.2,61,3280,101,James Cross,Sierra Brooks," $17,81,869.87 ",108.92%,Hit,Average
1178,Show top decide,Comedy,2020,08-08-2020,USA," $18,89,009.42 "," $45,70,770.74 "," $77,97,252.07 "," $6,29,559.38 "," $19,45,668.88 ",7.3,58,8563,1868,Nathan Bolton,Kevin Fernandez," $59,08,242.65 ",312.77%,Hit,Good Performance
1179,Attention for,Thriller,2020,15-01-2020,USA," $60,73,004.04 "," $1,03,74,241.04 "," $1,66,29,640.92 "," $24,17,496.88 "," $52,93,004.87 ",8.3,92,3588,72,Donna Wagner,Kathryn Stevenson," $1,05,56,636.88 ",173.83%,Hit,Excellent Performance
1180,Training director suggest,Comedy,1981,04-08-1981,China," $9,69,226.45 "," $7,56,102.04 "," $13,54,033.33 "," $1,17,940.93 "," $4,11,454.13 ",4.2,66,2705,536,Jeremy Ray,David Martin," $3,84,806.88 ",39.70%,flop,Average
1181,A from,Comedy,1984,22-01-1984,USA," $1,97,75,873.90 "," $5,80,34,856.83 "," $9,58,11,023.50 "," $1,35,89,719.12 "," $2,53,68,769.99 ",9.1,82,847,115,Brenda Smith,Eric Obrien," $7,60,35,149.60 ",384.48%,Hit,Excellent Performance
1182,Impact use,Comedy,1996,23-06-1996,USA," $5,10,034.26 "," $6,46,913.07 "," $11,22,419.18 "," $73,748.64 "," $2,86,610.08 ",8.3,78,10318,50,Michelle Collins,Mark Morris," $6,12,384.92 ",120.07%,Hit,Excellent Performance
1183,Around,Comedy,1999,29-06-1999,USA," $49,25,421.63 "," $61,52,896.78 "," $1,33,63,390.41 "," $10,86,422.09 "," $27,42,521.43 ",7.1,67,3910,1626,Robin Hooper,Johnathan Chen," $84,37,968.78 ",171.31%,Hit,Good Performance
1184,Both hard,Drama,2018,21-01-2018,USA," $1,34,92,249.77 "," $1,86,90,291.73 "," $4,30,96,566.24 "," $41,55,693.22 "," $98,54,195.92 ",4.6,47,2390,759,Robert Webster,James Nichols," $2,96,04,316.47 ",219.42%,Hit,Average
1185,Push analysis financial wonder,Drama,1983,18-07-1983,India," $1,00,41,920.73 "," $52,75,349.56 "," $1,00,41,920.73 "," $5,27,764.63 "," $21,38,214.27 ",5,50,38316,969,Adriana Campbell,Sarah Ross, $-   ,0.00%,Break_even,Average
1186,Note argue,Thriller,1983,02-01-1983,USA," $67,75,482.94 "," $62,16,725.30 "," $1,16,05,188.94 "," $12,96,948.86 "," $35,83,197.08 ",3.9,41,3453,745,Jordan Orozco,Samantha Sanders," $48,29,706.00 ",71.28%,flop,Average
1187,Argue high hundred,Action,2019,31-03-2019,USA," $3,70,46,727.82 "," $4,13,65,794.19 "," $7,93,54,927.12 "," $1,00,91,802.79 "," $2,17,90,819.98 ",5.7,53,1163,110,Tyler Sanchez,Becky Dean," $4,23,08,199.30 ",114.20%,Hit,Average
1188,Actually crime,Drama,2012,06-08-2012,India," $63,92,978.45 "," $1,62,65,597.03 "," $3,14,26,164.38 "," $39,29,960.17 "," $65,89,454.20 ",8.2,77,12675,12832,Michael Chung,Ashley Gilmore," $2,50,33,185.93 ",391.57%,Hit,Excellent Performance
1189,Our leave five,Comedy,1991,03-08-1991,UK," $8,35,767.96 "," $14,30,408.42 "," $21,09,911.96 "," $1,76,011.84 "," $6,96,682.85 ",4.9,45,1151,666,Jason Jones,Chad Santiago," $12,74,144.00 ",152.45%,Hit,Average
1190,Top after,Drama,2021,19-10-2021,China," $2,08,35,837.83 "," $88,20,863.32 "," $2,08,35,837.83 "," $21,63,095.63 "," $45,23,503.86 ",9.6,93,4326,281,Michael Ross,Brandon Mcguire, $-   ,0.00%,Break_even,Excellent Performance
1191,Study across let state,Comedy,1973,07-06-1973,USA," $47,01,937.19 "," $1,27,31,452.98 "," $2,05,60,211.34 "," $20,32,591.41 "," $71,54,195.80 ",4.1,48,3869,50,Kimberly Barker,Mrs. Margaret Smith," $1,58,58,274.15 ",337.27%,Hit,Average
1192,Old believe,Thriller,2022,09-04-2022,USA," $16,11,481.34 "," $10,81,457.40 "," $16,11,481.34 "," $1,21,565.76 "," $5,15,946.40 ",7.1,92,7864,786,Bryan Murray,David Castillo, $-   ,0.00%,Break_even,Good Performance
1193,Weight daughter cut,Thriller,1992,15-02-1992,Canada," $87,53,696.64 "," $1,91,23,269.00 "," $2,95,90,487.82 "," $37,39,979.59 "," $1,03,49,342.67 ",7.8,97,745,118,Darlene Murphy,Jennifer Hendricks," $2,08,36,791.18 ",238.03%,Hit,Good Performance
1194,Air member,Drama,1970,03-05-1970,USA," $31,88,983.47 "," $37,46,908.41 "," $73,69,078.32 "," $8,49,409.50 "," $20,07,536.80 ",5.3,44,2086,50,Troy Cochran,Robert Walker," $41,80,094.85 ",131.08%,Hit,Average
1195,Door design appear,Comedy,2017,12-04-2017,China," $23,06,023.95 "," $53,23,262.24 "," $84,50,611.54 "," $13,89,173.30 "," $31,51,038.99 ",8.5,100,2297,147,Renee Campbell,Julie Hoffman," $61,44,587.59 ",266.46%,Hit,Excellent Performance
1196,Trade boy impact,Romance,2014,02-11-2014,USA," $16,05,861.63 "," $18,00,233.58 "," $44,96,123.22 "," $3,84,738.30 "," $9,73,763.26 ",5.7,52,21943,356,Shannon Ross,Brandon Green," $28,90,261.59 ",179.98%,Hit,Average
1197,Option series,Action,2007,24-05-2007,France," $47,51,500.89 "," $1,23,15,371.34 "," $2,02,78,316.69 "," $17,63,726.66 "," $49,42,044.72 ",4.1,41,1812,772,Nicholas Murphy,Laura Wilson," $1,55,26,815.80 ",326.78%,Hit,Average
1198,Likely above alone,Drama,2011,26-06-2011,USA," $25,23,896.35 "," $10,92,957.17 "," $25,98,111.38 "," $2,27,091.62 "," $5,79,252.87 ",7,61,17052,472,Jessica Gonzalez,Julie Hoffman," $74,215.03 ",2.94%,flop,Good Performance
1199,Deep reach,Drama,2025,16-05-2025,USA," $1,16,98,026.22 "," $2,98,99,700.82 "," $5,45,06,603.43 "," $77,30,731.01 "," $1,57,22,727.24 ",5.6,49,209,561,Darlene Murphy,Jimmy Smith," $4,28,08,577.21 ",365.95%,Hit,Average
1200,Voice man,Thriller,1968,12-03-1968,USA," $1,04,60,995.68 "," $64,06,554.83 "," $1,04,60,995.68 "," $9,81,009.35 "," $36,49,987.72 ",7.6,59,1800,177,Jacqueline Briggs,Carla Dougherty, $-   ,0.00%,Break_even,Good Performance
1201,Network,Drama,2002,14-02-2002,USA," $45,38,374.62 "," $59,00,668.57 "," $1,32,96,839.12 "," $15,90,041.74 "," $30,61,846.46 ",5,53,26345,3200,Paul Weiss,Patricia Ramirez," $87,58,464.50 ",192.99%,Hit,Average
1202,Exactly maybe letter,Drama,1958,24-11-1958,UK," $4,78,03,248.22 "," $4,44,69,788.22 "," $7,25,89,660.12 "," $60,97,279.63 "," $2,28,74,265.33 ",10,100,100,491,Robin Hooper,Robert Garcia," $2,47,86,411.90 ",51.85%,flop,Excellent Performance
1203,Billion move,Romance,1982,18-11-1982,USA," $37,31,791.00 "," $72,79,344.27 "," $1,58,69,476.80 "," $19,66,155.63 "," $34,83,799.93 ",7.1,78,59092,432,Jonathan Evans,Gabriel Mathis," $1,21,37,685.80 ",325.25%,Hit,Good Performance
1204,Stop prevent hospital,Action,1986,16-05-1986,UK," $2,25,900.52 "," $1,62,080.45 "," $2,44,918.93 "," $18,716.00 "," $79,175.87 ",4.7,43,2564,1424,Jeffrey Neal,David Castillo," $19,018.41 ",8.42%,flop,Average
1205,Late number character,Drama,1998,21-11-1998,USA," $22,51,176.11 "," $33,28,710.14 "," $53,95,734.23 "," $8,75,742.09 "," $15,34,628.25 ",5.8,55,221,113,Janice Taylor,Elizabeth Holmes," $31,44,558.12 ",139.69%,Hit,Average
1206,Tough debate,Action,1996,09-07-1996,USA," $32,26,865.08 "," $20,25,676.45 "," $36,36,326.72 "," $2,59,677.83 "," $11,58,632.32 ",7.6,71,2421,228,Samantha Campbell,Lisa Castro," $4,09,461.64 ",12.69%,flop,Good Performance
1207,Not himself rule,Sci-Fi,2018,09-07-2018,USA," $41,38,070.50 "," $29,22,976.25 "," $57,72,506.59 "," $7,01,843.47 "," $17,19,736.63 ",5.2,58,4504,6669,Jeffrey Myers MD,Kimberly Johnson," $16,34,436.09 ",39.50%,flop,Average
1208,Key,Thriller,1983,05-01-1983,USA," $36,42,271.19 "," $32,07,759.17 "," $60,61,784.92 "," $4,97,390.85 "," $18,35,237.55 ",7.8,70,966,387,Courtney Reynolds,Gina Fernandez," $24,19,513.73 ",66.43%,flop,Good Performance
1209,Others buy,Romance,1997,26-07-1997,USA," $4,19,59,271.78 "," $4,43,58,845.79 "," $6,50,19,249.23 "," $59,86,379.33 "," $2,07,19,268.10 ",7.7,78,2856,3282,Anthony Rowland,Jimmy Smith," $2,30,59,977.45 ",54.96%,flop,Good Performance
1210,Turn actually,Comedy,1983,01-11-1983,USA," $31,98,780.09 "," $57,90,526.20 "," $1,38,31,603.47 "," $9,56,669.97 "," $31,75,941.09 ",6.4,59,679,274,Terry Lawrence,Thomas Hill," $1,06,32,823.38 ",332.40%,Hit,Good Performance
1211,Chair seat away ago,Comedy,2011,11-07-2011,USA," $34,95,329.79 "," $76,38,714.83 "," $1,10,57,763.72 "," $21,27,797.37 "," $33,93,430.38 ",3.6,32,3187,132,Lisa Atkins,Benjamin Walters," $75,62,433.93 ",216.36%,Hit,Average
1212,Among development force,Sci-Fi,2024,06-09-2024,USA," $1,66,19,846.22 "," $2,90,64,122.94 "," $4,80,94,574.58 "," $41,71,918.76 "," $1,58,86,547.97 ",6,63,4492,470,Jerry Owens,Robert Walker," $3,14,74,728.36 ",189.38%,Hit,Good Performance
1213,Pretty so listen,Romance,1968,20-01-1968,USA," $76,15,755.92 "," $1,85,42,057.20 "," $2,65,20,959.73 "," $40,61,081.40 "," $93,91,902.14 ",8.5,82,4803,50,Bethany Rodriguez,Christopher Benson," $1,89,05,203.81 ",248.24%,Hit,Excellent Performance
1214,Game personal,Romance,1989,26-09-1989,Australia," $38,65,963.14 "," $30,23,656.78 "," $72,53,444.65 "," $7,86,651.61 "," $17,37,566.89 ",4.8,50,421,169,Crystal Harris,Nicholas Williamson," $33,87,481.51 ",87.62%,flop,Average
1215,Use economy history,Drama,1989,15-12-1989,USA," $38,17,410.73 "," $39,49,065.10 "," $60,46,556.87 "," $11,37,877.03 "," $16,63,126.40 ",8.8,100,100,50,Anthony Rowland,Isaiah French," $22,29,146.14 ",58.39%,flop,Excellent Performance
1216,Everyone approach,Thriller,1970,24-02-1970,USA," $19,39,89,418.50 "," $11,70,56,696.20 "," $20,32,45,244.80 "," $1,31,07,833.00 "," $5,55,49,114.34 ",6.5,58,4336,669,Elizabeth Lane,Mrs. Stephanie Palmer," $92,55,826.30 ",4.77%,flop,Good Performance
1217,Next media marriage,Comedy,2016,21-08-2016,USA," $55,54,324.46 "," $72,27,190.89 "," $1,58,17,411.57 "," $9,50,523.33 "," $42,95,970.34 ",7.3,71,1508,479,Carolyn Schwartz,Stephanie Ferrell," $1,02,63,087.11 ",184.78%,Hit,Good Performance
1218,Try true,Thriller,1997,26-06-1997,USA," $1,92,409.19 "," $99,458.69 "," $1,92,409.19 "," $26,356.05 "," $54,945.97 ",6.5,47,4682,50,Amanda Cantrell,Nicole Turner, $-   ,0.00%,Break_even,Good Performance
1219,Long amount,Romance,1998,11-06-1998,USA," $9,97,739.02 "," $15,82,919.11 "," $23,27,401.24 "," $3,90,708.52 "," $9,18,491.39 ",8,75,2514,76,Shannon Ross,Joseph Gonzalez," $13,29,662.22 ",133.27%,Hit,Excellent Performance
1220,Stuff way small,Romance,2010,14-05-2010,USA," $5,97,262.72 "," $3,87,065.40 "," $6,12,874.27 "," $49,104.84 "," $1,70,892.94 ",7.2,70,9382,8073,Mark Brooks,Anna Vasquez," $15,611.55 ",2.61%,flop,Good Performance
1221,Make health worry maintain,Romance,2007,18-12-2007,USA," $16,74,512.55 "," $32,92,168.49 "," $62,75,097.47 "," $7,46,100.58 "," $17,16,033.88 ",1.9,28,7918,50,Mark Brooks,Amanda Jenkins," $46,00,584.92 ",274.74%,Hit,Average
1222,Art paper position,Drama,2001,04-09-2001,USA," $2,67,72,789.03 "," $5,28,38,757.20 "," $10,78,30,919.90 "," $1,15,17,810.30 "," $2,39,83,429.84 ",6.8,64,42622,470,Jeremy Ray,Jennifer Richards," $8,10,58,130.87 ",302.76%,Hit,Good Performance
1223,Senior could hold,Drama,1995,04-08-1995,USA," $1,28,43,739.62 "," $1,45,61,468.17 "," $2,09,62,840.24 "," $39,93,610.43 "," $84,91,650.80 ",5.3,54,814,59,Claudia Smith,Kimberly Ramirez," $81,19,100.62 ",63.21%,flop,Average
1224,Lot natural,Sci-Fi,2010,13-05-2010,USA," $17,57,849.88 "," $12,24,307.07 "," $24,45,055.42 "," $2,61,372.43 "," $6,29,131.16 ",6.8,73,647,6811,Emily Miller,Adam Montes," $6,87,205.54 ",39.09%,flop,Good Performance
1225,Others policy many,Comedy,2013,02-03-2013,USA," $15,55,177.48 "," $40,11,054.75 "," $67,85,108.03 "," $11,61,040.53 "," $18,21,964.97 ",5.4,53,18681,7321,Kimberly Barker,Robert Reynolds," $52,29,930.55 ",336.29%,Hit,Average
1226,American,Drama,1993,21-02-1993,USA," $22,86,032.55 "," $16,73,090.07 "," $30,88,188.75 "," $2,87,759.97 "," $9,14,127.30 ",6.1,57,1289,209,Elizabeth Lane,Miranda Armstrong," $8,02,156.20 ",35.09%,flop,Good Performance
1227,Technology cup sport,Horror,1995,04-05-1995,USA," $15,32,649.76 "," $17,36,412.66 "," $36,08,768.67 "," $4,79,146.14 "," $10,03,186.79 ",7,44,1831,734,Jonathan Evans,John Jones," $20,76,118.91 ",135.46%,Hit,Good Performance
1228,Leg network,Comedy,2012,16-11-2012,USA," $21,05,802.46 "," $49,09,680.24 "," $89,64,105.89 "," $14,01,238.40 "," $19,83,053.19 ",4.5,44,1017,50,Charles Lopez,Brian Rodriguez," $68,58,303.43 ",325.69%,Hit,Average
1229,Left set reduce,Drama,2012,16-01-2012,USA," $1,05,98,085.76 "," $2,29,05,104.25 "," $4,69,51,316.59 "," $40,63,293.61 "," $1,14,54,891.17 ",7.3,75,25149,955,Alyssa Adams,Brian Mccormick," $3,63,53,230.83 ",343.02%,Hit,Good Performance
1230,Rest large available,Action,1961,17-07-1961,UK," $12,55,740.23 "," $14,94,932.69 "," $34,98,786.48 "," $3,60,256.97 "," $8,23,460.81 ",6.2,57,6957,5780,Oscar Santos,Timothy James," $22,43,046.25 ",178.62%,Hit,Good Performance
1231,Near manager,Thriller,2022,26-09-2022,Canada," $5,96,576.63 "," $12,12,700.39 "," $20,14,329.71 "," $3,25,496.28 "," $5,73,761.60 ",8.1,78,1858,193,Diana Davis,Paige Gonzalez," $14,17,753.08 ",237.65%,Hit,Excellent Performance
1232,Throw culture treat,Comedy,2001,05-03-2001,USA," $6,18,488.51 "," $14,11,003.25 "," $27,94,188.80 "," $3,45,328.06 "," $7,23,047.29 ",4.4,39,2107,50,Heidi Cisneros,John Strickland," $21,75,700.29 ",351.78%,Hit,Average
1233,Try able carry,Drama,1995,27-10-1995,USA," $16,83,494.92 "," $17,93,882.38 "," $33,56,948.05 "," $3,72,578.94 "," $10,37,889.87 ",7.6,89,801,71,Karen Robinson,Jimmy Smith," $16,73,453.13 ",99.40%,flop,Good Performance
1234,Dog,Action,1980,17-06-1980,USA," $24,58,091.90 "," $19,24,063.16 "," $36,38,935.63 "," $2,87,066.46 "," $8,00,058.44 ",9,76,15733,690,Jeffrey Neal,Meredith Williams," $11,80,843.73 ",48.04%,flop,Excellent Performance
1235,Shake former,Horror,1997,04-02-1997,USA," $23,67,171.24 "," $11,37,045.29 "," $23,67,171.24 "," $2,45,729.94 "," $6,54,233.03 ",5.4,48,8174,194,Jerry Owens,Miranda Armstrong, $-   ,0.00%,Break_even,Average
1236,Source risk a,Action,2021,17-12-2021,USA," $27,27,090.23 "," $53,70,044.74 "," $1,30,92,381.90 "," $10,09,524.26 "," $31,88,712.76 ",6.2,72,10835,6662,Mary Mitchell,Tricia Thomas," $1,03,65,291.67 ",380.09%,Hit,Good Performance
1237,Clearly especially require,Drama,2005,24-06-2005,UK," $1,48,12,457.18 "," $63,85,077.76 "," $1,48,12,457.18 "," $11,74,743.70 "," $37,90,826.83 ",8.7,90,3169,96,Caitlin Brewer,Tonya Campbell, $-   ,0.00%,Break_even,Excellent Performance
1238,Maintain record,Drama,1993,17-09-1993,USA," $15,91,710.29 "," $43,16,950.14 "," $68,52,382.24 "," $12,01,785.19 "," $20,78,901.75 ",7,44,4644,332,Karen Robinson,William Brooks," $52,60,671.95 ",330.50%,Hit,Good Performance
1239,Size policy table,Sci-Fi,2023,29-08-2023,France," $2,14,77,037.05 "," $2,01,82,855.26 "," $4,23,71,186.55 "," $53,47,578.72 "," $82,46,804.62 ",7.6,79,675,965,Tyler Sanchez,Heather Williams," $2,08,94,149.50 ",97.29%,flop,Good Performance
1240,Break choice pressure,Romance,1958,05-07-1958,USA," $2,57,208.62 "," $2,08,973.90 "," $3,33,630.37 "," $57,868.11 "," $1,11,150.76 ",6.1,68,13483,168,Dr. Michael Monroe,Lauren Richards," $76,421.75 ",29.71%,flop,Good Performance
1241,Director source under,Horror,1958,19-01-1958,USA," $3,32,51,656.16 "," $6,31,43,351.78 "," $13,16,69,425.70 "," $1,49,51,794.16 "," $3,42,13,982.33 ",6.7,62,5466,2183,Jordan Orozco,Ashley Gilmore," $9,84,17,769.54 ",295.98%,Hit,Good Performance
1242,Pm wind,Drama,1983,17-04-1983,USA," $26,78,010.05 "," $22,50,754.14 "," $51,39,667.03 "," $6,61,608.64 "," $9,22,464.57 ",6.1,60,1348,95,Christian Hernandez,Kevin Fernandez," $24,61,656.98 ",91.92%,flop,Good Performance
1243,Employee mean southern hard,Horror,2021,16-03-2021,USA," $17,64,730.08 "," $11,88,668.14 "," $17,64,730.08 "," $2,90,544.68 "," $6,79,141.16 ",4.2,48,42317,606,Benjamin Ray,Kathryn Stevenson, $-   ,0.00%,Break_even,Average
1244,Summer get,Drama,2016,08-12-2016,USA," $60,32,479.79 "," $73,47,230.94 "," $1,72,09,384.58 "," $11,51,143.97 "," $36,52,174.50 ",3.4,22,39303,241,Michael Manning,Jeffrey Jenkins," $1,11,76,904.79 ",185.28%,Hit,Average
1245,Sense suggest,Horror,1997,24-07-1997,Canada," $26,25,552.32 "," $49,52,652.05 "," $1,16,49,567.14 "," $7,26,146.12 "," $28,26,004.79 ",6.4,68,10154,1055,Judy Walker,Jennifer Hendricks," $90,24,014.82 ",343.70%,Hit,Good Performance
1246,Once lot today up,Comedy,1993,20-02-1993,USA," $68,82,761.60 "," $1,16,35,951.84 "," $1,88,55,639.93 "," $18,16,214.44 "," $57,18,881.59 ",6.3,66,3584,13123,Diana Davis,Casey Collins," $1,19,72,878.33 ",173.95%,Hit,Good Performance
1247,Little under,Romance,2010,16-07-2010,USA," $63,69,833.12 "," $1,18,64,179.40 "," $1,98,03,101.07 "," $28,72,344.68 "," $70,71,699.21 ",3.5,26,5372,50,Thomas Peterson,Ariel Mills," $1,34,33,267.95 ",210.89%,Hit,Average
1248,Plant cultural media,Horror,2019,07-11-2019,UK," $5,58,228.79 "," $3,65,457.59 "," $5,58,228.79 "," $52,863.02 "," $1,72,153.52 ",9.2,82,6816,110,Michael Chung,Brandon Davidson, $-   ,0.00%,Break_even,Excellent Performance
1249,Important head Congress,Action,2004,09-05-2004,USA," $55,98,832.49 "," $1,02,21,215.46 "," $1,70,01,373.27 "," $26,54,908.50 "," $60,03,178.43 ",6.2,78,2457,694,Patricia Munoz,Eric Obrien," $1,14,02,540.78 ",203.66%,Hit,Good Performance
1250,Near pay,Action,2012,17-01-2012,USA," $6,65,861.42 "," $8,82,559.12 "," $12,62,447.23 "," $1,85,084.41 "," $4,85,836.43 ",6.3,59,7337,7196,Melanie Olson,Jeanette Archer," $5,96,585.81 ",89.60%,flop,Good Performance
1251,Who girl brother,Drama,2006,08-02-2006,UK," $1,42,44,674.36 "," $3,58,57,684.53 "," $5,39,61,737.20 "," $94,31,004.70 "," $1,66,53,864.85 ",5.9,52,4459,209,Dr. Jonathan Long,Douglas Bullock," $3,97,17,062.84 ",278.82%,Hit,Average
1252,Argue,Drama,1964,08-10-1964,USA," $31,76,518.04 "," $33,88,667.00 "," $68,05,295.12 "," $7,67,156.95 "," $18,57,076.07 ",4.3,24,2602,184,Vanessa Fox,Corey Johnson," $36,28,777.08 ",114.24%,Hit,Average
1253,He above stage,Drama,2007,30-09-2007,USA," $14,19,945.50 "," $26,67,229.07 "," $51,26,981.47 "," $2,88,988.39 "," $13,55,276.84 ",4.6,50,1107,248,Karen Barrett,James Erickson," $37,07,035.97 ",261.07%,Hit,Average
1254,Republican doctor could,Drama,1958,12-05-1958,Canada," $25,78,719.77 "," $50,10,692.18 "," $1,12,04,713.24 "," $11,06,418.04 "," $21,27,283.64 ",4.9,58,2910,50,Melissa Hernandez,Cindy Barnes," $86,25,993.47 ",334.51%,Hit,Average
1255,Dog,Sci-Fi,1973,01-01-1973,USA," $18,45,417.52 "," $14,58,639.38 "," $24,55,467.58 "," $2,91,669.30 "," $7,48,397.16 ",8.7,96,1115,3042,Mary Mitchell,Jorge Thompson," $6,10,050.06 ",33.06%,flop,Excellent Performance
1256,Couple opportunity around computer,Comedy,1991,15-04-1991,USA," $13,79,669.24 "," $20,64,260.47 "," $30,96,727.46 "," $4,26,547.87 "," $10,35,211.82 ",5.8,60,10210,1160,David Lee,Heather Allison," $17,17,058.22 ",124.45%,Hit,Average
1257,Research game I,Comedy,2023,02-09-2023,USA," $81,55,324.35 "," $1,29,22,679.38 "," $2,25,93,619.67 "," $25,87,970.96 "," $69,97,163.92 ",3.5,44,2053,2449,Brandon Fuller,Tyler Cooper," $1,44,38,295.32 ",177.04%,Hit,Average
1258,Event usually,Comedy,2016,14-09-2016,USA," $25,24,782.74 "," $43,94,225.64 "," $98,24,557.99 "," $12,62,645.93 "," $17,89,698.55 ",5.5,59,13428,52,Joseph Willis,Alexandra Benitez," $72,99,775.25 ",289.12%,Hit,Average
1259,Truth increase lead,Action,2003,28-01-2003,USA," $1,68,60,164.19 "," $1,14,54,883.86 "," $1,68,60,164.19 "," $27,28,550.70 "," $65,21,583.67 ",6.8,62,1498,50,David Morris,Dustin Jackson, $-   ,0.00%,Break_even,Good Performance
1260,Media staff executive purpose,Thriller,2005,22-01-2005,USA," $9,04,967.86 "," $13,12,754.81 "," $24,12,109.69 "," $2,64,223.52 "," $6,85,383.78 ",5.8,38,15325,98,Jonathan Evans,James Nichols," $15,07,141.83 ",166.54%,Hit,Average
1261,Take science admit subject,Drama,1999,26-12-1999,UK," $92,65,583.95 "," $1,68,65,744.08 "," $3,34,42,622.77 "," $34,68,542.47 "," $74,94,712.17 ",6.9,67,2161,3110,Sonya Clark,Melissa Melendez," $2,41,77,038.82 ",260.93%,Hit,Good Performance
1262,Add likely,Comedy,2000,06-08-2000,USA," $18,45,825.85 "," $34,41,158.98 "," $52,44,681.91 "," $9,67,860.42 "," $17,76,915.33 ",5.7,67,3259,949,Caitlin Brewer,Ryan Hood," $33,98,856.06 ",184.14%,Hit,Average
1263,Resource laugh,Action,1967,04-08-1967,USA," $77,16,386.87 "," $1,00,21,128.31 "," $1,95,57,936.05 "," $19,17,245.15 "," $57,48,840.08 ",7.7,83,15824,663,Caitlin Brewer,Stephen Clark," $1,18,41,549.18 ",153.46%,Hit,Good Performance
1264,Bring,Thriller,2000,13-11-2000,USA," $1,12,77,881.43 "," $2,16,85,263.01 "," $5,05,75,225.97 "," $62,37,506.25 "," $95,82,158.01 ",9,96,5218,1715,Christian Hernandez,Robert Walker," $3,92,97,344.54 ",348.45%,Hit,Excellent Performance
1265,Sometimes doctor increase,Drama,2006,09-06-2006,Australia," $10,74,134.13 "," $20,73,523.82 "," $38,21,836.28 "," $5,32,166.33 "," $9,62,323.28 ",7.8,80,23264,50,Kelsey Ellis,Jorge Kennedy," $27,47,702.15 ",255.81%,Hit,Good Performance
1266,Small either,Comedy,1985,21-05-1985,USA," $1,40,46,758.32 "," $3,10,45,004.74 "," $5,06,90,533.67 "," $40,98,883.13 "," $1,29,74,556.94 ",6.6,68,5381,3805,Mr. Jorge Anderson,Joy Huber," $3,66,43,775.35 ",260.87%,Hit,Good Performance
1267,Public position student,Comedy,1984,30-06-1984,Australia," $3,48,06,867.56 "," $6,30,32,272.59 "," $10,29,16,008.30 "," $1,89,05,699.17 "," $2,80,41,495.21 ",5.7,57,687,1523,Mrs. Hannah Campbell DDS,Eric Perry," $6,81,09,140.74 ",195.68%,Hit,Average
1268,Last head everybody strategy,Action,2008,23-04-2008,USA," $33,46,239.81 "," $16,90,949.12 "," $33,46,239.81 "," $3,30,205.17 "," $10,03,214.69 ",4.8,38,3941,379,Amber Anderson,Samantha Sanders, $-   ,0.00%,Break_even,Average
1269,Despite relationship,Thriller,2020,04-03-2020,Canada," $3,20,060.59 "," $10,68,922.78 "," $15,62,259.75 "," $2,16,650.73 "," $5,52,120.91 ",6.1,65,3484,4971,Manuel Benton,Chad Santiago," $12,42,199.16 ",388.11%,Hit,Good Performance
1270,Wall similar,Comedy,2002,30-10-2002,USA," $63,57,183.33 "," $42,79,278.90 "," $71,73,583.97 "," $5,97,430.00 "," $23,37,337.06 ",6.7,69,16813,363,Michelle Collins,Brenda Gomez," $8,16,400.64 ",12.84%,flop,Good Performance
1271,Base through especially,Thriller,1988,09-08-1988,USA," $4,28,314.55 "," $3,29,586.26 "," $6,49,158.60 "," $81,263.48 "," $1,75,374.97 ",6.1,71,2387,50,Elizabeth Lane,Sharon Riley," $2,20,844.05 ",51.56%,flop,Good Performance
1272,Run him never,Documentary,1964,18-09-1964,USA," $57,81,663.86 "," $1,25,18,630.04 "," $2,22,76,861.66 "," $16,64,105.95 "," $54,66,139.55 ",4.5,43,4021,71,Brian Robinson,Mrs. Stephanie Palmer," $1,64,95,197.80 ",285.30%,Hit,Average
1273,Modern this field,Comedy,1971,07-02-1971,USA," $61,34,056.23 "," $54,90,230.15 "," $81,92,032.90 "," $11,47,588.18 "," $31,89,272.95 ",9.1,82,59325,1731,Diane Skinner,Christopher Benson," $20,57,976.67 ",33.55%,flop,Excellent Performance
1274,Three find,Drama,1973,10-05-1973,USA," $24,37,104.32 "," $65,31,762.71 "," $94,02,126.67 "," $10,61,358.60 "," $34,87,062.04 ",7.1,80,17626,50,Nathan Bolton,Nicholas Williamson," $69,65,022.35 ",285.79%,Hit,Good Performance
1275,Front view,Thriller,2025,30-07-2025,India," $32,24,338.84 "," $65,55,779.33 "," $1,03,47,437.48 "," $18,30,290.26 "," $27,63,537.76 ",6.7,65,6768,3306,Melissa Hernandez,Eric Perry," $71,23,098.64 ",220.92%,Hit,Good Performance
1276,Paper stand use author,Thriller,2013,25-05-2013,USA," $31,88,015.42 "," $20,63,913.73 "," $36,93,872.45 "," $3,47,605.74 "," $8,92,717.15 ",8.6,87,2384,8458,Claudia Smith,James Erickson," $5,05,857.03 ",15.87%,flop,Excellent Performance
1277,Education travel democratic choose,Comedy,1989,07-05-1989,USA," $90,93,206.82 "," $58,00,010.61 "," $1,00,80,503.60 "," $14,68,252.80 "," $29,54,981.72 ",3.7,19,15513,1658,Jeremy Ray,Jessica Scott," $9,87,296.78 ",10.86%,flop,Average
1278,Wish,Action,2007,07-01-2007,USA," $35,18,881.09 "," $34,37,256.82 "," $56,94,474.89 "," $9,37,884.28 "," $17,22,826.57 ",9.9,71,836,126,Colleen Willis,Mathew Castillo," $21,75,593.80 ",61.83%,flop,Excellent Performance
1279,Type,Romance,1989,17-08-1989,USA," $8,84,991.10 "," $5,98,972.83 "," $10,77,697.22 "," $61,180.74 "," $3,44,625.65 ",9.3,100,168,106,Francisco Ford,Patricia Keller," $1,92,706.12 ",21.77%,flop,Excellent Performance
1280,I those,Drama,2001,31-12-2001,USA," $1,11,23,845.89 "," $3,01,65,202.28 "," $4,55,37,638.12 "," $31,16,096.27 "," $1,36,04,250.81 ",7.1,60,4748,50,Rachel Kirby,Kristina Krause," $3,44,13,792.23 ",309.37%,Hit,Good Performance
1281,Back month,Comedy,1982,04-03-1982,USA," $6,09,22,631.93 "," $15,22,79,404.90 "," $22,65,87,963.40 "," $1,73,42,026.70 "," $8,62,53,674.14 ",4.8,57,2020,50,Shannon Ross,Ashley Reeves," $16,56,65,331.47 ",271.93%,Hit,Average
1282,Than appear middle,Comedy,1956,04-07-1956,USA," $1,35,366.28 "," $2,81,941.06 "," $5,87,315.32 "," $68,804.59 "," $1,29,222.56 ",4.9,46,539,1341,Brian Robinson,Richard Mata," $4,51,949.04 ",333.87%,Hit,Average
1283,Hit item,Horror,1994,29-11-1994,USA," $84,74,288.60 "," $1,07,87,816.92 "," $1,81,60,361.97 "," $30,31,451.27 "," $55,89,939.02 ",5.2,47,883,8746,Lori Callahan,Mark Crosby," $96,86,073.37 ",114.30%,Hit,Average
1284,Star dog design,Drama,2015,22-05-2015,USA," $42,38,588.53 "," $97,06,640.54 "," $1,45,93,572.70 "," $11,48,669.20 "," $48,18,425.04 ",6.8,59,6570,111,Ashley Medina,Jeffrey Haley," $1,03,54,984.17 ",244.30%,Hit,Good Performance
1285,Carry bag increase piece,Documentary,1995,15-04-1995,France," $7,96,108.44 "," $13,48,474.24 "," $22,70,840.19 "," $3,23,199.14 "," $7,18,413.58 ",6.3,53,6479,155,Courtney Reynolds,Timothy George," $14,74,731.75 ",185.24%,Hit,Good Performance
1286,Cost box likely,Horror,1988,16-05-1988,USA," $18,77,791.97 "," $54,23,750.00 "," $78,46,091.39 "," $6,58,234.36 "," $27,97,408.80 ",8.3,82,8360,485,Heidi Cisneros,Brian Rodriguez," $59,68,299.42 ",317.84%,Hit,Excellent Performance
1287,Democrat while,Action,2023,01-11-2023,USA," $1,44,05,048.69 "," $2,81,36,321.92 "," $6,18,00,046.65 "," $69,02,518.65 "," $1,50,71,262.66 ",6.7,67,2822,490,Shannon Ross,John James," $4,73,94,997.96 ",329.02%,Hit,Good Performance
1288,War address tough,Drama,2024,08-06-2024,USA," $1,79,16,880.61 "," $83,87,315.47 "," $1,96,79,186.68 "," $10,40,810.01 "," $34,93,613.46 ",6,72,21085,50,Lisa Atkins,Jacqueline Cooper," $17,62,306.07 ",9.84%,flop,Good Performance
1289,Back apply,Thriller,2018,08-04-2018,UK," $9,19,127.80 "," $14,92,076.11 "," $23,16,934.80 "," $1,54,204.63 "," $8,34,099.52 ",6.9,68,17132,871,Charles Lopez,Joel Hunt," $13,97,807.00 ",152.08%,Hit,Good Performance
1290,School need receive me,Horror,2001,30-04-2001,USA," $48,49,583.40 "," $1,23,12,030.67 "," $1,80,21,001.79 "," $21,29,399.68 "," $58,78,194.83 ",4.3,28,278,58,Rachel Kirby,Jennifer Hall," $1,31,71,418.39 ",271.60%,Hit,Average
1291,Thus by fire,Comedy,2019,19-08-2019,USA," $47,53,380.36 "," $71,46,158.30 "," $1,13,41,142.61 "," $15,82,317.04 "," $39,25,525.46 ",6.5,76,5507,50,Robert Webster,Jamie Cunningham," $65,87,762.25 ",138.59%,Hit,Good Performance
1292,Future task,Drama,2005,06-07-2005,USA," $8,17,373.35 "," $14,09,923.91 "," $30,59,881.73 "," $2,13,807.03 "," $5,92,325.57 ",4.9,60,864,347,Renee Campbell,Christopher Hurst," $22,42,508.38 ",274.36%,Hit,Average
1293,Provide,Comedy,2020,10-10-2020,USA," $9,03,005.71 "," $4,42,160.50 "," $9,62,747.90 "," $71,133.74 "," $1,79,273.71 ",7.4,59,629,288,John Jones,Ashley Reeves," $59,742.19 ",6.62%,flop,Good Performance
1294,You finish,Drama,1991,06-04-1991,USA," $16,88,062.80 "," $40,19,673.26 "," $72,21,485.33 "," $11,09,479.52 "," $21,27,036.76 ",6.8,76,279,75,Janice Taylor,Rodney Smith," $55,33,422.53 ",327.80%,Hit,Good Performance
1295,Seek you group,Comedy,1992,07-08-1992,Japan," $1,90,44,315.20 "," $4,11,84,489.46 "," $8,69,50,774.09 "," $84,47,701.55 "," $2,06,65,922.49 ",7.9,52,2060,50,Seth Whitehead,Pamela Frey," $6,79,06,458.89 ",356.57%,Hit,Good Performance
1296,Attack total other,Horror,2019,02-05-2019,USA," $69,09,891.43 "," $98,36,637.85 "," $1,74,35,399.23 "," $16,47,378.30 "," $53,16,429.35 ",3.1,37,1114,93,Michael Ross,Adam Montes," $1,05,25,507.80 ",152.33%,Hit,Average
1297,Ability fight,Comedy,1973,31-03-1973,Australia," $3,57,362.85 "," $5,05,433.79 "," $9,21,393.76 "," $97,270.22 "," $2,05,420.68 ",7.9,81,3898,5698,Maria Lane,Michael Hughes," $5,64,030.91 ",157.83%,Hit,Good Performance
1298,Radio during,Comedy,2001,26-05-2001,USA," $23,31,994.04 "," $40,09,647.11 "," $73,39,952.97 "," $5,90,024.46 "," $17,77,688.67 ",8.7,99,14932,50,Shannon Ross,Teresa Davis," $50,07,958.93 ",214.75%,Hit,Excellent Performance
1299,Skin huge,Comedy,1976,02-04-1976,USA," $28,97,114.67 "," $73,73,072.29 "," $1,18,22,934.06 "," $9,49,744.25 "," $29,53,931.81 ",5.2,48,261,50,Lori Callahan,Joel Hunt," $89,25,819.39 ",308.09%,Hit,Average
1300,However listen each,Sci-Fi,1994,14-06-1994,UK," $18,93,40,543.00 "," $40,05,24,006.10 "," $66,76,78,907.00 "," $8,62,24,235.37 "," $16,98,62,094.70 ",6.9,63,3070,50,Brian Robinson,Tami Miranda," $47,83,38,364.00 ",252.63%,Hit,Good Performance
1301,Card ok,Comedy,2000,22-06-2000,Japan," $59,78,521.05 "," $73,15,101.43 "," $1,70,26,259.85 "," $16,31,971.00 "," $43,34,609.77 ",6.4,50,8994,1374,Sean Howard,Becky Kerr," $1,10,47,738.80 ",184.79%,Hit,Good Performance
1302,Music apply,Drama,2001,01-12-2001,USA," $3,31,582.36 "," $4,52,571.34 "," $10,53,914.80 "," $1,27,158.94 "," $2,03,555.36 ",7.9,100,5152,50,Caitlin Brewer,Morgan King," $7,22,332.44 ",217.84%,Hit,Good Performance
1303,Boy million,Romance,1997,22-09-1997,USA," $30,62,080.51 "," $22,21,993.81 "," $48,97,779.57 "," $4,45,088.22 "," $10,26,867.02 ",7.1,56,4674,50,Rachel Hayes,Ashley Pena," $18,35,699.06 ",59.95%,flop,Good Performance
1304,However marriage,Romance,2023,25-08-2023,USA," $1,08,53,626.92 "," $1,17,88,580.19 "," $2,10,34,497.67 "," $21,16,239.49 "," $50,53,069.30 ",6.3,55,100,235,Melanie Olson,Teresa Davis," $1,01,80,870.75 ",93.80%,flop,Good Performance
1305,Art message despite,Drama,1981,12-02-1981,Australia," $73,28,027.37 "," $67,20,745.91 "," $1,29,40,661.50 "," $6,95,590.79 "," $37,39,578.99 ",8.8,100,4718,50,Dr. Michael Monroe,Ian Williams," $56,12,634.13 ",76.59%,flop,Excellent Performance
1306,Green blue enough,Sci-Fi,2023,24-07-2023,USA," $87,11,285.77 "," $60,76,583.54 "," $87,11,285.77 "," $7,95,849.42 "," $31,86,876.29 ",7.4,72,43815,663,Manuel Benton,Teresa Santos PhD, $-   ,0.00%,Break_even,Good Performance
1307,Challenge another structure,Drama,2016,19-11-2016,USA," $19,44,961.90 "," $28,73,500.72 "," $45,44,457.02 "," $3,81,429.68 "," $14,12,845.92 ",6.5,67,3077,860,Tracy Tucker,Larry Bishop," $25,99,495.12 ",133.65%,Hit,Good Performance
1308,My itself and leave,Drama,1954,01-07-1954,USA," $1,65,91,980.30 "," $5,10,10,710.05 "," $7,75,43,312.16 "," $58,06,203.71 "," $2,86,14,879.37 ",6.1,62,1820,745,Donna Wagner,Eric Nelson," $6,09,51,331.86 ",367.35%,Hit,Good Performance
1309,Congress follow everybody,Comedy,2020,05-12-2020,USA," $24,20,440.06 "," $11,50,161.81 "," $27,27,839.76 "," $3,28,701.33 "," $5,92,670.29 ",5.7,57,7247,487,Julie Maxwell,Shannon Hunt," $3,07,399.70 ",12.70%,flop,Average
1310,Difference build,Sci-Fi,2018,07-01-2018,USA," $34,86,950.68 "," $30,20,223.59 "," $56,63,612.48 "," $3,65,474.37 "," $15,89,401.86 ",3.8,50,2944,204,Kimberly Barker,Sarah Ross," $21,76,661.80 ",62.42%,flop,Average
1311,Today check focus medical,Horror,1951,05-11-1951,India," $23,11,208.02 "," $10,85,257.35 "," $25,49,757.84 "," $1,49,804.02 "," $5,00,554.38 ",5.1,46,5150,144,Michelle Collins,Derrick Smith," $2,38,549.82 ",10.32%,flop,Average
1312,Campaign take small,Drama,1986,04-09-1986,USA," $2,00,77,134.13 "," $1,24,44,335.52 "," $2,00,77,134.13 "," $27,36,964.52 "," $66,24,888.93 ",5.9,67,2189,104,Kim Watkins,James Nichols, $-   ,0.00%,Break_even,Average
1313,Become official whom,Drama,1988,19-10-1988,USA," $5,13,52,143.87 "," $10,31,16,201.90 "," $24,65,16,187.40 "," $1,56,56,631.59 "," $4,49,79,608.71 ",5.9,56,379,50,Heidi Cisneros,Christopher Green," $19,51,64,043.53 ",380.05%,Hit,Average
1314,Drop approach,Thriller,1954,04-08-1954,Canada," $1,00,92,106.65 "," $1,61,49,758.02 "," $2,85,12,277.72 "," $30,74,381.62 "," $78,64,052.98 ",6,49,296,7937,William Walker,Anthony Cross," $1,84,20,171.07 ",182.52%,Hit,Good Performance
1315,Adult,Sci-Fi,1986,20-10-1986,Canada," $4,84,135.01 "," $6,63,737.64 "," $9,62,705.59 "," $1,83,982.59 "," $2,81,698.66 ",4.6,43,2949,3159,Michelle Collins,Ryan Hood," $4,78,570.58 ",98.85%,flop,Average
1316,Hope experience,Documentary,2014,27-09-2014,USA," $6,95,437.62 "," $19,18,051.08 "," $27,61,327.55 "," $4,04,302.82 "," $9,01,502.71 ",8.9,94,141911,92,Christopher Roach,Holly Jones," $20,65,889.93 ",297.06%,Hit,Excellent Performance
1317,Imagine top,Comedy,1991,18-10-1991,USA," $6,22,25,280.20 "," $3,90,58,894.49 "," $9,37,50,320.29 "," $83,05,693.23 "," $2,04,53,603.57 ",7.8,66,1061,445,Kim Watkins,Paige Gonzalez," $3,15,25,040.09 ",50.66%,flop,Good Performance
1318,Fight part despite,Action,2019,21-04-2019,UK," $81,99,758.14 "," $2,24,28,207.10 "," $4,05,89,162.79 "," $47,57,054.16 "," $1,11,53,139.98 ",8.1,62,115,3281,Jessica Rodriguez,John Perry," $3,23,89,404.65 ",395.00%,Hit,Excellent Performance
1319,Fall structure,Horror,1990,31-07-1990,South Korea," $10,16,021.88 "," $10,03,471.08 "," $24,34,882.53 "," $2,90,129.92 "," $5,26,909.86 ",5.4,53,308,674,Joshua Morales,Monica Nelson MD," $14,18,860.65 ",139.65%,Hit,Average
1320,Music,Thriller,1981,11-04-1981,Canada," $2,27,710.36 "," $2,86,596.30 "," $6,24,051.10 "," $79,174.13 "," $1,42,510.61 ",6.4,65,183,4291,Alyssa Adams,Teresa Davis," $3,96,340.74 ",174.05%,Hit,Good Performance
1321,Chair check,Action,1964,22-07-1964,USA," $2,28,292.80 "," $1,26,465.41 "," $2,28,292.80 "," $32,608.12 "," $72,213.47 ",6.8,72,2283,187,Jerry Owens,Cody Peters, $-   ,0.00%,Break_even,Good Performance
1322,Member seem,Romance,2021,26-07-2021,UK," $3,33,62,641.24 "," $4,09,67,910.92 "," $7,71,13,610.26 "," $1,06,68,621.44 "," $2,31,85,190.64 ",7.4,75,758,383,Mr. Drew Clark Jr.,Richard Miller," $4,37,50,969.02 ",131.14%,Hit,Good Performance
1323,Care find note,Horror,1962,20-09-1962,USA," $37,37,222.44 "," $54,64,210.33 "," $1,32,58,262.08 "," $12,62,436.71 "," $24,71,822.86 ",10,96,459,171,Daniel Brown,Kimberly Ramirez," $95,21,039.64 ",254.76%,Hit,Excellent Performance
1324,Be bag,Sci-Fi,2012,25-06-2012,USA," $1,97,73,384.23 "," $3,00,63,166.28 "," $7,42,09,469.33 "," $71,48,204.82 "," $1,65,58,246.92 ",5,27,429,50,Charlotte Williams,Morgan King," $5,44,36,085.10 ",275.30%,Hit,Average
1325,Generation break,Sci-Fi,2014,12-08-2014,USA," $64,23,282.91 "," $1,87,48,021.22 "," $2,90,30,082.77 "," $51,92,070.43 "," $1,07,82,999.69 ",6.4,53,8093,65,Charles Lopez,Melissa Cunningham," $2,26,06,799.86 ",351.95%,Hit,Good Performance
1326,Lead over,Comedy,2008,25-05-2008,USA," $30,37,973.05 "," $27,34,536.25 "," $60,49,201.62 "," $3,51,444.64 "," $14,88,950.78 ",7.6,83,3965,183,Robert Webster,Thomas Hill," $30,11,228.57 ",99.12%,flop,Good Performance
1327,Light get forward,Comedy,2015,27-07-2015,Canada," $17,85,847.10 "," $59,84,357.99 "," $87,11,656.23 "," $8,91,584.27 "," $35,37,828.37 ",6.5,61,2847,1704,Sonya Clark,William Prince," $69,25,809.13 ",387.82%,Hit,Good Performance
1328,Seek live nature,Horror,2024,18-02-2024,USA," $1,05,35,891.12 "," $47,59,858.74 "," $1,05,35,891.12 "," $7,59,751.30 "," $24,53,293.65 ",6.1,38,9906,5452,Renee Campbell,Melissa Cain, $-   ,0.00%,Break_even,Good Performance
1329,Case good month,Comedy,1972,07-02-1972,USA," $25,46,30,812.10 "," $61,59,69,595.90 "," $95,96,28,607.60 "," $6,40,63,714.63 "," $33,36,84,090.20 ",7.7,75,3419,50,Donna Wagner,Eric Cooper," $70,49,97,795.50 ",276.87%,Hit,Good Performance
1330,Effort thought onto,Drama,2019,19-05-2019,USA," $15,50,988.98 "," $14,85,413.12 "," $35,47,077.76 "," $3,89,492.62 "," $6,79,840.39 ",5.4,54,2520,187,Samantha Campbell,Chad Santiago," $19,96,088.78 ",128.70%,Hit,Average
1331,Wide enough,Thriller,1992,12-04-1992,UK," $38,41,624.67 "," $40,32,475.80 "," $60,36,172.65 "," $7,24,866.13 "," $21,17,363.91 ",6.3,51,777,153,Jeremy Ray,Heather Williams," $21,94,547.98 ",57.13%,flop,Good Performance
1332,Act a base role,Horror,1983,11-11-1983,USA," $31,40,420.34 "," $55,98,376.36 "," $99,76,327.40 "," $8,77,323.46 "," $31,04,776.56 ",9,90,12364,388,Amber Anderson,Amanda Lawson," $68,35,907.06 ",217.67%,Hit,Excellent Performance
1333,Give economy,Comedy,2024,14-09-2024,South Korea," $51,75,173.11 "," $1,20,33,782.86 "," $2,08,20,536.01 "," $25,89,714.27 "," $65,34,870.95 ",7.6,60,2538,227,Charlotte Williams,Mrs. Margaret Smith," $1,56,45,362.90 ",302.32%,Hit,Good Performance
1334,Beautiful wide front,Sci-Fi,2006,07-08-2006,India," $11,05,641.56 "," $20,27,913.34 "," $40,67,618.96 "," $4,73,653.52 "," $10,58,153.45 ",7.1,71,8889,887,Jonathan Evans,Michael Hughes," $29,61,977.40 ",267.90%,Hit,Good Performance
1335,Ahead doctor Republican,Drama,1962,02-04-1962,India," $39,75,117.38 "," $78,32,685.22 "," $1,13,69,258.91 "," $9,12,785.17 "," $45,64,791.81 ",5.6,55,3259,73,Brenda Smith,Michael Torres," $73,94,141.53 ",186.01%,Hit,Average
1336,Can attention,Romance,2007,14-04-2007,USA," $1,02,48,693.31 "," $82,17,842.30 "," $1,78,46,308.73 "," $23,88,053.01 "," $33,86,422.43 ",8.3,63,1090,12412,Alyssa Adams,Mark Crosby," $75,97,615.42 ",74.13%,flop,Excellent Performance
1337,Laugh several,Thriller,2010,31-12-2010,USA," $1,47,13,315.93 "," $61,67,375.90 "," $1,47,13,315.93 "," $6,86,243.27 "," $26,07,241.08 ",6.4,80,3535,996,Sharon Wilson,Miranda Armstrong, $-   ,0.00%,Break_even,Good Performance
1338,Imagine top,Drama,2011,11-01-2011,USA," $8,48,874.12 "," $12,33,325.78 "," $28,06,912.21 "," $3,63,400.50 "," $4,95,778.64 ",6.9,68,1241,408,Jeffrey Myers MD,Gabriel Mathis," $19,58,038.09 ",230.66%,Hit,Good Performance
1339,Else goal,Comedy,2011,09-11-2011,USA," $3,32,81,439.80 "," $3,97,77,696.51 "," $9,34,35,194.81 "," $78,48,107.63 "," $1,84,07,129.22 ",7.4,86,983,626,Chad Koch,Peter Sanders," $6,01,53,755.01 ",180.74%,Hit,Good Performance
1340,Spring the fill nation,Drama,1995,29-12-1995,USA," $97,40,749.35 "," $73,66,379.70 "," $1,80,38,682.24 "," $19,87,974.58 "," $41,84,670.38 ",6.5,50,23371,2640,Barbara Torres,Sydney Jordan," $82,97,932.89 ",85.19%,flop,Good Performance
1341,Itself about,Horror,2005,07-02-2005,USA," $12,67,282.18 "," $26,78,976.59 "," $38,73,472.52 "," $5,56,910.50 "," $12,68,962.60 ",5.4,50,65864,3915,Jerry Owens,Dalton Johnson," $26,06,190.34 ",205.65%,Hit,Average
1342,Research goal,Horror,2013,01-03-2013,USA," $49,60,815.47 "," $1,08,40,453.63 "," $2,14,31,018.21 "," $19,29,396.92 "," $60,71,570.71 ",5.3,31,2331,171,Amanda Montgomery,Michael Ramirez," $1,64,70,202.74 ",332.01%,Hit,Average
1343,Drug many realize,Horror,2020,12-05-2020,USA," $70,89,132.93 "," $56,10,682.56 "," $1,34,65,972.80 "," $11,54,101.83 "," $29,79,889.60 ",7.3,84,602,1025,Ashley Medina,Catherine Willis," $63,76,839.87 ",89.95%,flop,Good Performance
1344,If into rich,Comedy,1979,08-06-1979,France," $91,98,005.28 "," $82,25,959.90 "," $1,95,96,765.19 "," $19,53,722.46 "," $43,83,287.94 ",7.3,61,2190,325,Barbara Torres,Joshua Walker," $1,03,98,759.91 ",113.05%,Hit,Good Performance
1345,Though firm almost,Comedy,2004,18-01-2004,USA," $6,30,419.75 "," $5,65,425.23 "," $9,11,899.90 "," $1,57,335.82 "," $2,38,940.49 ",4.5,49,9928,298,Jessica Rodriguez,Jessica Scott," $2,81,480.15 ",44.65%,flop,Average
1346,Attorney now thought,Horror,1999,10-02-1999,USA," $2,07,09,391.09 "," $1,33,06,689.77 "," $3,32,36,850.56 "," $36,82,229.79 "," $67,17,134.99 ",6.6,62,7998,190,Tara Underwood,Adam Bowman," $1,25,27,459.47 ",60.49%,flop,Good Performance
1347,To former big,Drama,2005,28-01-2005,Canada," $71,78,158.70 "," $69,47,678.09 "," $1,18,90,918.31 "," $10,39,681.16 "," $38,60,077.70 ",8.5,79,54679,429,Roberto Underwood,John Sullivan," $47,12,759.61 ",65.65%,flop,Excellent Performance
1348,Paper,Action,2022,25-11-2022,USA," $44,09,572.62 "," $53,08,387.61 "," $1,17,31,115.23 "," $12,05,011.26 "," $21,64,348.47 ",7.1,89,2186,538,Eric Ramirez,Christina Jones," $73,21,542.61 ",166.04%,Hit,Good Performance
1349,Appear,Drama,1994,10-06-1994,India," $2,90,38,566.81 "," $6,91,61,772.23 "," $12,58,16,702.20 "," $91,64,079.68 "," $4,08,44,770.82 ",6.6,77,4685,578,Donna Wagner,Douglas Davis," $9,67,78,135.39 ",333.27%,Hit,Good Performance
1350,Art nothing computer,Documentary,2006,20-03-2006,USA," $3,85,11,271.11 "," $5,05,22,427.46 "," $7,87,43,382.04 "," $84,24,279.96 "," $2,76,45,745.64 ",7.6,80,38501,341,Crystal Harris,Brittany James," $4,02,32,110.93 ",104.47%,Hit,Good Performance
1351,Future carry,Thriller,1975,28-07-1975,China," $37,22,268.11 "," $16,59,648.37 "," $37,22,268.11 "," $3,22,149.53 "," $7,05,407.94 ",6.6,84,2148,1611,James Cross,Andrea Bowers, $-   ,0.00%,Break_even,Good Performance
1352,Artist grow,Comedy,2007,11-05-2007,Australia," $57,98,412.25 "," $1,14,97,319.57 "," $2,10,16,255.94 "," $26,22,095.58 "," $46,59,575.97 ",6.7,86,1532,1075,Bethany Rodriguez,Eric Cooper," $1,52,17,843.69 ",262.45%,Hit,Good Performance
1353,Although most,Drama,1994,16-04-1994,USA," $4,83,93,520.99 "," $5,75,07,136.16 "," $9,06,04,413.07 "," $1,07,75,926.25 "," $3,40,43,325.97 ",8.3,88,265,4098,Judy Walker,Jonathan Lee," $4,22,10,892.08 ",87.22%,flop,Excellent Performance
1354,Others off,Drama,2017,19-12-2017,USA," $1,09,86,761.55 "," $2,38,66,526.52 "," $3,92,71,007.92 "," $43,72,762.59 "," $98,71,111.77 ",6,52,28668,69,Kristina Moore,Dennis Perry," $2,82,84,246.37 ",257.44%,Hit,Good Performance
1355,Begin cultural company,Comedy,1995,14-06-1995,USA," $5,02,249.19 "," $4,46,850.60 "," $10,73,813.42 "," $70,354.94 "," $2,56,939.54 ",7.5,69,536,120,Oscar Santos,Joel Hunt," $5,71,564.23 ",113.80%,Hit,Good Performance
1356,Smile issue,Sci-Fi,2016,09-01-2016,USA," $23,30,507.72 "," $9,59,455.57 "," $23,30,507.72 "," $2,80,458.14 "," $4,87,455.88 ",8.1,86,1672,321,Amanda Montgomery,Jennifer Hendricks, $-   ,0.00%,Break_even,Excellent Performance
1357,Enjoy least social,Comedy,1986,25-05-1986,USA," $13,17,139.41 "," $16,57,788.24 "," $41,16,976.32 "," $3,35,937.00 "," $7,09,698.68 ",7.6,79,9775,120,Karen Barrett,Sarah Nelson," $27,99,836.91 ",212.57%,Hit,Good Performance
1358,Player design,Action,1964,19-02-1964,USA," $21,29,166.11 "," $15,09,686.08 "," $29,40,561.75 "," $2,03,226.13 "," $6,48,819.98 ",5.3,57,1307,88,Mr. Drew Clark Jr.,Adam Montes," $8,11,395.64 ",38.11%,flop,Average
1359,Throw,Action,2018,07-09-2018,UK," $8,51,345.96 "," $7,03,461.13 "," $17,11,767.06 "," $96,194.52 "," $3,37,542.74 ",6.6,52,2219,1784,David Hall,Daniel Thompson," $8,60,421.10 ",101.07%,Hit,Good Performance
1360,Maintain record,Horror,1992,25-10-1992,UK," $12,03,401.48 "," $6,53,004.85 "," $12,38,767.84 "," $1,15,683.77 "," $3,71,378.51 ",4.9,53,8983,155,Courtney Reynolds,Kimberly Wolf," $35,366.36 ",2.94%,flop,Average
1361,Worker yeah share red,Comedy,2005,10-07-2005,USA," $61,03,475.43 "," $46,85,956.47 "," $82,60,807.23 "," $10,10,670.19 "," $28,08,974.33 ",4.5,29,2062,325,Faith Franklin,Paige Gonzalez," $21,57,331.80 ",35.35%,flop,Average
1362,Plant reality but,Drama,2003,18-06-2003,USA," $7,52,60,607.16 "," $14,61,23,370.70 "," $24,91,27,934.00 "," $4,01,40,215.15 "," $8,33,07,735.62 ",8.4,97,7488,467,Elizabeth Lane,Christopher Green," $17,38,67,326.84 ",231.02%,Hit,Excellent Performance
1363,Him main,Sci-Fi,2002,30-04-2002,USA," $38,68,383.22 "," $90,56,763.94 "," $1,54,56,837.96 "," $10,12,995.24 "," $49,43,112.76 ",5.3,33,3888,153,Michael Richards,Rodney Smith," $1,15,88,454.74 ",299.57%,Hit,Average
1364,Clearly small blue,Thriller,2012,14-06-2012,China," $15,04,534.64 "," $20,20,391.49 "," $35,09,626.93 "," $3,41,258.65 "," $11,25,910.29 ",6.9,54,11363,547,Michael Ross,Tracy Williams," $20,05,092.29 ",133.27%,Hit,Good Performance
1365,Key number,Romance,1975,04-11-1975,UK," $20,59,774.66 "," $53,05,312.11 "," $76,27,730.68 "," $6,58,602.81 "," $22,94,837.03 ",7.9,81,1080,196,Kelsey Ellis,Brooke Stanley," $55,67,956.02 ",270.32%,Hit,Good Performance
1366,Maintain few,Comedy,1981,09-11-1981,USA," $3,37,271.22 "," $3,47,963.37 "," $8,25,275.32 "," $43,912.28 "," $1,76,795.89 ",6.7,74,5575,112,Maria Lane,Monica Nelson MD," $4,88,004.10 ",144.69%,Hit,Good Performance
1367,State article,Romance,1992,11-05-1992,France," $2,97,13,955.48 "," $6,02,03,263.68 "," $11,94,71,998.00 "," $1,18,86,624.91 "," $2,78,68,565.78 ",5.8,50,7860,249,Sharon Wilson,Sharon Brady," $8,97,58,042.52 ",302.07%,Hit,Average
1368,Sing enter,Horror,1996,20-05-1996,USA," $18,12,367.67 "," $26,07,986.78 "," $52,54,091.40 "," $7,47,923.68 "," $10,50,242.06 ",8.4,89,504,591,David Charles,Jonathan Lee," $34,41,723.73 ",189.90%,Hit,Excellent Performance
1369,Hundred site,Comedy,1967,10-11-1967,USA," $5,89,33,153.64 "," $11,50,68,879.10 "," $16,87,17,794.80 "," $1,65,57,785.75 "," $4,87,81,201.70 ",6.2,67,2985,2526,Rachel Hayes,David Hart," $10,97,84,641.16 ",186.29%,Hit,Good Performance
1370,Share anyone pick,Thriller,2012,30-03-2012,USA," $36,11,283.84 "," $86,16,554.96 "," $1,40,49,981.31 "," $11,16,185.61 "," $46,44,604.84 ",6.5,70,1958,4855,Joseph Willis,Brittany James," $1,04,38,697.47 ",289.06%,Hit,Good Performance
1371,Future fear,Drama,1981,12-08-1981,USA," $72,80,220.31 "," $1,49,74,272.16 "," $2,92,83,361.12 "," $19,05,728.01 "," $79,18,626.79 ",8.4,81,10681,193,Kristina Moore,Sharon Rodriguez," $2,20,03,140.81 ",302.23%,Hit,Excellent Performance
1372,Letter customer,Drama,1996,12-09-1996,France," $28,28,938.47 "," $34,57,238.00 "," $80,34,224.80 "," $3,77,985.50 "," $14,60,560.24 ",9.7,72,134,240,Lori Callahan,Shawna Bryant," $52,05,286.33 ",184.00%,Hit,Excellent Performance
1373,Heart political discuss,Thriller,1996,23-04-1996,Canada," $20,80,026.18 "," $22,83,815.41 "," $56,99,383.23 "," $3,68,658.72 "," $12,00,407.01 ",3.2,47,2136,154,Janice Taylor,Elizabeth Holmes," $36,19,357.05 ",174.01%,Hit,Average
1374,Like in drug,Drama,2002,28-02-2002,USA," $1,25,72,200.97 "," $2,18,68,353.73 "," $5,27,54,569.59 "," $53,72,316.99 "," $1,15,28,400.79 ",6,80,1637,1219,Melissa Hernandez,Gina Fernandez," $4,01,82,368.62 ",319.61%,Hit,Good Performance
1375,Off available,Comedy,2013,17-02-2013,India," $4,07,17,457.26 "," $10,56,74,768.20 "," $17,54,02,802.80 "," $2,55,91,974.45 "," $5,76,14,393.45 ",5.8,60,13073,164,Jordan Orozco,Ashley Gilmore," $13,46,85,345.54 ",330.78%,Hit,Average
1376,Action sport analysis leg,Comedy,2021,30-08-2021,USA," $14,11,62,637.90 "," $10,75,99,228.30 "," $20,60,77,325.00 "," $2,07,79,071.81 "," $4,65,46,397.90 ",6.2,74,1883,145,Sharon Wilson,Kimberly Ramirez," $6,49,14,687.10 ",45.99%,flop,Good Performance
1377,Against season,Thriller,1966,18-12-1966,USA," $31,17,170.01 "," $87,49,171.48 "," $1,35,54,266.31 "," $16,32,393.56 "," $36,00,151.45 ",7.3,80,1756,8874,Thomas Peterson,Theresa Cooley," $1,04,37,096.30 ",334.83%,Hit,Good Performance
1378,Official detail close,Documentary,1981,10-11-1981,USA," $33,13,785.00 "," $46,08,939.37 "," $1,10,47,634.56 "," $6,28,279.60 "," $27,43,545.74 ",3.9,43,1159,2577,William Banks,Anthony Rhodes," $77,33,849.56 ",233.38%,Hit,Average
1379,Claim yes dream,Comedy,2008,22-04-2008,USA," $3,85,380.79 "," $1,68,033.60 "," $3,85,380.79 "," $19,078.21 "," $97,668.12 ",7.4,72,28023,244,Michael Richards,Krystal Cross, $-   ,0.00%,Break_even,Good Performance
1380,Dog ask,Documentary,1989,19-04-1989,USA," $13,67,765.16 "," $21,36,779.95 "," $42,64,694.02 "," $5,61,692.87 "," $11,95,181.53 ",7,57,6500,984,Michael Ross,Tyler Cooper," $28,96,928.86 ",211.80%,Hit,Good Performance
1381,Apply sport value,Thriller,1997,24-03-1997,USA," $4,49,06,879.49 "," $9,01,24,414.91 "," $16,01,52,314.00 "," $2,61,41,772.34 "," $4,47,44,514.85 ",7.1,68,4438,1661,Donna Hall,Dalton Johnson," $11,52,45,434.51 ",256.63%,Hit,Good Performance
1382,Standard ready another,Comedy,2015,31-12-2015,UK," $9,05,772.39 "," $12,72,467.97 "," $22,42,602.71 "," $1,55,153.55 "," $7,27,077.23 ",3.6,7,79404,364,Jacqueline Briggs,Carla Dougherty," $13,36,830.32 ",147.59%,Hit,Average
1383,Next view authority study,Horror,2009,13-10-2009,USA," $21,77,432.11 "," $14,28,202.29 "," $35,15,262.90 "," $3,24,848.51 "," $7,70,692.37 ",4.3,46,753,1710,Julie Maxwell,Adam Montes," $13,37,830.79 ",61.44%,flop,Average
1384,Book,Comedy,2000,24-11-2000,USA," $7,75,83,677.71 "," $12,61,44,546.40 "," $31,01,53,528.50 "," $3,05,31,008.78 "," $7,06,22,810.95 ",6,58,1320,231,Diana Davis,Michael Torres," $23,25,69,850.79 ",299.77%,Hit,Good Performance
1385,Out turn couple,Documentary,2006,28-10-2006,Canada," $29,83,462.99 "," $46,91,839.49 "," $1,07,44,107.79 "," $12,90,190.11 "," $22,95,322.03 ",7.5,81,350,406,Matthew Beck,Sandra Farmer," $77,60,644.80 ",260.12%,Hit,Good Performance
1386,Model professor,Drama,1973,18-01-1973,USA," $2,23,06,692.62 "," $3,59,29,839.85 "," $8,93,29,245.09 "," $98,60,179.13 "," $2,13,06,291.45 ",6.5,72,491,276,Philip Simmons,William Washington," $6,70,22,552.47 ",300.46%,Hit,Good Performance
1387,Eat across,Romance,2017,04-09-2017,USA," $4,97,445.42 "," $6,42,931.14 "," $11,37,002.09 "," $1,64,161.49 "," $3,47,836.28 ",5.9,69,5023,259,Oscar Santos,Rebecca Mejia," $6,39,556.67 ",128.57%,Hit,Average
1388,Others in policy,Horror,2015,21-09-2015,USA," $22,65,802.21 "," $15,73,553.86 "," $22,65,802.21 "," $3,25,148.18 "," $7,08,767.24 ",4,52,3067,336,Denise Horne,Lisa Castro, $-   ,0.00%,Break_even,Average
1389,Appear,Comedy,2024,19-12-2024,USA," $2,45,449.22 "," $5,86,245.27 "," $11,20,310.28 "," $1,53,690.98 "," $3,05,072.67 ",6.5,76,1783,89,Melissa Hernandez,Andrew Walker PhD," $8,74,861.06 ",356.43%,Hit,Good Performance
1390,Director final,Thriller,1954,01-10-1954,USA," $20,50,074.36 "," $29,98,573.05 "," $52,83,749.74 "," $6,77,990.10 "," $12,69,913.60 ",5.1,44,16964,50,Jennifer Willis,Carl Schneider," $32,33,675.38 ",157.73%,Hit,Average
1391,Subject respond become,Drama,2000,01-02-2000,USA," $33,38,647.07 "," $16,26,936.11 "," $33,38,647.07 "," $4,49,699.54 "," $7,34,975.90 ",3.8,39,11589,363,Benjamin Hudson,Tyler Cooper, $-   ,0.00%,Break_even,Average
1392,Oil ten,Romance,1960,20-06-1960,UK," $3,16,714.38 "," $1,40,873.87 "," $3,24,645.79 "," $15,044.12 "," $77,876.47 ",5.6,61,1428,846,Robert Webster,James Nichols," $7,931.41 ",2.50%,flop,Average
1393,South fight,Thriller,1984,23-04-1984,Canada," $2,84,061.93 "," $1,72,981.06 "," $2,84,061.93 "," $51,675.75 "," $96,022.56 ",5.4,41,7722,2859,Amber Anderson,Sabrina Massey, $-   ,0.00%,Break_even,Average
1394,Group while,Comedy,1998,23-10-1998,USA," $3,52,578.95 "," $1,53,959.43 "," $3,52,578.95 "," $21,793.20 "," $70,410.26 ",7.9,83,387,425,Matthew Beck,Miss Jennifer Parsons, $-   ,0.00%,Break_even,Good Performance
1395,Well whom role well,Action,2022,15-01-2022,USA," $1,00,000.00 "," $2,10,477.50 "," $3,09,391.76 "," $35,273.80 "," $1,08,415.27 ",5.3,43,2620,591,Julie Maxwell,Melissa Melendez," $2,09,391.76 ",209.39%,Hit,Average
1396,Gun cultural,Documentary,1969,04-09-1969,India," $16,74,528.85 "," $10,44,765.05 "," $16,74,528.85 "," $1,73,812.09 "," $4,84,407.32 ",9.7,76,2583,5269,Michael Chung,Pamela Frey, $-   ,0.00%,Break_even,Excellent Performance
1397,Some something time,Comedy,2021,17-05-2021,USA," $14,35,438.20 "," $13,85,895.93 "," $30,82,689.04 "," $2,88,479.63 "," $7,59,642.02 ",6.1,48,189189,6041,Claudia Smith,David Hart," $16,47,250.84 ",114.76%,Hit,Good Performance
1398,Keep crime kind,Drama,1976,14-07-1976,USA," $26,01,513.12 "," $27,08,684.91 "," $63,70,474.47 "," $5,10,412.49 "," $15,51,203.12 ",5.5,49,172,4807,Sara Higgins,Jason Chavez," $37,68,961.35 ",144.88%,Hit,Average
1399,Letter tell positive,Comedy,1983,16-04-1983,USA," $11,46,806.76 "," $7,64,893.88 "," $11,46,806.76 "," $1,82,416.25 "," $3,75,966.03 ",5.4,63,4572,325,Diana Davis,Valerie Dennis, $-   ,0.00%,Break_even,Average
1400,Material popular own,Horror,2008,19-09-2008,USA," $87,52,323.19 "," $55,80,554.97 "," $1,03,68,594.57 "," $9,25,632.61 "," $32,96,058.72 ",5.5,43,1735,6012,Darlene Murphy,Dalton Johnson," $16,16,271.38 ",18.47%,flop,Average
1401,Election event,Comedy,2000,25-03-2000,USA," $15,73,041.41 "," $13,75,773.76 "," $24,11,318.92 "," $3,78,432.45 "," $7,22,159.38 ",9,88,22005,141,Dr. Michael Monroe,Shannon Hunt," $8,38,277.51 ",53.29%,flop,Excellent Performance
1402,South itself allow,Drama,2017,27-03-2017,USA," $12,67,300.93 "," $30,39,245.13 "," $55,21,943.42 "," $3,41,196.42 "," $13,01,582.87 ",6.6,45,5690,764,Oscar Santos,Brooke Stanley," $42,54,642.49 ",335.72%,Hit,Good Performance
1403,Remember instead,Drama,2012,11-11-2012,China," $9,83,113.67 "," $4,72,443.12 "," $9,83,113.67 "," $1,38,180.35 "," $2,77,225.87 ",9,82,13651,215,Brenda Smith,Adam Bowman, $-   ,0.00%,Break_even,Excellent Performance
1404,Near television meeting,Action,2000,11-01-2000,USA," $92,01,195.58 "," $1,07,89,799.73 "," $2,49,83,088.01 "," $21,15,623.55 "," $44,89,347.80 ",8.5,97,559,4948,Karen Robinson,Jennifer Leach," $1,57,81,892.43 ",171.52%,Hit,Excellent Performance
1405,Event else,Comedy,2010,06-06-2010,USA," $8,77,966.55 "," $3,55,457.67 "," $8,77,966.55 "," $71,095.93 "," $2,10,828.63 ",7.3,65,22610,99,Jennifer Willis,Daniel Callahan, $-   ,0.00%,Break_even,Good Performance
1406,Significant enjoy,Drama,2018,20-11-2018,USA," $8,88,830.40 "," $5,33,811.86 "," $11,03,740.04 "," $1,18,812.92 "," $2,32,632.42 ",6.8,62,1423,82,Abigail Robles,Robert Garcia," $2,14,909.64 ",24.18%,flop,Good Performance
1407,My experience plant result,Comedy,2023,07-10-2023,USA," $77,99,355.60 "," $89,40,284.39 "," $1,46,86,602.15 "," $16,53,737.21 "," $50,96,792.61 ",8.2,66,2628,65,Janice Taylor,Kathy Marshall," $68,87,246.55 ",88.31%,flop,Excellent Performance
1408,Event sell hundred,Documentary,1996,14-12-1996,USA," $1,35,81,588.25 "," $1,67,92,231.18 "," $2,96,77,090.64 "," $27,47,102.74 "," $68,53,143.80 ",4.8,31,17708,5154,Chad Koch,Laura Wilson," $1,60,95,502.39 ",118.51%,Hit,Average
1409,Table analysis,Documentary,2006,23-04-2006,USA," $16,67,379.24 "," $17,07,423.30 "," $26,12,848.82 "," $4,99,197.97 "," $6,94,883.65 ",8.7,100,2901,50,Bethany Rodriguez,Robin Dawson," $9,45,469.58 ",56.70%,flop,Excellent Performance
1410,Author stay industry,Comedy,2022,31-08-2022,USA," $1,46,69,595.54 "," $3,29,88,119.99 "," $5,69,68,898.69 "," $98,68,818.73 "," $1,45,24,265.04 ",6.9,62,5864,1002,Jerry Owens,Jacqueline Cooper," $4,22,99,303.15 ",288.35%,Hit,Good Performance
1411,Defense discover,Comedy,2014,28-04-2014,USA," $9,43,481.46 "," $11,54,516.71 "," $22,87,413.12 "," $1,45,835.06 "," $5,30,635.31 ",7.3,65,3558,1181,Kimberly Barker,Ashley Reeves," $13,43,931.66 ",142.44%,Hit,Good Performance
1412,Responsibility push senior,Drama,1998,07-09-1998,Canada," $69,13,947.62 "," $1,29,99,964.65 "," $2,44,57,732.31 "," $28,66,253.27 "," $55,95,396.94 ",5.4,52,7916,577,Seth Whitehead,Sydney Jordan," $1,75,43,784.69 ",253.74%,Hit,Average
1413,Determine,Drama,1998,04-11-1998,UK," $4,30,92,329.50 "," $6,26,16,527.74 "," $15,47,12,377.90 "," $1,39,74,060.53 "," $3,10,53,450.40 ",3.7,23,12495,81,Michael Manning,Greg Ball," $11,16,20,048.40 ",259.03%,Hit,Average
1414,Always enter safe,Documentary,2006,07-09-2006,USA," $11,41,488.65 "," $9,31,201.61 "," $15,28,105.11 "," $93,245.06 "," $5,06,748.06 ",6.6,56,8738,3200,Paul Rogers,Paul Glover," $3,86,616.46 ",33.87%,flop,Good Performance
1415,Machine walk,Romance,1956,13-04-1956,France," $15,22,312.11 "," $52,12,687.02 "," $75,59,093.33 "," $8,22,427.64 "," $27,80,102.67 ",7.6,45,257,50,Alyssa Adams,Melissa Morales," $60,36,781.22 ",396.55%,Hit,Good Performance
1416,Sense beyond whatever,Action,2010,17-08-2010,USA," $68,01,107.22 "," $38,64,191.16 "," $68,01,107.22 "," $4,35,982.96 "," $22,67,397.44 ",6.7,60,1158,3714,Michelle Collins,Timothy James, $-   ,0.00%,Break_even,Good Performance
1417,Should official,Documentary,1987,09-02-1987,USA," $42,57,160.58 "," $41,08,035.28 "," $80,06,690.69 "," $6,19,612.44 "," $20,44,059.91 ",9,93,808,998,Tara Underwood,Johnathan Chen," $37,49,530.11 ",88.08%,flop,Excellent Performance
1418,Week kitchen medical,Documentary,1961,01-07-1961,China," $93,61,593.40 "," $2,85,77,601.23 "," $4,26,44,874.46 "," $50,63,216.52 "," $1,60,31,714.67 ",6.8,59,939,492,Courtney Reynolds,Logan Martin," $3,32,83,281.06 ",355.53%,Hit,Good Performance
1419,When several spring,Horror,1963,17-04-1963,USA," $11,14,669.32 "," $9,85,374.13 "," $16,62,849.16 "," $2,39,601.81 "," $5,19,970.66 ",8.2,89,1514,50,Daniel Rivera,Alan Mullins," $5,48,179.84 ",49.18%,flop,Excellent Performance
1420,Executive here available,Horror,1973,08-08-1973,USA," $13,92,994.80 "," $34,55,448.74 "," $52,69,359.57 "," $8,15,016.28 "," $14,70,297.42 ",9.8,100,4864,463,Adam Brown,Sherry Turner," $38,76,364.77 ",278.28%,Hit,Excellent Performance
1421,Use dog,Thriller,2014,23-07-2014,USA," $68,12,936.28 "," $66,15,292.98 "," $1,37,47,067.08 "," $9,85,444.81 "," $31,83,878.57 ",5.1,63,215,100,Jordan Orozco,Michael Gomez," $69,34,130.80 ",101.78%,Hit,Average
1422,Including,Comedy,1970,19-07-1970,Germany," $11,08,272.77 "," $15,70,643.90 "," $29,90,650.49 "," $3,03,713.55 "," $7,90,172.39 ",4.9,53,537,4574,Jeremy Davis,Meghan Johnson," $18,82,377.72 ",169.85%,Hit,Average
1423,Event defense,Drama,1956,04-01-1956,USA," $66,26,026.74 "," $56,83,558.37 "," $89,87,971.99 "," $14,24,767.16 "," $24,12,063.38 ",7.8,95,1509,760,Eric Ramirez,Michael Ramirez," $23,61,945.25 ",35.65%,flop,Good Performance
1424,Child art,Horror,1983,14-03-1983,USA," $33,32,532.50 "," $33,99,324.12 "," $78,19,314.16 "," $5,26,359.34 "," $18,57,739.47 ",8.1,84,9590,2077,Ryan Tate,Tonya Campbell," $44,86,781.66 ",134.64%,Hit,Excellent Performance
1425,Already front,Comedy,1982,19-02-1982,USA," $1,16,19,865.21 "," $1,91,19,868.13 "," $4,56,81,940.24 "," $56,06,516.23 "," $89,61,245.29 ",6.7,68,7420,1272,Darlene Murphy,Mrs. Margaret Smith," $3,40,62,075.03 ",293.14%,Hit,Good Performance
1426,Less source,Romance,2000,27-11-2000,USA," $73,37,235.33 "," $1,61,60,306.42 "," $2,44,81,838.69 "," $28,17,446.06 "," $92,81,486.22 ",4.6,35,179988,385,Jonathan Evans,Valerie Dennis," $1,71,44,603.36 ",233.67%,Hit,Average
1427,Certainly live large,Thriller,1968,24-06-1968,USA," $3,79,762.30 "," $10,48,677.66 "," $15,85,104.79 "," $1,71,142.62 "," $4,63,500.20 ",3.6,41,1632,50,Sharon Wilson,Sharon Brady," $12,05,342.49 ",317.39%,Hit,Average
1428,Reduce rule,Drama,1988,11-02-1988,USA," $1,20,81,092.49 "," $2,29,33,184.46 "," $5,51,84,123.08 "," $58,74,238.90 "," $1,35,46,138.47 ",6.2,57,5753,1481,Tara Underwood,Karen Shaffer," $4,31,03,030.59 ",356.78%,Hit,Good Performance
1429,Cup consider capital,Comedy,1976,16-06-1976,Canada," $6,27,88,884.60 "," $8,88,42,649.63 "," $13,67,95,949.20 "," $2,18,12,816.38 "," $3,80,66,291.51 ",8.6,90,452,1987,Sophia Gomez,Joshua Willis," $7,40,07,064.60 ",117.87%,Hit,Excellent Performance
1430,Truth alone,Comedy,2017,01-07-2017,USA," $58,81,749.02 "," $1,37,28,518.86 "," $2,48,82,805.20 "," $34,56,910.79 "," $67,79,348.63 ",4.6,51,1094,212,Brooke Morales,Christina Jones," $1,90,01,056.18 ",323.05%,Hit,Average
1431,Doctor statement bag,Thriller,1993,06-02-1993,Germany," $9,90,876.13 "," $27,69,731.42 "," $43,33,677.94 "," $4,63,308.09 "," $15,81,420.10 ",7.9,81,559,55,Karen Barrett,Adam Williams," $33,42,801.81 ",337.36%,Hit,Good Performance
1432,Indicate teach,Sci-Fi,2019,08-08-2019,Japan," $1,03,65,584.27 "," $1,24,47,338.52 "," $2,53,18,534.81 "," $20,06,409.34 "," $63,55,959.31 ",7.2,53,5135,8514,Manuel Benton,Daniel Callahan," $1,49,52,950.54 ",144.26%,Hit,Good Performance
1433,Away scientist,Romance,2001,30-01-2001,USA," $13,29,262.07 "," $19,77,241.23 "," $39,67,618.23 "," $3,42,233.37 "," $11,49,560.09 ",8.7,90,1219,1010,Chad Koch,Brandon Davidson," $26,38,356.16 ",198.48%,Hit,Excellent Performance
1434,Food improve,Drama,1979,10-07-1979,India," $2,81,921.11 "," $5,91,846.59 "," $12,45,547.53 "," $1,02,382.72 "," $2,94,675.45 ",6.2,50,24872,103,Christian Hernandez,Richard Davis," $9,63,626.42 ",341.81%,Hit,Good Performance
1435,Head,Action,2021,23-09-2021,USA," $14,17,910.20 "," $14,04,516.11 "," $21,62,897.39 "," $3,07,664.92 "," $7,92,009.52 ",7.2,75,2889,5642,Vanessa Fox,Catherine Willis," $7,44,987.19 ",52.54%,flop,Good Performance
1436,Possible be,Comedy,2008,11-04-2008,UK," $79,32,699.73 "," $79,64,997.38 "," $1,44,19,467.15 "," $19,07,545.44 "," $34,01,586.62 ",6.7,50,922,807,Amanda Montgomery,Brandi Moon," $64,86,767.42 ",81.77%,flop,Good Performance
1437,Military never thousand purpose,Comedy,1973,07-04-1973,USA," $75,33,771.50 "," $1,06,11,442.97 "," $2,01,95,005.51 "," $15,78,769.14 "," $61,95,892.29 ",6.8,62,2276,916,Joshua Morales,Holly Jones," $1,26,61,234.01 ",168.06%,Hit,Good Performance
1438,Forward study,Comedy,1971,04-02-1971,USA," $1,12,28,511.77 "," $2,93,86,662.13 "," $4,60,44,206.57 "," $68,70,585.40 "," $1,71,68,252.02 ",5.8,52,1025,3653,Tracy Tucker,Steven Green," $3,48,15,694.80 ",310.07%,Hit,Average
1439,A beat,Thriller,1976,03-11-1976,USA," $1,90,64,627.40 "," $2,96,68,827.25 "," $4,72,48,694.65 "," $29,95,912.98 "," $1,55,12,318.12 ",6.1,56,4487,86,Jessica Rodriguez,Benjamin Mitchell," $2,81,84,067.25 ",147.83%,Hit,Good Performance
1440,Beautiful degree,Comedy,2011,20-05-2011,USA," $3,05,45,957.62 "," $2,07,35,965.54 "," $3,05,45,957.62 "," $35,39,456.43 "," $1,21,95,467.51 ",6.1,61,4594,1098,Brooke Morales,Robert Reynolds, $-   ,0.00%,Break_even,Good Performance
1441,Without memory ability,Drama,2016,06-07-2016,USA," $39,05,381.80 "," $71,02,328.59 "," $1,45,21,748.90 "," $21,07,721.54 "," $39,21,141.56 ",7.6,56,2131,76,Julie Maxwell,Catherine Rogers," $1,06,16,367.10 ",271.84%,Hit,Good Performance
1442,Economy,Comedy,1968,21-08-1968,USA," $24,57,078.85 "," $57,02,814.28 "," $89,13,571.41 "," $11,93,439.53 "," $32,92,519.03 ",10,92,913,403,Paul Weiss,James Erickson," $64,56,492.56 ",262.77%,Hit,Excellent Performance
1443,Wind low,Documentary,1996,18-06-1996,USA," $61,10,398.78 "," $25,03,301.65 "," $61,10,398.78 "," $6,54,819.28 "," $14,27,148.38 ",3.7,39,1306,372,Alyssa Adams,Ashley Juarez, $-   ,0.00%,Break_even,Average
1444,Get too future,Action,2011,15-10-2011,USA," $60,78,745.26 "," $50,09,992.46 "," $1,18,56,172.61 "," $7,30,806.95 "," $22,69,155.34 ",5.8,58,4295,3780,Patricia Munoz,John Ross," $57,77,427.35 ",95.04%,flop,Average
1445,East management,Drama,1989,08-11-1989,USA," $17,32,328.77 "," $22,15,578.84 "," $47,43,236.54 "," $3,80,485.81 "," $9,50,634.07 ",6.7,55,766,264,Kelsey Ellis,Nicole Morales," $30,10,907.77 ",173.81%,Hit,Good Performance
1446,Live leader condition,Romance,1997,16-07-1997,USA," $85,16,864.21 "," $2,14,90,710.59 "," $3,07,17,764.73 "," $54,48,629.34 "," $1,28,21,347.79 ",5,61,101269,17751,Brenda Smith,Amanda Jenkins," $2,22,00,900.52 ",260.67%,Hit,Average
1447,Matter opportunity those,Thriller,1973,08-07-1973,USA," $41,81,372.89 "," $33,29,629.72 "," $73,81,834.07 "," $6,37,857.45 "," $16,61,962.51 ",7.9,82,1474,50,Benjamin Hudson,Larry Bishop," $32,00,461.18 ",76.54%,flop,Good Performance
1448,Light outside,Horror,2015,10-02-2015,USA," $7,49,948.49 "," $16,44,420.78 "," $30,43,789.82 "," $1,83,930.65 "," $7,84,289.46 ",6.4,71,5686,481,Jacqueline Briggs,Donald Franco," $22,93,841.33 ",305.87%,Hit,Good Performance
1449,Else office,Drama,2002,29-05-2002,USA," $11,95,689.61 "," $23,10,914.93 "," $54,75,094.26 "," $5,11,383.83 "," $13,37,101.01 ",5.4,69,22554,1048,Charles Lopez,Benjamin Walters," $42,79,404.65 ",357.90%,Hit,Average
1450,Project,Documentary,1977,02-08-1977,USA," $6,74,775.70 "," $9,70,133.12 "," $14,99,153.73 "," $1,60,466.87 "," $4,55,251.24 ",6.5,84,4751,7131,Julie Maxwell,William Crawford," $8,24,378.03 ",122.17%,Hit,Good Performance
1451,Social final here,Documentary,2021,28-04-2021,USA," $46,99,446.42 "," $56,80,982.97 "," $1,30,77,862.27 "," $15,62,925.36 "," $32,39,877.51 ",6.2,65,5552,4958,David Rosales,Tyler Cooper," $83,78,415.85 ",178.29%,Hit,Good Performance
1452,Again position idea leg,Romance,2004,30-05-2004,USA," $3,26,475.03 "," $2,28,601.87 "," $3,86,406.88 "," $36,461.89 "," $1,12,956.57 ",9.3,92,18842,496,Sharon Wilson,Heather Allison," $59,931.85 ",18.36%,flop,Excellent Performance
1453,Book own,Thriller,2023,13-08-2023,USA," $82,21,290.37 "," $55,84,000.69 "," $1,11,04,975.10 "," $12,34,126.81 "," $29,76,340.52 ",8.1,76,1026,302,Joseph Willis,Eric Cooper," $28,83,684.73 ",35.08%,flop,Excellent Performance
1454,Plant discuss theory believe,Drama,1973,20-06-1973,UK," $8,66,270.79 "," $8,55,628.15 "," $18,92,211.36 "," $1,22,924.10 "," $4,20,621.49 ",6.5,68,15415,4887,Brandon Fuller,Sarah Nelson," $10,25,940.57 ",118.43%,Hit,Good Performance
1455,Employee purpose exist,Drama,1984,05-01-1984,USA," $51,63,755.84 "," $85,74,229.92 "," $1,30,62,062.99 "," $17,79,810.97 "," $42,92,280.16 ",4.4,41,691,2263,Sean Howard,Alan Mullins," $78,98,307.15 ",152.96%,Hit,Average
1456,Community imagine,Comedy,1971,21-05-1971,USA," $12,37,033.12 "," $8,60,024.19 "," $16,29,362.40 "," $1,13,361.73 "," $3,59,539.55 ",10,100,4452,5346,Jerry Owens,Brandon Davidson," $3,92,329.28 ",31.72%,flop,Excellent Performance
1457,Success cover process,Action,2012,25-02-2012,USA," $77,35,887.12 "," $53,23,777.30 "," $94,95,714.28 "," $9,06,898.31 "," $21,78,488.61 ",5.5,62,3802,309,Christian Hernandez,Jamie Cunningham," $17,59,827.16 ",22.75%,flop,Average
1458,Tax former,Drama,1956,06-11-1956,Japan," $49,35,483.40 "," $83,85,831.57 "," $1,19,99,138.69 "," $9,52,980.91 "," $43,05,250.35 ",6.7,66,1230,461,Brenda Smith,Jennifer Richards," $70,63,655.29 ",143.12%,Hit,Good Performance
1459,Ability professional upon level,Sci-Fi,2015,09-04-2015,USA," $35,42,269.00 "," $29,70,744.94 "," $64,01,016.49 "," $5,56,047.93 "," $15,13,232.44 ",7,78,205,108,Jennifer Willis,Brian Mccormick," $28,58,747.49 ",80.70%,flop,Good Performance
1460,Director in,Drama,1998,28-05-1998,India," $5,61,56,065.48 "," $5,92,43,182.83 "," $10,97,55,241.90 "," $1,15,35,772.90 "," $2,94,19,258.28 ",4.5,39,1349,1828,Joseph Willis,Peter Sanders," $5,35,99,176.42 ",95.45%,flop,Average
1461,Enjoy case create,Documentary,2013,10-07-2013,France," $58,25,876.74 "," $66,74,106.44 "," $1,10,77,581.27 "," $7,97,620.35 "," $38,35,142.07 ",2.2,47,2732,60,Joseph Willis,Kathryn Hunt," $52,51,704.53 ",90.14%,flop,Average
1462,Record attorney today,Comedy,1985,16-03-1985,USA," $5,96,70,422.60 "," $10,39,64,143.10 "," $15,85,21,302.40 "," $2,35,79,524.95 "," $5,22,28,926.83 ",4.8,59,962,265,Terry Lawrence,William Prince," $9,88,50,879.80 ",165.66%,Hit,Average
1463,Democrat market several,Drama,2006,01-04-2006,USA," $22,71,893.20 "," $9,98,855.66 "," $22,71,893.20 "," $1,61,368.97 "," $5,00,413.03 ",5.9,46,1321,50,Terry Lawrence,Thomas Sims, $-   ,0.00%,Break_even,Average
1464,Close believe walk,Thriller,1978,24-11-1978,USA," $1,63,66,958.27 "," $2,92,96,431.65 "," $4,28,56,253.01 "," $72,90,181.05 "," $1,68,51,015.46 ",8.6,100,28411,85,Dr. Jonathan Long,Chelsea Armstrong," $2,64,89,294.74 ",161.85%,Hit,Excellent Performance
1465,Chance station play,Comedy,2012,17-08-2012,China," $3,31,22,795.10 "," $1,34,17,225.16 "," $3,31,22,795.10 "," $31,04,357.19 "," $61,33,358.80 ",3.9,39,431,238,Nicholas Murphy,Carla Dougherty, $-   ,0.00%,Break_even,Average
1466,Benefit democratic issue,Romance,1964,24-05-1964,USA," $4,16,85,857.21 "," $4,83,07,499.49 "," $9,29,30,053.76 "," $77,28,707.61 "," $2,16,93,129.05 ",7.2,59,27078,243,Kelsey Ellis,Nicole Dawson," $5,12,44,196.55 ",122.93%,Hit,Good Performance
1467,Truth,Drama,1968,03-06-1968,USA," $7,41,869.43 "," $18,90,075.07 "," $35,44,737.06 "," $3,70,683.83 "," $11,17,598.31 ",8.8,100,12662,928,Donna Wagner,Anna Vasquez," $28,02,867.63 ",377.81%,Hit,Excellent Performance
1468,Plant cultural media,Comedy,2008,29-07-2008,USA," $15,41,579.98 "," $9,80,546.71 "," $15,41,579.98 "," $1,25,565.73 "," $4,51,830.73 ",7.7,82,100,268,Jessica Singh,Alyssa Wolfe, $-   ,0.00%,Break_even,Good Performance
1469,Animal condition song,Action,2019,29-03-2019,USA," $69,56,858.25 "," $2,01,11,467.52 "," $3,14,07,367.12 "," $59,84,700.07 "," $86,96,276.20 ",6.2,57,5881,50,Jonathan Evans,David Castillo," $2,44,50,508.87 ",351.46%,Hit,Good Performance
1470,Leave performance store,Action,2012,10-01-2012,USA," $4,63,132.31 "," $11,40,046.00 "," $18,48,420.74 "," $3,35,192.96 "," $6,37,706.60 ",7.1,79,3596,75,Jerry Owens,Richard Mata," $13,85,288.43 ",299.11%,Hit,Good Performance
1471,Past,Documentary,1967,27-09-1967,France," $57,32,459.79 "," $28,41,992.83 "," $60,61,589.06 "," $5,89,008.80 "," $16,70,352.27 ",7.1,69,5156,758,Maria Lane,Russell Martin," $3,29,129.27 ",5.74%,flop,Good Performance
1472,Or some,Thriller,2020,30-04-2020,USA," $1,42,48,024.92 "," $1,54,72,108.00 "," $2,56,22,960.20 "," $27,91,270.19 "," $65,18,383.38 ",8,90,49757,94,Judy Walker,Sheila Dunn," $1,13,74,935.28 ",79.84%,flop,Excellent Performance
1473,Important media suddenly,Comedy,2010,12-04-2010,USA," $77,97,518.30 "," $1,45,74,225.40 "," $3,35,75,094.99 "," $38,42,269.40 "," $80,91,025.88 ",5.2,53,3065,1981,Abigail Robles,Karen Shaffer," $2,57,77,576.69 ",330.59%,Hit,Average
1474,Voice camera ability,Horror,1977,17-05-1977,USA," $3,31,41,872.16 "," $5,47,32,488.46 "," $9,19,26,602.93 "," $1,35,38,031.08 "," $2,52,41,717.85 ",4.6,55,2265,675,Jeremy Ray,Jacqueline Cooper," $5,87,84,730.77 ",177.37%,Hit,Average
1475,Whose reduce,Romance,1993,24-11-1993,USA," $1,19,76,849.91 "," $67,63,342.24 "," $1,35,86,992.75 "," $12,38,101.21 "," $34,62,764.71 ",7,73,595,108,Adriana Campbell,Tyler Cooper," $16,10,142.84 ",13.44%,flop,Good Performance
1476,Mrs certainly,Romance,2009,13-08-2009,Canada," $71,25,181.32 "," $1,26,10,956.22 "," $2,61,09,676.35 "," $15,81,111.35 "," $65,05,599.31 ",7,68,4514,6053,Jennifer Miller,Michael Martinez," $1,89,84,495.03 ",266.44%,Hit,Good Performance
1477,Family bring,Documentary,1995,10-01-1995,USA," $14,77,294.95 "," $25,55,764.41 "," $42,45,754.79 "," $4,93,440.62 "," $11,71,079.45 ",6.8,59,18156,679,Paul Rogers,Morgan King," $27,68,459.84 ",187.40%,Hit,Good Performance
1478,Method,Sci-Fi,2010,16-01-2010,Australia," $19,93,610.81 "," $30,83,523.72 "," $47,55,274.76 "," $6,83,250.08 "," $16,80,129.48 ",7.4,63,8865,55,Lori Callahan,Nicholas Williamson," $27,61,663.95 ",138.53%,Hit,Good Performance
1479,Learn price citizen,Comedy,1994,25-09-1994,USA," $19,78,709.83 "," $21,12,932.39 "," $34,54,641.02 "," $3,19,341.63 "," $12,47,627.10 ",6,66,2617,517,Judy Walker,Dominique Aguirre," $14,75,931.19 ",74.59%,flop,Good Performance
1480,Base,Drama,2025,29-11-2025,USA," $10,75,744.74 "," $14,86,129.04 "," $22,24,522.60 "," $1,82,328.48 "," $8,61,802.77 ",6.7,68,11946,50,Michael Richards,Eric Nelson," $11,48,777.86 ",106.79%,Hit,Good Performance
1481,Compare edge,Drama,2014,08-12-2014,India," $36,80,580.25 "," $59,67,273.29 "," $93,38,408.01 "," $11,99,785.82 "," $32,40,030.92 ",6.1,63,13867,341,Raymond Morris,Becky Kerr," $56,57,827.76 ",153.72%,Hit,Good Performance
1482,Me plant star effort,Comedy,1981,27-10-1981,USA," $28,36,060.31 "," $17,57,745.79 "," $34,40,287.13 "," $5,05,102.58 "," $8,29,771.73 ",5.9,64,1882,2097,Caitlin Brewer,Jeffrey Haley," $6,04,226.82 ",21.31%,flop,Average
1483,Believe help through,Comedy,1988,25-01-1988,USA," $1,00,000.00 "," $1,14,688.18 "," $2,63,620.96 "," $17,330.88 "," $60,133.93 ",4.8,52,3240,232,Mary Mitchell,Brenda Gomez," $1,63,620.96 ",163.62%,Hit,Average
1484,Create decision series,Drama,1986,08-09-1986,South Korea," $50,99,620.77 "," $50,14,834.49 "," $72,85,237.74 "," $14,57,671.74 "," $23,93,230.18 ",4.6,36,14484,1165,Anthony Rowland,Jessica Scott," $21,85,616.97 ",42.86%,flop,Average
1485,Citizen onto,Drama,2019,28-10-2019,USA," $4,15,116.19 "," $4,45,934.90 "," $6,79,730.09 "," $1,19,887.85 "," $1,79,345.58 ",6.9,63,530,526,Brian Robinson,Jorge Thompson," $2,64,613.90 ",63.74%,flop,Good Performance
1486,Recent expert,Action,2019,08-01-2019,USA," $4,63,787.38 "," $3,34,413.26 "," $7,04,605.03 "," $44,274.53 "," $1,75,217.01 ",4.1,42,5560,5419,Michael Manning,Mark Morris," $2,40,817.65 ",51.92%,flop,Average
1487,May radio citizen,Action,1980,23-11-1980,USA," $13,53,286.17 "," $9,18,612.33 "," $13,53,286.17 "," $1,30,250.43 "," $5,17,304.76 ",7.4,65,3394,894,Michael Richards,Samuel Wyatt, $-   ,0.00%,Break_even,Good Performance
1488,Upon great look,Horror,2023,27-06-2023,USA," $26,32,726.89 "," $49,14,955.60 "," $76,98,975.25 "," $5,07,671.27 "," $23,38,816.59 ",5,46,21994,1438,Judy Walker,Lauren Horton," $50,66,248.36 ",192.43%,Hit,Average
1489,Read find,Drama,1988,12-12-1988,USA," $42,83,800.65 "," $27,96,328.36 "," $69,18,454.59 "," $4,94,079.93 "," $11,53,627.29 ",7.5,76,3074,3628,Amanda Montgomery,Michelle Anderson," $26,34,653.94 ",61.50%,flop,Good Performance
1490,Decision,Drama,2009,02-05-2009,USA," $1,61,511.28 "," $66,872.40 "," $1,61,511.28 "," $12,208.74 "," $31,543.42 ",5.2,51,6921,628,Vanessa Fox,Sharon Riley, $-   ,0.00%,Break_even,Average
1491,Return clear country,Drama,1984,20-10-1984,USA," $15,84,142.65 "," $36,00,913.78 "," $61,60,311.56 "," $7,38,963.36 "," $18,59,652.73 ",7.4,52,820,312,Roberto Underwood,Eric Obrien," $45,76,168.91 ",288.87%,Hit,Good Performance
1492,Year,Romance,2023,10-09-2023,India," $9,60,53,359.02 "," $8,99,18,146.75 "," $21,25,09,968.40 "," $1,77,40,391.38 "," $5,30,78,261.51 ",5.2,47,2615,50,Sophia Gomez,Nicole Dawson," $11,64,56,609.38 ",121.24%,Hit,Average
1493,Avoid view,Drama,2002,13-10-2002,USA," $81,24,242.65 "," $72,92,903.97 "," $1,24,46,541.76 "," $17,82,245.20 "," $40,25,152.55 ",5.8,49,6825,368,Matthew Beck,Brittany James," $43,22,299.11 ",53.20%,flop,Average
1494,Body campaign,Romance,2016,03-06-2016,USA," $35,74,677.10 "," $1,21,02,601.56 "," $1,75,31,610.61 "," $25,30,303.30 "," $49,58,325.81 ",7.3,90,812,1177,Judy Walker,Seth Smith," $1,39,56,933.51 ",390.44%,Hit,Good Performance
1495,Reveal,Thriller,1994,30-09-1994,USA," $8,98,913.06 "," $16,27,794.11 "," $39,70,981.13 "," $3,28,082.32 "," $7,94,753.92 ",9.9,100,370,50,Patricia Munoz,Christopher Patterson," $30,72,068.07 ",341.75%,Hit,Excellent Performance
1496,Central business buy,Comedy,2013,13-07-2013,USA," $3,87,84,354.32 "," $3,77,59,885.52 "," $8,84,45,831.47 "," $74,94,327.81 "," $1,55,32,519.87 ",6,77,833,74,Raymond Morris,Peter Sanders," $4,96,61,477.15 ",128.05%,Hit,Good Performance
1497,Information discover can,Drama,2021,31-10-2021,India," $1,22,01,927.60 "," $3,74,19,699.46 "," $5,51,74,402.79 "," $1,02,66,635.56 "," $1,56,16,410.50 ",7.8,72,507,224,Mr. Drew Clark Jr.,Victoria Phillips," $4,29,72,475.19 ",352.18%,Hit,Good Performance
1498,Kitchen fine herself difference,Drama,2003,19-02-2003,Japan," $59,77,294.39 "," $1,04,27,686.67 "," $2,21,92,680.92 "," $14,14,787.25 "," $54,30,707.16 ",6.7,69,11341,310,Jonathan Evans,Rebecca Mejia," $1,62,15,386.53 ",271.28%,Hit,Good Performance
1499,Form about,Drama,2023,25-07-2023,USA," $5,29,91,197.80 "," $4,44,57,621.37 "," $6,87,02,804.69 "," $1,03,94,189.17 "," $2,44,40,215.11 ",5.7,61,757,1735,Ryan Tate,Catherine Rogers," $1,57,11,606.89 ",29.65%,flop,Average
1500,Network full,Thriller,2022,07-11-2022,Australia," $2,04,60,907.29 "," $1,10,46,162.18 "," $2,04,60,907.29 "," $29,18,928.99 "," $62,52,230.94 ",8.6,90,410,191,Tyler Sanchez,Michelle Anderson, $-   ,0.00%,Break_even,Excellent Performance
1501,Region cell,Thriller,1987,14-11-1987,USA," $31,81,908.58 "," $65,54,027.24 "," $1,14,37,940.66 "," $18,53,810.08 "," $38,23,229.58 ",5.3,45,16790,113,Kimberly Barker,Douglas Bullock," $82,56,032.08 ",259.47%,Hit,Average
1502,Then tough,Romance,1999,27-12-1999,USA," $1,23,440.74 "," $1,65,965.84 "," $2,85,458.41 "," $36,064.66 "," $76,740.30 ",5.1,37,891,115,Suzanne Gonzalez,Sandra Farmer," $1,62,017.67 ",131.25%,Hit,Average
1503,Anything wife street,Drama,2024,29-01-2024,USA," $47,13,788.17 "," $42,28,181.83 "," $76,33,598.91 "," $8,64,349.14 "," $19,79,330.33 ",6.4,61,14282,115,Rachel Kirby,Samuel Wyatt," $29,19,810.74 ",61.94%,flop,Good Performance
1504,Cause fine,Drama,1996,06-06-1996,USA," $48,01,353.59 "," $48,13,801.53 "," $1,01,82,060.49 "," $7,30,561.90 "," $19,99,808.09 ",6.5,65,3867,88,Anthony Henry,Brenda Gomez," $53,80,706.90 ",112.07%,Hit,Good Performance
1505,Pm issue instead everything,Comedy,1967,13-12-1967,USA," $3,55,747.30 "," $3,15,542.04 "," $6,21,771.37 "," $81,962.86 "," $1,38,962.26 ",9.1,91,4078,292,Joshua Morales,Michael Torres," $2,66,024.07 ",74.78%,flop,Excellent Performance
1506,At hear big,Action,2002,06-09-2002,USA," $1,28,26,840.13 "," $3,42,46,563.22 "," $5,58,42,789.85 "," $43,37,380.48 "," $1,96,20,673.29 ",7.2,79,5441,102,David Charles,Carla Dougherty," $4,30,15,949.72 ",335.36%,Hit,Good Performance
1507,Federal way sell,Drama,1961,02-03-1961,USA," $5,54,02,545.56 "," $10,55,01,604.20 "," $15,35,49,472.20 "," $2,87,30,918.40 "," $5,75,39,613.76 ",6.5,74,13515,438,Maria Lane,Olivia Allen," $9,81,46,926.64 ",177.15%,Hit,Good Performance
1508,Now on,Comedy,1982,11-10-1982,USA," $68,45,826.07 "," $43,34,687.25 "," $68,45,826.07 "," $8,44,229.43 "," $18,62,735.69 ",5.4,48,21522,443,Sophia Gomez,Brian Mccormick, $-   ,0.00%,Break_even,Average
1509,More forward under,Horror,1990,02-08-1990,USA," $11,84,908.24 "," $7,74,789.86 "," $12,14,793.26 "," $1,20,202.78 "," $3,32,639.09 ",8.3,75,6889,51,Abigail Robles,Kristin Cook," $29,885.02 ",2.52%,flop,Excellent Performance
1510,Final court,Horror,2008,05-02-2008,USA," $10,49,574.40 "," $7,77,769.42 "," $16,86,636.88 "," $97,004.85 "," $4,49,458.09 ",4.9,50,9550,50,Amanda Montgomery,Mark Crosby," $6,37,062.48 ",60.70%,flop,Average
1511,Consumer production life dinner,Drama,1981,20-05-1981,USA," $4,68,670.66 "," $3,02,083.37 "," $5,12,268.46 "," $63,415.73 "," $1,71,065.43 ",5.9,48,80825,715,Robert Hendricks,Carolyn Calhoun," $43,597.80 ",9.30%,flop,Average
1512,All official would,Romance,2008,12-12-2008,USA," $16,96,682.24 "," $45,26,918.70 "," $67,51,553.51 "," $7,06,195.79 "," $24,71,652.53 ",6.9,66,3348,1736,Brenda Smith,Patricia Keller," $50,54,871.27 ",297.93%,Hit,Good Performance
1513,Security voice herself,Action,2005,26-06-2005,USA," $19,95,892.87 "," $44,28,795.02 "," $66,74,107.35 "," $8,25,310.18 "," $22,62,405.26 ",5.9,55,16277,313,Tracy Tucker,Joy Huber," $46,78,214.48 ",234.39%,Hit,Average
1514,Wife like,Drama,2024,24-11-2024,USA," $2,92,47,945.78 "," $1,84,55,957.98 "," $3,25,65,692.56 "," $32,24,358.46 "," $82,24,826.65 ",6.8,72,93972,974,Mark Brooks,Monique Harris," $33,17,746.78 ",11.34%,flop,Good Performance
1515,State paper decide,Horror,2002,11-07-2002,USA," $6,17,621.41 "," $6,35,011.82 "," $9,91,225.40 "," $1,81,119.47 "," $2,81,589.31 ",6.2,62,17041,3888,Daniel Brown,Jennifer Cook," $3,73,603.99 ",60.49%,flop,Good Performance
1516,My look,Documentary,1970,06-06-1970,UK," $27,42,591.11 "," $24,93,428.87 "," $36,34,565.38 "," $4,83,353.66 "," $13,35,287.02 ",6.5,64,359,1072,Terry Lawrence,Miss Jennifer Parsons," $8,91,974.27 ",32.52%,flop,Good Performance
1517,Exist include which,Comedy,1991,24-08-1991,USA," $32,48,512.73 "," $70,41,457.26 "," $1,26,07,648.44 "," $18,40,057.48 "," $29,43,962.44 ",7.3,74,1035,92,Patricia Munoz,William Washington," $93,59,135.71 ",288.11%,Hit,Good Performance
1518,Letter interesting,Thriller,1992,24-03-1992,USA," $5,12,157.47 "," $12,03,788.35 "," $18,58,275.77 "," $3,36,706.96 "," $5,23,069.39 ",7.9,77,344,163,Daniel Brown,John Strickland," $13,46,118.30 ",262.83%,Hit,Good Performance
1519,Produce serve,Thriller,2011,28-11-2011,USA," $3,53,416.74 "," $2,74,453.28 "," $4,79,476.53 "," $75,575.33 "," $1,51,391.52 ",6.6,71,5587,53,Mrs. Hannah Campbell DDS,Ian Williams," $1,26,059.79 ",35.67%,flop,Good Performance
1520,Scene call,Comedy,1956,18-08-1956,USA," $38,27,524.25 "," $34,58,395.68 "," $53,23,516.56 "," $8,00,634.37 "," $16,90,155.95 ",6.9,69,4034,981,David Morris,Christopher Patterson," $14,95,992.31 ",39.09%,flop,Good Performance
1521,Can and,Action,1993,22-11-1993,USA," $80,76,957.44 "," $1,43,23,937.23 "," $2,99,97,004.95 "," $23,21,577.75 "," $62,63,124.50 ",5.9,64,1082,106,Barbara Torres,Michael Torres," $2,19,20,047.51 ",271.39%,Hit,Average
1522,Contain suffer,Action,1996,27-04-1996,USA," $84,69,566.23 "," $53,40,004.11 "," $84,69,566.23 "," $15,67,913.63 "," $30,51,235.26 ",5.6,58,644,1069,Melanie Olson,Peter Sanders, $-   ,0.00%,Break_even,Average
1523,Respond continue quality arrive,Drama,1985,12-11-1985,USA," $21,73,231.19 "," $63,31,582.09 "," $91,67,679.02 "," $17,23,350.46 "," $30,41,006.59 ",7.2,79,3521,1229,Bethany Rodriguez,Jacqueline Cooper," $69,94,447.83 ",321.85%,Hit,Good Performance
1524,Radio over,Drama,2016,01-11-2016,USA," $1,52,04,582.07 "," $2,73,39,228.63 "," $6,72,24,051.51 "," $31,91,744.61 "," $1,13,88,892.19 ",8.2,99,8653,247,Michelle Collins,Logan Martin," $5,20,19,469.44 ",342.13%,Hit,Excellent Performance
1525,Candidate despite,Drama,1977,13-02-1977,Canada," $86,53,943.75 "," $1,83,93,103.49 "," $3,67,34,996.85 "," $35,94,984.24 "," $1,04,38,142.79 ",7.8,52,10418,50,Janice Taylor,Cassandra Dennis," $2,80,81,053.10 ",324.49%,Hit,Good Performance
1526,Research day commercial,Drama,2016,03-06-2016,USA," $20,26,330.52 "," $17,15,356.59 "," $26,23,356.88 "," $4,21,405.40 "," $7,41,844.47 ",4.6,46,29241,1610,Janice Taylor,Samuel Wyatt," $5,97,026.36 ",29.46%,flop,Average
1527,Since stop,Action,2022,11-11-2022,USA," $15,06,007.75 "," $41,00,400.83 "," $61,32,012.76 "," $4,34,996.74 "," $18,29,085.87 ",5.3,68,191118,259,Kimberly Barker,Jennifer Leach," $46,26,005.01 ",307.17%,Hit,Average
1528,None voice game some,Drama,2019,16-05-2019,USA," $29,20,395.91 "," $53,35,735.26 "," $1,05,28,098.33 "," $8,42,096.58 "," $30,62,822.85 ",8.1,84,8487,550,Jonathan Evans,Jennifer Cook," $76,07,702.42 ",260.50%,Hit,Excellent Performance
1529,Personal citizen allow,Comedy,2003,28-09-2003,USA," $10,75,451.47 "," $22,26,523.91 "," $42,92,878.42 "," $5,46,084.87 "," $12,36,867.94 ",5.1,67,1568,5632,Raymond Morris,Jimmy Smith," $32,17,426.95 ",299.17%,Hit,Average
1530,White practice,Action,1971,12-01-1971,Canada," $26,02,147.66 "," $82,98,543.21 "," $1,23,47,506.57 "," $24,43,111.13 "," $38,69,161.39 ",6.8,72,355,1592,Diana Davis,Daniel Callahan," $97,45,358.91 ",374.51%,Hit,Good Performance
1531,Wind relationship answer,Sci-Fi,2002,09-10-2002,USA," $93,87,058.08 "," $84,00,652.96 "," $1,77,80,710.25 "," $15,08,258.90 "," $39,24,282.75 ",2.9,33,8341,107,Jennifer Miller,Isaiah French," $83,93,652.17 ",89.42%,flop,Average
1532,Available teacher we minute,Comedy,1999,04-04-1999,USA," $2,45,632.03 "," $6,64,775.28 "," $11,26,203.63 "," $1,12,529.48 "," $3,85,403.87 ",6.3,65,1636,174,Megan Sharp,John Jones," $8,80,571.60 ",358.49%,Hit,Good Performance
1533,Impact thus,Sci-Fi,2002,25-01-2002,USA," $19,15,321.67 "," $50,98,674.60 "," $88,93,617.31 "," $8,86,469.24 "," $24,43,789.89 ",5.8,71,580,189,Christopher Roach,Christina Buchanan," $69,78,295.64 ",364.34%,Hit,Average
1534,Southern mean final,Horror,2019,11-06-2019,USA," $13,53,861.19 "," $5,55,455.72 "," $13,53,861.19 "," $1,49,306.56 "," $2,53,210.59 ",6.7,57,10501,700,Tara Underwood,Rebecca Mejia, $-   ,0.00%,Break_even,Good Performance
1535,Fine age score,Drama,1965,14-06-1965,Canada," $3,22,826.80 "," $5,22,785.22 "," $10,13,215.80 "," $1,05,636.12 "," $2,17,211.15 ",7.9,87,78749,535,Rachel Hayes,Christopher Benson," $6,90,389.00 ",213.86%,Hit,Good Performance
1536,Star responsibility politics,Comedy,1969,16-10-1969,USA," $29,10,819.72 "," $58,03,521.12 "," $97,44,501.19 "," $15,17,671.82 "," $32,73,399.39 ",7.1,75,1361,112,Brandon Fuller,Jorge Kennedy," $68,33,681.47 ",234.77%,Hit,Good Performance
1537,Baby me be,Thriller,2012,27-09-2012,USA," $13,34,986.82 "," $7,47,066.92 "," $15,50,225.41 "," $1,16,627.56 "," $3,20,059.67 ",6.4,76,4056,228,Daniel Brown,Paul Glover," $2,15,238.59 ",16.12%,flop,Good Performance
1538,Section right,Documentary,1994,06-12-1994,China," $60,50,335.90 "," $1,22,58,158.59 "," $2,77,02,426.96 "," $15,84,529.96 "," $71,51,570.27 ",7.1,64,37795,249,Samantha Campbell,Monica Nelson MD," $2,16,52,091.06 ",357.87%,Hit,Good Performance
1539,Plant young station,Romance,1953,20-03-1953,China," $22,28,16,205.10 "," $27,59,14,924.60 "," $64,31,89,299.70 "," $6,00,30,528.39 "," $14,95,80,901.30 ",9.3,89,2319,215,Alyssa Adams,Michael Gomez," $42,03,73,094.60 ",188.66%,Hit,Excellent Performance
1540,Building significant,Drama,2023,29-06-2023,USA," $1,49,25,995.57 "," $2,90,87,866.39 "," $5,83,54,210.01 "," $38,36,138.23 "," $1,19,71,410.97 ",4.2,24,7051,267,William Walker,Kristin Cook," $4,34,28,214.44 ",290.96%,Hit,Average
1541,Modern,Sci-Fi,2008,13-10-2008,India," $13,67,358.83 "," $33,20,903.10 "," $60,47,956.52 "," $6,04,335.41 "," $13,91,349.37 ",8.1,73,129,477,Mr. Drew Clark Jr.,Dennis Rogers," $46,80,597.69 ",342.31%,Hit,Excellent Performance
1542,Subject who,Horror,2023,03-11-2023,China," $18,71,135.91 "," $24,63,266.63 "," $36,64,410.03 "," $4,54,205.77 "," $11,77,644.59 ",6.3,73,1095,401,Kim Watkins,Tricia Thomas," $17,93,274.12 ",95.84%,flop,Good Performance
1543,Collection deal,Romance,2018,22-02-2018,USA," $56,89,511.51 "," $1,05,91,393.61 "," $2,60,34,386.01 "," $20,48,702.12 "," $55,66,953.26 ",6.6,69,2424,108,Jordan Orozco,Danny Kline," $2,03,44,874.50 ",357.59%,Hit,Good Performance
1544,Great provide bill,Comedy,2008,26-08-2008,USA," $1,35,71,851.66 "," $2,28,36,404.41 "," $4,44,52,956.76 "," $50,96,064.02 "," $1,30,69,553.65 ",10,95,2185,62,Samantha Campbell,Joseph Gonzalez," $3,08,81,105.10 ",227.54%,Hit,Excellent Performance
1545,State end hard,Thriller,1997,21-02-1997,China," $14,94,533.67 "," $32,66,431.56 "," $47,22,089.80 "," $6,10,225.29 "," $13,62,000.02 ",6.2,64,398,250,Charlotte Williams,William Crawford," $32,27,556.13 ",215.96%,Hit,Good Performance
1546,Physical coach must,Thriller,1982,14-01-1982,USA," $24,55,611.87 "," $15,10,236.17 "," $29,04,018.89 "," $4,02,784.11 "," $8,50,309.62 ",5.3,47,4456,62,Stephanie Hayes,Jennifer Leach," $4,48,407.02 ",18.26%,flop,Average
1547,Night,Drama,1986,06-10-1986,USA," $19,27,748.92 "," $29,44,473.64 "," $64,32,569.89 "," $6,39,768.17 "," $12,59,185.59 ",8.2,75,1653,2601,Jordan Orozco,Brooke Stanley," $45,04,820.97 ",233.68%,Hit,Excellent Performance
1548,Nor crime,Comedy,2004,12-05-2004,USA," $6,88,21,112.91 "," $4,14,18,468.73 "," $6,88,21,112.91 "," $59,05,297.41 "," $1,78,25,976.11 ",5,54,33956,144,Jessica Gonzalez,Michael Hughes, $-   ,0.00%,Break_even,Average
1549,Price doctor as,Drama,1981,23-10-1981,USA," $2,00,74,250.66 "," $3,62,63,302.95 "," $8,32,82,638.18 "," $37,29,167.27 "," $1,91,68,539.89 ",5.7,50,23532,157,Francisco Ford,Jennifer Hall," $6,32,08,387.52 ",314.87%,Hit,Average
1550,Record approach ask,Horror,1978,11-11-1978,USA," $45,67,657.92 "," $30,01,423.23 "," $45,67,657.92 "," $7,23,530.33 "," $16,87,881.48 ",4.2,51,490,50,Brandon Fuller,Ariel Mills, $-   ,0.00%,Break_even,Average
1551,My control make,Thriller,1990,25-09-1990,USA," $58,23,119.39 "," $1,38,23,040.27 "," $2,38,56,876.04 "," $27,85,194.38 "," $69,91,241.54 ",8.8,97,448,9094,Robert Webster,Adam Williams," $1,80,33,756.65 ",309.69%,Hit,Excellent Performance
1552,Partner,Documentary,1988,29-03-1988,USA," $68,67,598.44 "," $1,17,07,668.93 "," $2,69,31,365.36 "," $31,26,520.14 "," $52,38,402.43 ",5.4,48,5857,1624,Mark Brooks,Stephanie Cervantes," $2,00,63,766.92 ",292.15%,Hit,Average
1553,Rich human audience,Drama,1967,14-06-1967,USA," $4,37,856.54 "," $5,79,834.37 "," $14,45,066.76 "," $93,467.51 "," $3,31,096.15 ",6.8,64,9531,62,Robert Webster,Lucas Collins," $10,07,210.22 ",230.03%,Hit,Good Performance
1554,Article course product,Comedy,1986,31-12-1986,USA," $10,79,048.82 "," $23,30,821.67 "," $37,95,915.39 "," $4,52,875.03 "," $9,55,531.48 ",10,85,295,50,Jeffrey Myers MD,Jimmy Smith," $27,16,866.57 ",251.78%,Hit,Excellent Performance
1555,Pay provide,Horror,2000,05-12-2000,USA," $1,20,20,693.95 "," $2,21,24,243.33 "," $3,90,26,136.83 "," $27,89,043.81 "," $1,00,95,334.06 ",4.4,39,5112,98,Stephanie Hayes,Karen Shaffer," $2,70,05,442.88 ",224.66%,Hit,Average
1556,Nice ten general,Drama,1979,27-03-1979,Canada," $67,84,100.06 "," $2,13,43,734.46 "," $3,12,14,570.47 "," $21,54,423.98 "," $1,22,87,980.78 ",6.4,72,1293,50,Matthew Beck,Kevin Fernandez," $2,44,30,470.41 ",360.11%,Hit,Good Performance
1557,Respond art specific,Comedy,2021,17-08-2021,China," $35,73,765.31 "," $56,04,685.72 "," $81,64,444.61 "," $14,49,004.67 "," $29,21,383.04 ",9,90,100,869,James Miller,Shawna Bryant," $45,90,679.30 ",128.45%,Hit,Excellent Performance
1558,Great hot sing,Drama,2010,24-11-2010,China," $45,22,134.04 "," $82,65,596.93 "," $1,54,03,860.20 "," $22,26,400.56 "," $40,32,501.00 ",7.6,87,594,214,Daniel Brown,Robert Walker," $1,08,81,726.16 ",240.63%,Hit,Good Performance
1559,Thus free where,Horror,1983,11-10-1983,USA," $4,30,990.67 "," $3,74,025.27 "," $6,95,593.72 "," $78,303.57 "," $1,76,190.03 ",8.4,74,522,498,Patricia Munoz,Michael Ramirez," $2,64,603.05 ",61.39%,flop,Excellent Performance
1560,Left pull where,Thriller,1990,26-03-1990,USA," $85,03,001.65 "," $2,23,91,113.93 "," $4,13,63,953.14 "," $60,79,174.39 "," $1,21,65,556.84 ",8.1,80,8217,50,Donna Wagner,Christopher Hanson," $3,28,60,951.49 ",386.46%,Hit,Excellent Performance
1561,Next develop,Romance,1993,24-07-1993,USA," $8,44,746.62 "," $10,76,649.01 "," $19,56,868.66 "," $2,54,802.66 "," $4,88,327.33 ",5,40,4476,315,Maria Lane,Alyssa Wolfe," $11,12,122.04 ",131.65%,Hit,Average
1562,Try week,Drama,2019,23-11-2019,India," $85,71,700.23 "," $2,46,47,581.81 "," $3,83,73,256.38 "," $53,74,090.35 "," $1,08,34,933.81 ",6.4,83,10035,50,Francisco Ford,Mrs. Margaret Smith," $2,98,01,556.15 ",347.67%,Hit,Good Performance
1563,Senior indicate example,Romance,1997,02-02-1997,USA," $6,52,334.31 "," $13,95,082.58 "," $25,47,998.74 "," $3,36,060.59 "," $6,68,128.99 ",8.3,75,3234,170,Francisco Ford,Jorge Kennedy," $18,95,664.43 ",290.60%,Hit,Excellent Performance
1564,Grow remain,Drama,1997,03-02-1997,China," $7,34,75,829.33 "," $12,17,94,369.00 "," $21,57,64,871.00 "," $2,24,89,246.88 "," $6,49,82,931.77 ",7.4,86,302,582,Julie Maxwell,Daniel Callahan," $14,22,89,041.67 ",193.65%,Hit,Good Performance
1565,Others line four,Action,2000,30-03-2000,USA," $1,72,178.10 "," $3,00,924.30 "," $4,84,130.74 "," $51,065.00 "," $1,42,834.69 ",7.1,82,2444,100,Lisa Atkins,Sarah Ross," $3,11,952.64 ",181.18%,Hit,Good Performance
1566,Right,Documentary,1971,09-07-1971,India," $2,95,71,836.68 "," $2,77,07,978.48 "," $6,08,21,295.93 "," $72,43,680.47 "," $1,16,29,066.55 ",6.8,60,792,14191,Joshua Morales,Lorraine White DDS," $3,12,49,459.25 ",105.67%,Hit,Good Performance
1567,Figure listen,Drama,1982,18-08-1982,USA," $42,50,839.66 "," $37,18,121.08 "," $82,18,055.08 "," $9,43,575.82 "," $20,68,245.14 ",6,82,2002,1000,Melissa Cohen,Sandra Farmer," $39,67,215.42 ",93.33%,flop,Good Performance
1568,Father,Romance,1986,10-07-1986,USA," $1,20,40,074.40 "," $2,16,89,367.93 "," $3,25,59,838.00 "," $49,21,795.44 "," $1,17,21,778.26 ",8.4,71,5034,2689,Julie Maxwell,Jeffrey Smith," $2,05,19,763.60 ",170.43%,Hit,Excellent Performance
1569,Late,Comedy,1994,23-03-1994,USA," $1,42,77,597.95 "," $1,26,50,102.87 "," $2,55,12,721.89 "," $30,20,683.77 "," $66,66,881.73 ",7.4,67,9980,1781,Mrs. Hannah Campbell DDS,Eric Obrien," $1,12,35,123.94 ",78.69%,flop,Good Performance
1570,Among money,Drama,1984,10-11-1984,USA," $79,39,397.96 "," $35,41,014.00 "," $79,39,397.96 "," $7,39,163.73 "," $17,45,561.19 ",6.1,43,2555,542,Kayla Young,Eric Cooper, $-   ,0.00%,Break_even,Good Performance
1571,Speech about someone,Documentary,1983,12-03-1983,USA," $12,20,361.03 "," $18,36,532.89 "," $38,91,806.27 "," $2,73,541.41 "," $10,60,930.82 ",8.4,74,16068,771,Caitlin Brewer,Julie Hoffman," $26,71,445.24 ",218.91%,Hit,Excellent Performance
1572,Senior general mention,Romance,1954,02-11-1954,USA," $2,37,66,628.90 "," $1,18,21,117.68 "," $2,37,66,628.90 "," $19,17,492.97 "," $59,18,676.28 ",8.8,93,1019,6615,Mr. Drew Clark Jr.,Melissa Cain, $-   ,0.00%,Break_even,Excellent Performance
1573,Decade total,Comedy,2018,27-05-2018,USA," $1,44,07,754.12 "," $3,68,62,171.62 "," $6,49,64,608.80 "," $85,46,565.85 "," $2,08,93,364.93 ",4,41,22268,1200,Paul Weiss,Trevor Lee," $5,05,56,854.68 ",350.90%,Hit,Average
1574,Note expect happen,Drama,1968,03-05-1968,Japan," $2,16,72,098.69 "," $97,64,403.35 "," $2,16,72,098.69 "," $11,07,417.09 "," $58,12,082.21 ",8.7,66,2902,50,William Walker,Richard Miller, $-   ,0.00%,Break_even,Excellent Performance
1575,Maintain offer,Drama,1961,18-06-1961,USA," $77,28,341.79 "," $86,40,437.28 "," $1,47,72,366.85 "," $20,65,861.58 "," $38,22,609.58 ",7.2,71,25517,50,Suzanne Gonzalez,David Hart," $70,44,025.06 ",91.15%,flop,Good Performance
1576,Million together,Sci-Fi,1990,15-12-1990,USA," $11,63,395.36 "," $28,03,364.69 "," $47,63,544.89 "," $5,51,816.54 "," $16,74,233.79 ",7,78,6089,30189,Darlene Murphy,Ariel Mills," $36,00,149.53 ",309.45%,Hit,Good Performance
1577,Heart political discuss,Comedy,1958,25-09-1958,USA," $19,63,189.71 "," $26,37,174.63 "," $52,21,968.82 "," $6,41,211.73 "," $13,08,890.16 ",6.6,68,618,50,Tyler Sanchez,Stephanie Ferrell," $32,58,779.11 ",165.99%,Hit,Good Performance
1578,Most off,Comedy,1997,29-01-1997,UK," $33,64,843.94 "," $75,17,515.34 "," $1,57,86,535.32 "," $16,65,267.97 "," $40,56,932.65 ",5.4,64,1988,55,Eric Ramirez,Sharon Rodriguez," $1,24,21,691.38 ",369.16%,Hit,Average
1579,Popular about,Comedy,2011,10-03-2011,USA," $87,90,730.20 "," $40,01,332.69 "," $87,90,730.20 "," $6,67,462.57 "," $21,72,535.68 ",8,80,1077,2111,Samantha Campbell,Patrick Barnett, $-   ,0.00%,Break_even,Excellent Performance
1580,Town data degree,Comedy,2016,09-11-2016,USA," $22,93,465.08 "," $45,32,625.21 "," $94,69,074.63 "," $10,87,038.47 "," $20,45,330.69 ",7.5,75,4667,564,Rachel Kirby,Diane Jacobs," $71,75,609.55 ",312.87%,Hit,Good Performance
1581,Town budget,Thriller,1998,24-03-1998,Canada," $2,29,276.82 "," $4,27,782.04 "," $7,76,602.71 "," $96,535.15 "," $2,00,921.93 ",6.3,65,3524,202,Troy Cochran,Melissa Morales," $5,47,325.89 ",238.72%,Hit,Good Performance
1582,State several,Horror,1994,07-08-1994,USA," $82,42,752.87 "," $1,43,99,020.18 "," $2,85,66,266.78 "," $40,17,440.49 "," $79,43,401.09 ",9.3,100,100,155,Brenda Smith,Ryan Hood," $2,03,23,513.91 ",246.56%,Hit,Excellent Performance
1583,Site election late,Action,2006,05-05-2006,USA," $30,03,588.60 "," $56,19,646.87 "," $99,87,291.89 "," $9,60,502.19 "," $32,28,438.17 ",8,77,42924,458,Carolyn Schwartz,Lawrence Thomas," $69,83,703.29 ",232.51%,Hit,Excellent Performance
1584,Little under,Drama,2012,10-08-2012,USA," $19,73,903.67 "," $19,51,209.39 "," $33,59,466.94 "," $5,41,794.88 "," $8,77,084.87 ",4.8,53,8469,316,Karen Robinson,Brandon Mcguire," $13,85,563.27 ",70.19%,flop,Average
1585,Source environment simple,Romance,1973,24-10-1973,USA," $3,26,992.57 "," $4,30,006.02 "," $7,56,632.16 "," $51,476.86 "," $1,87,137.28 ",7.8,94,1348,3133,Jeremy Ray,William Washington," $4,29,639.59 ",131.39%,Hit,Good Performance
1586,This edge south see,Action,1989,29-05-1989,USA," $51,04,754.43 "," $67,58,804.92 "," $1,35,99,422.33 "," $10,57,567.90 "," $29,88,358.58 ",6.5,70,2647,477,Gary Simmons,Kimberly Ramirez," $84,94,667.90 ",166.41%,Hit,Good Performance
1587,Appear occur,Comedy,1977,26-12-1977,USA," $75,60,872.67 "," $1,32,37,930.61 "," $3,01,23,168.88 "," $35,28,461.37 "," $66,10,974.33 ",8.9,100,1904,69,Heidi Cisneros,Lisa Castro," $2,25,62,296.21 ",298.41%,Hit,Excellent Performance
1588,Recent politics nation,Comedy,2020,15-07-2020,USA," $19,53,779.05 "," $10,70,091.84 "," $20,69,649.02 "," $1,40,341.73 "," $5,86,121.30 ",3.7,41,497,3829,Adriana Campbell,Valerie Dennis," $1,15,869.97 ",5.93%,flop,Average
1589,Difficult stop,Comedy,2025,15-02-2025,USA," $41,53,065.46 "," $19,84,441.91 "," $41,53,065.46 "," $4,41,646.35 "," $10,90,795.62 ",5.7,67,2776,69,Paul Weiss,Brian Mccormick, $-   ,0.00%,Break_even,Average
1590,Need morning suddenly effort,Drama,2023,05-05-2023,USA," $18,70,223.49 "," $27,22,548.89 "," $42,52,174.86 "," $6,90,583.63 "," $11,43,213.17 ",9.3,98,4271,471,Robin Hooper,Christina Buchanan," $23,81,951.37 ",127.36%,Hit,Excellent Performance
1591,His six,Drama,1972,20-10-1972,USA," $1,60,58,763.48 "," $3,40,93,433.17 "," $6,06,58,047.65 "," $83,53,001.94 "," $1,40,69,390.76 ",6.1,58,524,172,Courtney Reynolds,Samantha Vargas," $4,45,99,284.17 ",277.73%,Hit,Good Performance
1592,Yes control,Drama,1960,13-02-1960,France," $4,60,67,172.47 "," $11,17,09,340.50 "," $16,93,33,931.60 "," $2,95,63,879.58 "," $6,13,81,958.63 ",3.9,29,22455,366,Jeremy Davis,Jennifer Cook," $12,32,66,759.13 ",267.58%,Hit,Average
1593,Mean rate,Comedy,1980,30-09-1980,USA," $8,85,363.42 "," $13,95,054.37 "," $32,41,699.71 "," $3,46,280.68 "," $6,79,407.13 ",6.5,61,978,50,James Wright,Melissa Cain," $23,56,336.29 ",266.14%,Hit,Good Performance
1594,Economic know,Drama,2014,06-03-2014,UK," $83,19,816.44 "," $1,89,70,138.08 "," $3,11,96,504.11 "," $23,80,803.09 "," $88,98,959.97 ",6.9,64,1540,539,Kayla Young,Patricia Ramirez," $2,28,76,687.67 ",274.97%,Hit,Good Performance
1595,City outside,Romance,1999,27-06-1999,USA," $21,29,951.17 "," $50,82,930.34 "," $85,49,593.54 "," $13,76,182.67 "," $27,02,454.31 ",7,78,6784,50,Michael Chung,Michael Martinez," $64,19,642.37 ",301.40%,Hit,Good Performance
1596,Force hundred today,Drama,1984,27-10-1984,USA," $33,38,043.84 "," $51,51,131.88 "," $82,69,286.41 "," $10,77,280.32 "," $30,46,660.19 ",7,74,1850,84,Jennifer Henry,Ronald Thompson DDS," $49,31,242.57 ",147.73%,Hit,Good Performance
1597,Rise apply,Thriller,1982,07-01-1982,Germany," $32,88,822.50 "," $48,83,344.64 "," $1,20,91,542.16 "," $9,61,044.71 "," $26,55,724.42 ",6,66,8459,1555,Jennifer Atkinson,Karen Shaffer," $88,02,719.66 ",267.66%,Hit,Good Performance
1598,Brother dog,Documentary,1975,07-07-1975,USA," $21,13,454.54 "," $37,05,502.05 "," $91,11,035.78 "," $5,47,949.05 "," $16,75,751.78 ",7.6,82,55469,525,James Wright,Eric Obrien," $69,97,581.24 ",331.10%,Hit,Good Performance
1599,Traditional bag,Romance,2002,06-04-2002,USA," $3,29,037.56 "," $2,66,044.28 "," $4,52,009.05 "," $67,566.21 "," $1,23,066.72 ",5.5,40,37939,61,Amanda Montgomery,Ariel Mills," $1,22,971.49 ",37.37%,flop,Average
1600,Simple film,Action,1996,26-06-1996,South Korea," $3,02,04,493.23 "," $5,76,68,112.43 "," $11,94,37,230.10 "," $1,27,66,654.97 "," $3,37,94,950.81 ",5.2,52,8091,297,Abigail Robles,Brandi Moon," $8,92,32,736.87 ",295.43%,Hit,Average
1601,Represent officer environment,Sci-Fi,2024,18-06-2024,USA," $21,67,917.53 "," $20,73,464.22 "," $51,58,551.85 "," $4,93,277.85 "," $9,29,146.83 ",6,40,1674,286,David Lee,David Hart," $29,90,634.32 ",137.95%,Hit,Good Performance
1602,Occur body high,Thriller,1970,15-07-1970,Canada," $92,39,051.34 "," $92,36,902.32 "," $1,86,42,353.71 "," $23,06,313.96 "," $53,67,519.77 ",5.5,63,2122,1279,Sean Howard,William Washington," $94,03,302.37 ",101.78%,Hit,Average
1603,Daughter part rich,Comedy,1983,09-01-1983,Australia," $32,49,990.53 "," $30,34,855.98 "," $72,17,409.20 "," $8,25,751.46 "," $14,94,523.71 ",7.5,63,5588,256,Caitlin Brewer,Laura Wilson," $39,67,418.67 ",122.07%,Hit,Good Performance
1604,Policy five,Drama,2013,21-06-2013,USA," $18,18,785.24 "," $8,94,790.22 "," $20,22,149.61 "," $1,31,145.31 "," $3,90,327.95 ",5.9,74,5263,230,James Cross,Michael Gomez," $2,03,364.37 ",11.18%,flop,Average
1605,Tree receive,Romance,2004,12-05-2004,USA," $44,54,539.32 "," $48,86,419.31 "," $1,06,46,770.42 "," $10,68,598.50 "," $23,20,571.08 ",4.7,40,11600,50,Janice Taylor,Shannon Hunt," $61,92,231.10 ",139.01%,Hit,Average
1606,Choice relationship address,Horror,1992,15-05-1992,USA," $8,12,208.22 "," $22,41,957.45 "," $38,99,904.43 "," $3,06,108.86 "," $10,81,560.14 ",3.7,44,2809,2231,Jessica Rodriguez,Christina Buchanan," $30,87,696.21 ",380.16%,Hit,Average
1607,Serve current determine,Thriller,2025,27-06-2025,USA," $3,04,92,979.91 "," $6,29,83,862.72 "," $11,93,94,497.80 "," $91,00,305.33 "," $3,29,55,543.54 ",8.5,73,8173,1223,Dr. Michael Monroe,Stephen Clark," $8,89,01,517.89 ",291.55%,Hit,Excellent Performance
1608,Stay his clear,Horror,2025,16-04-2025,USA," $1,00,000.00 "," $2,25,516.04 "," $4,89,336.98 "," $44,264.85 "," $1,33,809.87 ",7.4,78,1468,160,Mrs. Hannah Campbell DDS,Daryl Douglas," $3,89,336.98 ",389.34%,Hit,Good Performance
1609,Head very live,Action,2017,12-06-2017,USA," $87,98,509.90 "," $1,70,51,946.41 "," $3,13,04,907.23 "," $38,02,681.80 "," $1,02,19,194.80 ",5.4,43,12925,356,Robin Hooper,David Castillo," $2,25,06,397.33 ",255.80%,Hit,Average
1610,Manager present most,Drama,1972,12-12-1972,USA," $57,69,477.32 "," $87,53,161.11 "," $1,78,63,056.69 "," $9,65,709.74 "," $35,99,714.94 ",8.3,70,13708,200,Paul Weiss,Andrew Walker PhD," $1,20,93,579.37 ",209.61%,Hit,Excellent Performance
1611,Security voice herself,Romance,2010,14-08-2010,South Korea," $4,53,555.39 "," $5,02,858.07 "," $7,94,344.29 "," $1,06,848.14 "," $2,75,838.45 ",7.2,70,14162,190,James Wright,Alyssa Wolfe," $3,40,788.90 ",75.14%,flop,Good Performance
1612,Sea drop,Thriller,2019,27-11-2019,USA," $5,25,047.29 "," $14,27,816.65 "," $22,17,535.63 "," $1,96,954.19 "," $7,41,510.30 ",5.6,62,2854,168,Brian Robinson,Jason Mercer," $16,92,488.34 ",322.35%,Hit,Average
1613,Positive,Comedy,2016,06-06-2016,USA," $1,89,52,862.38 "," $4,13,91,461.68 "," $7,60,15,790.97 "," $63,51,434.96 "," $2,19,26,033.19 ",4.6,22,44531,50,Jessica Gonzalez,David Perez," $5,70,62,928.59 ",301.08%,Hit,Average
1614,Far investment risk,Comedy,1954,30-10-1954,USA," $55,73,558.18 "," $39,73,856.70 "," $88,17,634.67 "," $11,88,396.90 "," $21,75,747.67 ",7.5,64,426,160,David Perez,Veronica Mills," $32,44,076.49 ",58.20%,flop,Good Performance
1615,Alone dark,Thriller,2019,09-08-2019,China," $44,59,641.40 "," $95,75,419.94 "," $1,61,41,978.67 "," $21,29,457.74 "," $50,07,131.02 ",6.4,76,2542,554,Karen Smith,Sandra Farmer," $1,16,82,337.27 ",261.96%,Hit,Good Performance
1616,Hope,Comedy,1996,02-11-1996,USA," $43,05,990.06 "," $89,95,331.08 "," $1,29,48,868.88 "," $11,20,289.33 "," $38,45,100.54 ",5.3,40,29729,1830,Melanie Olson,Becky Dean," $86,42,878.82 ",200.72%,Hit,Average
1617,Our crime someone,Sci-Fi,2001,06-06-2001,USA," $37,96,858.92 "," $45,85,642.50 "," $1,01,20,579.21 "," $9,72,571.96 "," $25,20,155.48 ",8.1,70,4539,1918,Joshua Baker,William Ramirez," $63,23,720.29 ",166.55%,Hit,Excellent Performance
1618,Car receive,Action,1979,01-05-1979,USA," $27,66,598.10 "," $60,49,864.22 "," $1,17,74,698.61 "," $15,01,484.43 "," $31,56,392.85 ",6.6,61,7271,5616,David Perez,Eric Cooper," $90,08,100.51 ",325.60%,Hit,Good Performance
1619,Throughout item,Drama,2014,05-08-2014,USA," $4,20,27,866.58 "," $2,79,48,807.14 "," $4,20,27,866.58 "," $30,76,977.48 "," $1,45,94,126.10 ",7.2,64,312,156,Donna Hall,April Murphy, $-   ,0.00%,Break_even,Good Performance
1620,Politics,Action,2016,28-06-2016,USA," $21,04,229.47 "," $26,18,266.17 "," $48,93,742.30 "," $6,02,412.93 "," $11,98,049.46 ",4.4,48,11302,154,Jeremy Davis,Gabriel Mathis," $27,89,512.83 ",132.57%,Hit,Average
1621,Truth read,Romance,2017,30-06-2017,Canada," $5,79,388.97 "," $6,29,621.43 "," $11,34,005.75 "," $1,17,545.17 "," $2,97,671.67 ",6.2,66,4203,106,Anthony Rowland,Jennifer Hall," $5,54,616.78 ",95.72%,flop,Good Performance
1622,Job group part,Drama,2008,06-05-2008,USA," $6,58,236.09 "," $15,11,974.59 "," $22,45,730.88 "," $3,34,253.87 "," $8,41,603.33 ",6.7,80,11722,231,Benjamin Hudson,Jeffrey Jenkins," $15,87,494.79 ",241.17%,Hit,Good Performance
1623,Movement student,Horror,2002,13-02-2002,USA," $1,00,49,004.90 "," $2,07,36,710.99 "," $3,33,33,657.41 "," $42,17,290.35 "," $1,16,29,813.28 ",10,100,12462,156,Bryan Murray,Veronica Mills," $2,32,84,652.51 ",231.71%,Hit,Excellent Performance
1624,Important offer,Horror,2002,13-05-2002,USA," $3,44,30,608.88 "," $1,92,36,997.43 "," $3,44,30,608.88 "," $26,03,936.60 "," $84,83,063.70 ",5.6,67,22078,1944,Adam Brown,Kathryn Hunt, $-   ,0.00%,Break_even,Average
1625,Toward human tough,Drama,1979,16-07-1979,India," $4,92,692.44 "," $2,50,572.89 "," $4,92,692.44 "," $36,069.15 "," $1,38,043.17 ",5.5,72,6077,66,Benjamin Hudson,Anthony Cross, $-   ,0.00%,Break_even,Average
1626,Of,Action,1981,22-10-1981,India," $53,12,256.85 "," $90,06,980.47 "," $1,77,41,198.25 "," $20,17,067.26 "," $40,78,126.84 ",8.7,96,2164,281,Amber Anderson,Kristy Faulkner," $1,24,28,941.40 ",233.97%,Hit,Excellent Performance
1627,Media,Romance,2024,23-10-2024,USA," $41,42,581.84 "," $60,63,860.31 "," $1,38,97,096.46 "," $8,99,183.09 "," $26,35,571.79 ",5.9,65,2587,66,Mr. Drew Clark Jr.,Corey Johnson," $97,54,514.62 ",235.47%,Hit,Average
1628,Throw know contain,Comedy,2007,29-03-2007,India," $6,03,861.52 "," $9,55,699.44 "," $23,74,960.51 "," $1,48,944.67 "," $4,59,462.46 ",6.1,66,369,50,Robert Hendricks,William Ramirez," $17,71,098.99 ",293.30%,Hit,Good Performance
1629,Discover able,Action,1997,04-06-1997,USA," $19,14,946.44 "," $26,40,020.63 "," $56,71,823.91 "," $2,81,415.86 "," $10,77,756.97 ",7.8,82,10236,860,Ashley Medina,Mark Crosby," $37,56,877.47 ",196.19%,Hit,Good Performance
1630,As remember,Horror,2004,24-01-2004,Australia," $1,10,15,186.23 "," $1,68,71,187.18 "," $3,17,90,027.76 "," $36,16,518.80 "," $77,11,895.89 ",8.1,84,300,279,Crystal Harris,Michael Ramirez," $2,07,74,841.53 ",188.60%,Hit,Excellent Performance
1631,Court surface,Comedy,2016,13-12-2016,USA," $1,27,24,882.88 "," $1,93,00,698.08 "," $3,37,59,995.10 "," $45,84,013.85 "," $1,00,26,837.85 ",7.7,69,128,140,Brooke Morales,Sandra Spears," $2,10,35,112.22 ",165.31%,Hit,Good Performance
1632,Near television chance,Comedy,1994,14-12-1994,USA," $26,65,215.05 "," $37,65,787.05 "," $54,80,246.25 "," $7,20,571.53 "," $17,28,942.99 ",4.9,48,2266,17103,Jennifer Atkinson,Stephanie Ferrell," $28,15,031.20 ",105.62%,Hit,Average
1633,Culture theory,Comedy,1950,29-07-1950,France," $6,82,96,934.62 "," $10,97,98,908.10 "," $17,58,02,976.40 "," $1,58,52,289.56 "," $6,28,01,572.82 ",4.8,47,18438,74,Chad Peters MD,Heather Williams," $10,75,06,041.78 ",157.41%,Hit,Average
1634,Player here box,Horror,2019,16-08-2019,USA," $1,64,014.42 "," $1,20,966.34 "," $2,25,919.72 "," $29,604.37 "," $50,620.28 ",6.6,72,1403,3472,Robin Hooper,Dalton Johnson," $61,905.30 ",37.74%,flop,Good Performance
1635,After,Thriller,1979,20-09-1979,USA," $20,20,929.31 "," $21,95,947.21 "," $51,79,350.98 "," $5,29,484.00 "," $10,31,065.08 ",6.7,56,12384,1369,Tracy Tucker,Diane Jacobs," $31,58,421.67 ",156.29%,Hit,Good Performance
1636,Whatever coach,Action,2003,03-07-2003,USA," $16,96,148.67 "," $27,45,190.43 "," $54,37,853.96 "," $3,66,726.70 "," $15,40,642.90 ",6,58,493,417,Jordan Orozco,Dalton Johnson," $37,41,705.29 ",220.60%,Hit,Good Performance
1637,Present big,Drama,2019,20-05-2019,USA," $51,23,505.82 "," $1,33,29,655.52 "," $2,08,32,776.41 "," $19,13,149.38 "," $63,38,065.33 ",7.7,77,507,157,Brooke Morales,Mr. Michael Snyder," $1,57,09,270.59 ",306.61%,Hit,Good Performance
1638,Mr few,Drama,2019,17-10-2019,USA," $6,95,882.38 "," $13,54,670.03 "," $22,47,023.86 "," $3,22,794.49 "," $6,18,757.66 ",8.6,89,2364,2337,Hannah Camacho,Becky Dean," $15,51,141.48 ",222.90%,Hit,Excellent Performance
1639,Civil man food between,Comedy,1982,10-03-1982,China," $28,05,338.85 "," $79,03,717.67 "," $1,16,19,361.15 "," $21,75,273.81 "," $47,27,871.24 ",6.1,68,1685,50,Faith Franklin,Nicholas Williamson," $88,14,022.30 ",314.19%,Hit,Good Performance
1640,Bad rise mind,Comedy,1996,03-06-1996,USA," $1,54,29,647.90 "," $3,16,69,677.37 "," $4,99,96,784.73 "," $53,74,019.33 "," $1,84,00,508.95 ",8.7,68,2933,1562,Melissa Cohen,Melissa Mcgee," $3,45,67,136.83 ",224.03%,Hit,Excellent Performance
1641,Recent main position,Drama,2019,21-02-2019,India," $30,67,288.16 "," $16,28,133.32 "," $30,67,288.16 "," $4,44,888.97 "," $8,17,495.66 ",5,55,1170,151,Brian Robinson,Anthony Rhodes, $-   ,0.00%,Break_even,Average
1642,Certainly opportunity almost,Comedy,1987,24-06-1987,India," $8,63,575.56 "," $6,68,569.37 "," $15,24,676.76 "," $1,29,733.05 "," $3,78,075.94 ",6.3,64,6233,62,Kayla Young,Cody Peters," $6,61,101.20 ",76.55%,flop,Good Performance
1643,Effect board,Documentary,2009,03-04-2009,Canada," $6,09,934.65 "," $12,65,036.16 "," $19,99,867.52 "," $1,43,916.23 "," $6,30,292.46 ",7.6,74,2611,396,David Hall,Anthony Cross," $13,89,932.87 ",227.88%,Hit,Good Performance
1644,Push lot many,Drama,1990,03-04-1990,USA," $1,02,86,533.22 "," $1,08,79,325.28 "," $1,94,22,291.43 "," $18,83,268.58 "," $43,62,580.13 ",5.2,42,2681,1106,Sharon Wilson,Alan Mullins," $91,35,758.21 ",88.81%,flop,Average
1645,Together edge,Comedy,1980,24-11-1980,USA," $29,21,712.04 "," $60,80,923.49 "," $1,04,49,933.64 "," $14,35,628.41 "," $27,86,217.15 ",8.3,76,2562,83,Philip Simmons,Christopher Benson," $75,28,221.60 ",257.66%,Hit,Excellent Performance
1646,Why source,Drama,2019,26-09-2019,USA," $72,89,188.73 "," $83,68,267.07 "," $1,30,29,248.32 "," $9,39,668.82 "," $42,47,044.58 ",6.4,50,1957,2554,Tara Underwood,Joshua Willis," $57,40,059.59 ",78.75%,flop,Good Performance
1647,Since people stop,Comedy,1990,10-09-1990,USA," $5,37,100.14 "," $7,53,210.16 "," $11,06,361.27 "," $87,159.93 "," $3,49,062.97 ",6.8,82,2141,224,Benjamin Hudson,Stephen Clark," $5,69,261.13 ",105.99%,Hit,Good Performance
1648,Through interview difference,Drama,2019,25-04-2019,USA," $1,09,21,759.59 "," $1,02,58,348.40 "," $2,47,24,021.81 "," $28,60,365.83 "," $46,84,357.77 ",5.3,50,2984,50,Paul Rogers,Holly Jones," $1,38,02,262.22 ",126.37%,Hit,Average
1649,Hope guy science,Romance,2001,04-10-2001,India," $12,15,490.31 "," $19,28,656.87 "," $34,90,671.67 "," $2,21,169.49 "," $8,48,586.90 ",8,85,6305,1974,Tara Underwood,Christopher Green," $22,75,181.36 ",187.18%,Hit,Excellent Performance
1650,Debate require,Drama,2025,26-05-2025,USA," $32,26,737.39 "," $51,62,906.49 "," $1,23,21,993.01 "," $5,27,542.25 "," $21,00,016.04 ",6.3,84,2023,244,Sophia Gomez,Lauren Richards," $90,95,255.62 ",281.87%,Hit,Good Performance
1651,Represent task level,Comedy,1970,19-05-1970,India," $1,03,58,409.95 "," $1,61,59,644.28 "," $3,10,62,470.69 "," $45,56,646.78 "," $93,71,359.25 ",5.3,68,9077,155,Jennifer Miller,Jeffrey Smith," $2,07,04,060.74 ",199.88%,Hit,Average
1652,Within garden Mrs hear,Drama,1960,14-12-1960,USA," $23,21,489.64 "," $41,02,384.39 "," $72,87,292.51 "," $5,14,035.79 "," $22,10,977.23 ",6.4,68,3581,50,Darrell Carlson,Eric Obrien," $49,65,802.87 ",213.91%,Hit,Good Performance
1653,Identify international,Comedy,1987,15-05-1987,USA," $74,78,238.01 "," $1,23,35,963.60 "," $2,54,86,209.24 "," $15,21,704.81 "," $53,38,406.00 ",5.1,41,9458,442,Mr. Jorge Anderson,Brandon Green," $1,80,07,971.23 ",240.81%,Hit,Average
1654,Rather page,Comedy,1999,16-07-1999,India," $15,64,685.94 "," $24,96,207.61 "," $54,24,976.10 "," $4,27,961.80 "," $12,46,979.78 ",4.8,42,1074,825,Jonathan Evans,Jeffrey Sharp," $38,60,290.16 ",246.71%,Hit,Average
1655,Production exactly,Drama,1976,19-08-1976,USA," $26,12,300.57 "," $50,85,570.60 "," $1,10,86,237.02 "," $7,26,842.91 "," $24,38,789.34 ",4.7,54,722,1497,Jessica Singh,Meghan Mcintosh," $84,73,936.45 ",324.39%,Hit,Average
1656,Past think capital,Comedy,2023,28-12-2023,USA," $25,18,856.11 "," $64,25,918.53 "," $1,09,66,155.64 "," $9,03,358.97 "," $34,66,136.16 ",6.5,65,1613,210,Chad Peters MD,Sierra Brooks," $84,47,299.53 ",335.36%,Hit,Good Performance
1657,Sing research,Action,1964,02-02-1964,USA," $14,26,06,789.80 "," $26,90,76,052.90 "," $63,87,57,308.00 "," $4,21,58,410.99 "," $12,81,57,246.00 ",7.1,86,13586,50,Bryan Murray,David Castillo," $49,61,50,518.20 ",347.92%,Hit,Good Performance
1658,Whatever part fine,Romance,1981,06-07-1981,India," $71,80,788.60 "," $65,25,156.13 "," $1,47,42,207.98 "," $12,15,914.63 "," $30,99,997.75 ",6.7,52,984,2270,Jessica Rodriguez,Richard Miller," $75,61,419.38 ",105.30%,Hit,Good Performance
1659,Pretty floor great,Drama,1971,15-01-1971,USA," $15,43,869.87 "," $20,20,518.69 "," $40,02,233.02 "," $2,98,664.02 "," $10,28,608.91 ",7.8,76,6593,98,Philip Simmons,Christopher Green," $24,58,363.15 ",159.23%,Hit,Good Performance
1660,Security too hair,Comedy,1988,12-02-1988,USA," $8,38,008.05 "," $7,19,815.19 "," $16,90,066.46 "," $1,76,133.29 "," $3,73,080.09 ",7.5,68,3733,103,Chad Peters MD,Eric Perry," $8,52,058.41 ",101.68%,Hit,Good Performance
1661,Identify,Sci-Fi,1990,10-10-1990,France," $11,08,187.12 "," $30,00,384.40 "," $53,51,268.21 "," $7,26,932.38 "," $13,16,851.19 ",9.3,96,24722,50,Anthony Henry,Miss Jennifer Parsons," $42,43,081.09 ",382.88%,Hit,Excellent Performance
1662,Try hope gun,Thriller,2016,31-08-2016,USA," $17,34,677.99 "," $34,11,579.64 "," $84,70,177.58 "," $9,90,679.62 "," $14,53,706.50 ",8.3,73,12209,52,Darlene Murphy,Kathryn Stevenson," $67,35,499.59 ",388.29%,Hit,Excellent Performance
1663,Hold soldier,Comedy,2022,21-05-2022,Germany," $2,21,492.28 "," $1,44,755.80 "," $3,15,255.24 "," $29,976.81 "," $83,433.64 ",7.2,66,16074,1777,David Hall,Nicholas Richards," $93,762.96 ",42.33%,flop,Good Performance
1664,Could already,Action,2022,30-06-2022,USA," $12,38,661.19 "," $23,29,349.54 "," $34,01,374.31 "," $6,03,535.87 "," $13,85,316.11 ",7.8,67,9085,50,Sophia Gomez,Gina Fernandez," $21,62,713.12 ",174.60%,Hit,Good Performance
1665,Business man,Horror,1992,13-10-1992,USA," $29,45,964.10 "," $18,41,256.90 "," $29,45,964.10 "," $5,40,932.74 "," $8,38,895.32 ",6.9,66,1269,1765,Kristina Moore,Daniel Callahan, $-   ,0.00%,Break_even,Good Performance
1666,Can forget,Drama,1957,23-07-1957,USA," $3,09,25,060.14 "," $1,57,94,249.04 "," $3,09,25,060.14 "," $23,91,708.02 "," $90,86,067.97 ",4.4,56,369,50,Megan Sharp,David Hart, $-   ,0.00%,Break_even,Average
1667,Mouth,Comedy,2000,23-03-2000,USA," $14,01,824.69 "," $30,65,056.97 "," $65,88,157.43 "," $5,46,440.37 "," $15,38,101.23 ",6.2,71,3192,639,Kristina Moore,Benjamin Mitchell," $51,86,332.74 ",369.97%,Hit,Good Performance
1668,Cost citizen color,Comedy,2017,25-04-2017,USA," $29,27,443.36 "," $33,52,979.90 "," $79,15,420.28 "," $3,77,955.55 "," $18,30,693.89 ",6.3,67,1334,351,Brooke Morales,Brandi Moon," $49,87,976.92 ",170.39%,Hit,Good Performance
1669,True live,Action,1994,11-03-1994,USA," $7,81,318.64 "," $11,90,023.86 "," $17,93,255.97 "," $2,90,600.03 "," $6,10,932.30 ",6,70,1514,12190,Abigail Robles,Ashley Gilmore," $10,11,937.33 ",129.52%,Hit,Good Performance
1670,Example voice,Thriller,2023,20-07-2023,USA," $53,80,801.39 "," $1,07,41,721.61 "," $1,71,42,938.09 "," $16,35,916.19 "," $48,29,001.97 ",7.2,73,1532,206,Andrew Chambers,Seth Smith," $1,17,62,136.70 ",218.59%,Hit,Good Performance
1671,Letter laugh assume,Action,2021,26-01-2021,Canada," $4,87,147.44 "," $4,36,851.41 "," $8,04,942.86 "," $50,040.35 "," $2,47,508.17 ",9.7,100,6116,5359,Joshua Baker,Logan Martin," $3,17,795.42 ",65.24%,flop,Excellent Performance
1672,Develop teach,Romance,1991,15-09-1991,Australia," $2,79,306.27 "," $2,36,421.98 "," $4,68,226.28 "," $35,386.84 "," $1,26,394.17 ",6.7,69,2893,1117,Albert Phillips,Jennifer Hendricks," $1,88,920.01 ",67.64%,flop,Good Performance
1673,Friend game,Horror,1982,02-09-1982,USA," $1,13,38,089.49 "," $3,07,67,015.40 "," $5,46,49,845.85 "," $44,27,265.75 "," $1,63,05,918.06 ",3.9,36,3058,525,Troy Cochran,Laura Wilson," $4,33,11,756.36 ",382.00%,Hit,Average
1674,Exactly son discover,Drama,2011,21-12-2011,USA," $2,01,664.72 "," $3,58,012.42 "," $7,22,638.27 "," $43,220.93 "," $1,65,552.18 ",5.1,54,1145,4783,Benjamin Ray,Anthony Rhodes," $5,20,973.55 ",258.34%,Hit,Average
1675,Work a,Sci-Fi,2017,23-09-2017,USA," $4,14,730.54 "," $11,25,626.15 "," $18,51,532.04 "," $2,69,728.60 "," $6,48,701.66 ",7.1,78,824,2190,Seth Whitehead,Derek Jones," $14,36,801.50 ",346.44%,Hit,Good Performance
1676,Market,Drama,2024,18-02-2024,UK," $27,61,062.37 "," $52,44,092.74 "," $1,24,37,394.68 "," $10,54,443.14 "," $22,91,397.41 ",5.1,41,7307,857,Melissa Hernandez,Lisa Castro," $96,76,332.31 ",350.46%,Hit,Average
1677,Politics that guy,Comedy,2003,09-04-2003,USA," $21,56,083.05 "," $24,04,654.32 "," $41,19,624.89 "," $3,95,116.80 "," $12,41,273.35 ",3.9,41,443,127,Kevin Green,Timothy James," $19,63,541.84 ",91.07%,flop,Average
1678,Area start,Drama,1964,25-05-1964,USA," $15,40,294.99 "," $17,76,995.86 "," $41,68,807.92 "," $1,86,177.24 "," $7,98,341.02 ",8.8,69,1282,521,Lisa Atkins,Brandon Mcguire," $26,28,512.93 ",170.65%,Hit,Excellent Performance
1679,Why my language,Drama,1974,26-11-1974,India," $23,27,065.89 "," $36,91,015.28 "," $71,91,885.94 "," $6,08,670.78 "," $20,47,603.26 ",8.6,87,4613,785,Michael Chung,Anna Vasquez," $48,64,820.05 ",209.05%,Hit,Excellent Performance
1680,Window good season,Sci-Fi,2005,08-09-2005,USA," $9,21,860.07 "," $15,74,952.53 "," $36,60,863.61 "," $3,59,297.34 "," $7,51,201.47 ",6.2,78,603,379,Francisco Ford,Jeffrey Smith," $27,39,003.54 ",297.12%,Hit,Good Performance
1681,World all,Romance,2014,08-09-2014,Canada," $4,22,218.55 "," $7,23,164.60 "," $10,49,284.60 "," $1,58,236.61 "," $3,37,241.56 ",7.8,75,1485,180,Shannon Ross,Adam Bowman," $6,27,066.05 ",148.52%,Hit,Good Performance
1682,Outside follow,Comedy,2005,18-09-2005,USA," $24,90,173.39 "," $14,29,179.30 "," $24,90,173.39 "," $3,27,580.75 "," $7,07,670.64 ",4.6,45,5156,280,Rachel Hayes,Amanda Rivas, $-   ,0.00%,Break_even,Average
1683,Teacher care box poor,Drama,1969,24-04-1969,Australia," $68,23,527.19 "," $1,28,63,764.71 "," $2,29,35,989.25 "," $18,20,463.46 "," $67,52,042.89 ",4.8,55,2156,1325,Faith Franklin,Robert Garcia," $1,61,12,462.06 ",236.13%,Hit,Average
1684,Good of bring radio,Comedy,2021,21-12-2021,India," $36,81,707.65 "," $15,28,872.16 "," $36,92,740.36 "," $1,68,605.72 "," $8,85,181.37 ",5.3,42,759,92,Caitlin Brewer,Stephanie Ferrell," $11,032.71 ",0.30%,flop,Average
1685,Argue work,Sci-Fi,1987,20-05-1987,USA," $23,22,824.05 "," $9,87,727.03 "," $23,22,824.05 "," $2,14,339.24 "," $5,35,693.38 ",8.1,85,28600,50,Eric Ramirez,Laura Wilson, $-   ,0.00%,Break_even,Excellent Performance
1686,Painting party them,Sci-Fi,1967,13-06-1967,USA," $5,79,224.79 "," $6,28,517.29 "," $10,69,396.80 "," $93,214.16 "," $3,25,556.91 ",7.3,86,1857,461,Faith Franklin,Anthony Rhodes," $4,90,172.01 ",84.63%,flop,Good Performance
1687,Resource some job,Comedy,1987,11-08-1987,USA," $69,07,291.59 "," $1,12,65,928.38 "," $2,42,18,835.13 "," $24,83,160.39 "," $61,10,869.11 ",7.2,63,4357,482,Julie Maxwell,Ronald Herrera," $1,73,11,543.54 ",250.63%,Hit,Good Performance
1688,Play here western,Drama,1976,20-07-1976,USA," $3,34,667.14 "," $5,52,313.17 "," $9,05,891.96 "," $1,45,985.33 "," $2,95,712.72 ",5.8,56,3384,570,Paul Rogers,Meghan Johnson," $5,71,224.82 ",170.68%,Hit,Average
1689,Article box identify,Drama,1972,28-05-1972,USA," $4,85,74,424.03 "," $13,91,48,718.20 "," $21,37,59,161.40 "," $2,12,33,914.36 "," $5,69,38,543.72 ",5.7,51,795,1312,Kim Watkins,Brittany Kelly," $16,51,84,737.37 ",340.07%,Hit,Average
1690,Cup must husband,Drama,1956,11-08-1956,USA," $89,47,905.94 "," $1,81,20,201.73 "," $3,33,00,030.60 "," $49,30,108.14 "," $79,92,962.56 ",6.6,78,4649,2602,David Rosales,Seth Smith," $2,43,52,124.66 ",272.15%,Hit,Good Performance
1691,Your type,Action,1951,07-06-1951,USA," $33,14,435.12 "," $35,61,171.20 "," $52,66,490.91 "," $7,71,520.08 "," $20,81,575.22 ",6.4,73,32095,454,Darrell Carlson,Becky Dean," $19,52,055.79 ",58.90%,flop,Good Performance
1692,Total offer,Comedy,2022,15-12-2022,USA," $6,45,048.41 "," $19,06,935.31 "," $28,29,803.51 "," $3,91,229.95 "," $8,21,421.97 ",7.2,62,732,478,Brandon Fuller,Jennifer Leach," $21,84,755.10 ",338.70%,Hit,Good Performance
1693,And until something,Action,2018,05-07-2018,USA," $9,15,024.70 "," $17,29,660.08 "," $32,42,079.13 "," $1,81,126.40 "," $8,74,837.39 ",8.7,100,3989,6658,Caitlin Brewer,Jorge Thompson," $23,27,054.43 ",254.32%,Hit,Excellent Performance
1694,Draw with,Action,2009,29-10-2009,USA," $1,41,51,141.82 "," $2,81,18,014.12 "," $4,47,04,805.77 "," $30,47,617.03 "," $1,35,63,580.15 ",7,56,1226,553,Michael Ross,Sheila Dunn," $3,05,53,663.95 ",215.91%,Hit,Good Performance
1695,Better pay federal,Horror,2010,12-11-2010,USA," $2,00,85,941.11 "," $3,96,46,338.52 "," $6,63,79,288.71 "," $72,88,577.52 "," $2,33,69,787.64 ",7.4,81,5740,435,Anthony Rowland,Mark Morris," $4,62,93,347.60 ",230.48%,Hit,Good Performance
1696,Traditional bag,Romance,2011,22-01-2011,USA," $67,43,496.31 "," $93,01,670.91 "," $2,25,22,300.87 "," $17,32,991.10 "," $49,00,216.11 ",7.2,68,884,400,Kelsey Ellis,Joseph Gonzalez," $1,57,78,804.56 ",233.99%,Hit,Good Performance
1697,Of month,Action,1966,11-01-1966,USA," $10,19,085.39 "," $21,21,085.94 "," $42,72,935.20 "," $5,08,192.45 "," $9,41,921.08 ",6.9,55,25216,426,Suzanne Gonzalez,John Ross," $32,53,849.81 ",319.29%,Hit,Good Performance
1698,Themselves author agent,Horror,2020,18-12-2020,USA," $81,11,447.95 "," $54,06,315.67 "," $1,34,64,906.42 "," $10,09,525.99 "," $22,09,064.85 ",5,56,645,50,Jerry Owens,Patrick Barnett," $53,53,458.47 ",66.00%,flop,Average
1699,Eight difference surface,Drama,2015,16-07-2015,USA," $24,56,790.52 "," $52,38,451.68 "," $1,02,87,980.02 "," $11,70,937.19 "," $29,84,786.35 ",4.8,54,736,2491,Sharon Wilson,Melissa Melendez," $78,31,189.50 ",318.76%,Hit,Average
1700,Money maybe style,Thriller,1993,01-05-1993,France," $87,28,109.21 "," $79,89,200.28 "," $1,55,83,381.68 "," $17,63,872.35 "," $43,25,560.11 ",4.8,49,982,126,Brian Robinson,Mark Smith," $68,55,272.47 ",78.54%,flop,Average
1701,Reach,Action,2002,26-04-2002,USA," $14,43,233.90 "," $28,06,849.71 "," $65,03,403.70 "," $5,07,574.28 "," $13,97,418.60 ",5.2,61,1285,4134,David Rosales,Ariel Mills," $50,60,169.80 ",350.61%,Hit,Average
1702,Set probably affect,Comedy,1997,09-03-1997,USA," $10,65,624.04 "," $27,34,224.44 "," $42,44,005.14 "," $5,08,628.26 "," $11,73,858.80 ",4.3,43,13352,459,Anthony Henry,David Clark," $31,78,381.10 ",298.26%,Hit,Average
1703,Heart choose strong,Action,2020,18-02-2020,Germany," $51,67,484.82 "," $93,54,477.34 "," $2,12,92,698.97 "," $13,62,821.55 "," $38,82,346.87 ",5.1,48,445,82,Nathan Bolton,Becky Dean," $1,61,25,214.15 ",312.05%,Hit,Average
1704,Threat cell,Thriller,2016,06-07-2016,USA," $55,08,849.32 "," $86,25,239.29 "," $1,40,89,469.47 "," $13,76,422.18 "," $48,87,987.51 ",5.8,60,959,204,Philip Simmons,Noah Harrison," $85,80,620.15 ",155.76%,Hit,Average
1705,Letter interesting,Romance,1992,07-09-1992,USA," $79,99,240.68 "," $2,00,89,362.78 "," $3,34,90,608.82 "," $56,40,779.53 "," $99,09,582.44 ",8.4,89,100,237,Sara Higgins,Meredith Williams," $2,54,91,368.14 ",318.67%,Hit,Excellent Performance
1706,National seat,Drama,2005,02-03-2005,Germany," $27,09,073.36 "," $22,71,256.07 "," $38,00,553.90 "," $3,42,330.43 "," $11,02,551.27 ",7.1,71,3974,1642,Christian Hernandez,Lynn Pierce," $10,91,480.54 ",40.29%,flop,Good Performance
1707,Everyone process boy listen,Sci-Fi,2005,20-12-2005,USA," $5,17,559.50 "," $6,35,102.18 "," $14,20,869.72 "," $1,77,505.85 "," $2,72,144.28 ",6.2,67,136,50,Brandon Fuller,Christopher Benson," $9,03,310.22 ",174.53%,Hit,Good Performance
1708,Guy manage,Romance,1994,08-06-1994,USA," $56,82,460.32 "," $32,78,827.75 "," $56,82,460.32 "," $5,24,372.58 "," $14,39,431.78 ",7.5,87,38134,3315,Diana Davis,Kimberly Johnson, $-   ,0.00%,Break_even,Good Performance
1709,First way affect,Sci-Fi,1977,27-07-1977,Canada," $1,88,435.79 "," $1,03,167.23 "," $2,22,189.10 "," $18,495.95 "," $47,807.17 ",7,79,11275,213,James Cross,Daniel Callahan," $33,753.31 ",17.91%,flop,Good Performance
1710,Across build,Drama,2004,09-03-2004,India," $37,44,436.45 "," $87,52,760.94 "," $1,71,45,896.65 "," $17,57,166.27 "," $48,33,899.63 ",6.3,58,14034,66,Brandon Fuller,Christina Jones," $1,34,01,460.20 ",357.90%,Hit,Good Performance
1711,Force budget expert,Thriller,2001,12-02-2001,South Korea," $1,00,000.00 "," $1,96,922.58 "," $4,63,185.45 "," $38,412.38 "," $84,491.82 ",7.8,94,2644,207,Jennifer Atkinson,Kathryn Stevenson," $3,63,185.45 ",363.19%,Hit,Good Performance
1712,Ten,Action,2014,10-11-2014,USA," $12,21,455.43 "," $40,53,855.82 "," $59,41,504.75 "," $7,77,665.82 "," $16,89,333.24 ",4.6,38,287,201,Heidi Cisneros,Jessica Scott," $47,20,049.32 ",386.43%,Hit,Average
1713,Into,Action,1958,06-07-1958,USA," $2,91,793.08 "," $1,91,561.13 "," $3,46,112.39 "," $55,865.10 "," $1,03,705.16 ",5.9,41,2932,540,Alyssa Adams,Samuel Wyatt," $54,319.31 ",18.62%,flop,Average
1714,Sport just score,Comedy,1998,09-09-1998,China," $19,04,364.21 "," $11,47,695.93 "," $19,04,364.21 "," $2,01,103.83 "," $6,40,106.08 ",9.3,94,5204,231,Jeffrey Neal,Catherine Willis, $-   ,0.00%,Break_even,Excellent Performance
1715,Rock professional,Comedy,1999,28-06-1999,China," $18,40,916.67 "," $22,07,106.60 "," $45,02,714.28 "," $6,20,449.79 "," $9,55,423.63 ",6.1,52,12607,683,Jeffrey Neal,Christopher Tucker," $26,61,797.61 ",144.59%,Hit,Good Performance
1716,Professional job security,Drama,2008,08-12-2008,USA," $4,02,976.44 "," $7,20,735.08 "," $15,53,676.59 "," $1,21,806.95 "," $3,76,553.49 ",5.5,62,539,1034,William Banks,Monique Harris," $11,50,700.15 ",285.55%,Hit,Average
1717,Him knowledge quality,Action,1966,06-04-1966,Canada," $2,24,179.35 "," $6,01,559.02 "," $9,82,792.88 "," $1,48,171.38 "," $2,68,068.90 ",7.2,67,2586,97,Claudia Smith,Morgan King," $7,58,613.53 ",338.40%,Hit,Good Performance
1718,Still three affect,Thriller,2014,06-11-2014,USA," $5,93,680.87 "," $10,43,104.38 "," $20,79,771.54 "," $1,77,161.67 "," $5,24,087.68 ",8.5,61,2530,108,Nathan Bolton,Joy Huber," $14,86,090.67 ",250.32%,Hit,Excellent Performance
1719,Country bit,Documentary,2013,30-03-2013,India," $13,32,198.43 "," $27,96,079.72 "," $61,70,308.33 "," $3,60,755.88 "," $16,02,012.79 ",6.7,73,1184,50,Renee Campbell,Eric Nelson," $48,38,109.90 ",363.17%,Hit,Good Performance
1720,Her discuss name,Comedy,1982,30-10-1982,France," $59,12,181.30 "," $29,18,752.10 "," $59,12,181.30 "," $6,84,392.66 "," $17,11,023.71 ",7.7,77,1788,278,David Charles,Samantha Sanders, $-   ,0.00%,Break_even,Good Performance
1721,Significant recently,Comedy,1969,10-04-1969,USA," $18,45,050.06 "," $11,69,739.91 "," $23,67,674.47 "," $1,35,750.78 "," $6,43,065.73 ",8.8,84,48586,1982,Amber Anderson,Lauren Richards," $5,22,624.41 ",28.33%,flop,Excellent Performance
1722,Enter pick its,Romance,1992,04-03-1992,USA," $60,91,700.62 "," $1,51,94,963.76 "," $2,62,59,442.85 "," $44,23,693.35 "," $88,10,144.76 ",5.6,62,3443,544,Julie Maxwell,Brenda Guerrero," $2,01,67,742.23 ",331.07%,Hit,Average
1723,Dark want,Comedy,1977,23-06-1977,USA," $7,45,985.55 "," $13,68,847.03 "," $30,46,260.43 "," $4,10,624.27 "," $7,67,805.55 ",4.5,30,3490,225,Elizabeth Lane,John Sullivan," $23,00,274.88 ",308.35%,Hit,Average
1724,Box away discover,Drama,2002,16-06-2002,India," $7,28,083.87 "," $6,34,283.15 "," $11,74,404.37 "," $98,046.44 "," $2,82,039.84 ",5,43,5476,478,Samantha Campbell,Lauren Richards," $4,46,320.50 ",61.30%,flop,Average
1725,Father area,Horror,1995,01-01-1995,USA," $5,40,801.66 "," $10,32,405.04 "," $21,76,779.70 "," $2,10,550.25 "," $4,26,421.46 ",7.4,78,1242,1585,David Charles,Anthony Rhodes," $16,35,978.04 ",302.51%,Hit,Good Performance
1726,Enough cold pretty,Thriller,1973,11-03-1973,USA," $20,34,614.93 "," $50,54,033.27 "," $93,31,174.26 "," $10,28,500.23 "," $24,46,410.40 ",5,41,2829,150,Jeremy Ray,Terry Martinez," $72,96,559.33 ",358.62%,Hit,Average
1727,Resource laugh,Thriller,2020,04-07-2020,USA," $13,48,974.75 "," $14,99,432.88 "," $29,90,307.97 "," $1,96,230.99 "," $6,56,396.78 ",5.6,56,9980,122,David Charles,Lorraine White DDS," $16,41,333.22 ",121.67%,Hit,Average
1728,Amount head,Thriller,2016,23-07-2016,USA," $80,92,381.32 "," $1,20,33,568.19 "," $2,11,91,758.91 "," $31,31,984.95 "," $60,55,516.47 ",4.8,55,20176,55664,Brandon Fuller,Noah Harrison," $1,30,99,377.59 ",161.87%,Hit,Average
1729,Bit popular yet,Drama,1991,01-02-1991,USA," $32,03,842.55 "," $61,80,692.13 "," $1,21,09,939.03 "," $16,49,654.68 "," $29,00,720.89 ",8.5,93,16104,50,John Jones,Douglas Bullock," $89,06,096.48 ",277.98%,Hit,Excellent Performance
1730,Discuss prove weight,Action,1998,25-08-1998,USA," $28,26,976.20 "," $69,85,665.98 "," $1,27,59,437.83 "," $17,67,627.56 "," $29,95,392.92 ",7.2,66,21149,50,Brooke Morales,William Ramirez," $99,32,461.63 ",351.35%,Hit,Good Performance
1731,Assume single,Documentary,2025,04-10-2025,USA," $57,66,185.22 "," $1,13,24,080.34 "," $1,87,55,303.86 "," $26,89,961.92 "," $63,40,209.76 ",6.8,76,373,1028,Jeremy Ray,Mark Crosby," $1,29,89,118.64 ",225.26%,Hit,Good Performance
1732,Pretty exist design,Documentary,1994,06-01-1994,Germany," $51,47,882.79 "," $81,27,983.60 "," $1,22,13,636.06 "," $23,62,660.23 "," $41,13,161.56 ",5.1,58,6202,50,Amanda Montgomery,Amy Gomez," $70,65,753.27 ",137.26%,Hit,Average
1733,Base always,Drama,2011,06-03-2011,UK," $50,85,657.01 "," $1,34,81,813.61 "," $2,03,37,041.45 "," $29,81,191.29 "," $70,87,889.81 ",7,60,244,109,Barbara Torres,Tami Miranda," $1,52,51,384.44 ",299.89%,Hit,Good Performance
1734,Remain under experience,Documentary,1965,19-01-1965,USA," $1,17,83,398.09 "," $96,15,371.27 "," $1,37,63,721.64 "," $24,43,428.06 "," $43,46,755.36 ",6.8,62,5224,2497,Mr. Jorge Anderson,Melissa Cunningham," $19,80,323.55 ",16.81%,flop,Good Performance
1735,Trial civil agency,Comedy,2014,29-06-2014,Germany," $37,47,989.16 "," $78,04,143.12 "," $1,30,71,333.38 "," $14,64,510.34 "," $39,82,870.56 ",2.7,17,8996,6010,Amanda Montgomery,Alexander Haley," $93,23,344.22 ",248.76%,Hit,Average
1736,Clearly father,Thriller,1980,04-04-1980,USA," $2,51,013.54 "," $4,44,609.52 "," $10,08,709.63 "," $68,204.41 "," $2,32,738.35 ",5.9,57,77190,330,Bethany Rodriguez,Nathan Nelson," $7,57,696.09 ",301.85%,Hit,Average
1737,Model station,Romance,1990,31-05-1990,USA," $2,11,73,979.74 "," $2,44,58,868.46 "," $4,88,55,886.31 "," $41,55,121.90 "," $1,34,55,681.70 ",8.4,89,618,887,Kimberly Barker,Sheila Dunn," $2,76,81,906.57 ",130.74%,Hit,Excellent Performance
1738,How minute forget not,Romance,2011,29-06-2011,USA," $57,26,703.59 "," $47,54,898.58 "," $1,12,89,135.21 "," $9,44,928.42 "," $21,96,250.68 ",9,78,58986,201,Nicholas Murphy,Jacqueline Cooper," $55,62,431.62 ",97.13%,flop,Excellent Performance
1739,Painting Congress,Drama,2023,06-02-2023,USA," $21,17,696.91 "," $13,06,305.04 "," $26,48,562.58 "," $3,84,378.06 "," $7,67,445.02 ",7.9,79,1797,50,Ashley Medina,Sandra Spears," $5,30,865.67 ",25.07%,flop,Good Performance
1740,Attorney third debate,Thriller,2017,22-04-2017,USA," $10,27,585.86 "," $10,57,953.80 "," $19,41,768.69 "," $2,20,488.17 "," $5,79,006.27 ",4.5,48,2469,88,Charles Lopez,Olivia Allen," $9,14,182.83 ",88.96%,flop,Average
1741,Pull writer recognize new,Comedy,2015,21-05-2015,USA," $4,15,178.16 "," $4,22,063.43 "," $10,28,261.21 "," $52,544.59 "," $2,48,082.77 ",5.5,54,320,71,Bryan Murray,Leonard Contreras," $6,13,083.05 ",147.67%,Hit,Average
1742,Weight discuss race,Comedy,2023,10-04-2023,UK," $18,17,52,931.50 "," $31,82,80,544.10 "," $67,89,50,744.70 "," $3,20,48,576.61 "," $16,78,26,687.60 ",6.3,66,10476,2194,Bryan Murray,Jennifer Leach," $49,71,97,813.20 ",273.56%,Hit,Good Performance
1743,Way happy,Comedy,1978,22-07-1978,France," $2,49,62,628.41 "," $6,95,42,987.49 "," $11,82,51,785.10 "," $1,86,58,984.56 "," $4,04,26,695.27 ",5.8,47,53612,177,Michael Richards,Gabriel Mathis," $9,32,89,156.69 ",373.72%,Hit,Average
1744,Risk according kitchen,Horror,2002,15-08-2002,USA," $32,05,614.87 "," $24,46,409.12 "," $41,65,974.87 "," $5,34,635.65 "," $13,16,754.07 ",9,88,360676,193,Shannon Ross,Rachel Howard," $9,60,360.00 ",29.96%,flop,Excellent Performance
1745,Car receive,Horror,2025,26-10-2025,USA," $24,51,751.69 "," $38,42,774.57 "," $60,57,956.43 "," $9,58,691.07 "," $16,44,701.38 ",7.2,69,1498,477,Thomas Peterson,Darren Jones," $36,06,204.74 ",147.09%,Hit,Good Performance
1746,Second art,Drama,2006,15-12-2006,USA," $57,74,778.87 "," $1,23,90,702.70 "," $2,35,06,379.20 "," $18,52,664.44 "," $65,84,446.94 ",7.3,63,3074,4183,Jessica Rodriguez,Brandon Davidson," $1,77,31,600.33 ",307.05%,Hit,Good Performance
1747,East cold save,Action,1985,16-05-1985,USA," $45,87,145.93 "," $69,85,558.87 "," $1,50,76,874.84 "," $7,96,093.57 "," $38,87,595.86 ",8.5,76,382,50,Michael Chung,Dawn Blake," $1,04,89,728.91 ",228.68%,Hit,Excellent Performance
1748,True live,Comedy,1995,07-11-1995,USA," $19,75,852.14 "," $19,38,994.95 "," $44,08,742.70 "," $2,80,369.69 "," $9,64,604.84 ",3.1,37,2443,116,Susan Farley,Michael Ramirez," $24,32,890.56 ",123.13%,Hit,Average
1749,Operation particularly,Action,1991,29-12-1991,Germany," $30,48,543.49 "," $46,91,887.27 "," $1,15,93,518.30 "," $5,40,351.40 "," $22,36,861.11 ",5.4,60,7706,371,Jeffrey Myers MD,Joel Hunt," $85,44,974.81 ",280.30%,Hit,Average
1750,Tell make despite,Action,2020,01-02-2020,USA," $88,32,466.45 "," $1,29,73,488.74 "," $2,03,76,980.43 "," $36,94,530.63 "," $64,13,845.67 ",7.9,90,3367,116,David Perez,Sarah Nelson," $1,15,44,513.98 ",130.71%,Hit,Good Performance
1751,Break nice beat relate,Action,1990,01-09-1990,USA," $53,01,764.60 "," $94,88,067.21 "," $1,62,21,255.74 "," $15,62,960.91 "," $54,90,287.69 ",6.7,49,3644,134,Bryan Murray,Mary Wolfe," $1,09,19,491.14 ",205.96%,Hit,Good Performance
1752,Lead admit later,Horror,2008,29-01-2008,USA," $31,78,562.07 "," $22,33,996.93 "," $45,10,216.25 "," $3,23,140.12 "," $10,34,214.26 ",8.1,81,687,530,Charlotte Williams,Miranda Armstrong," $13,31,654.18 ",41.89%,flop,Excellent Performance
1753,Throughout executive state,Romance,1989,07-10-1989,USA," $6,64,278.10 "," $4,13,699.93 "," $10,15,282.63 "," $73,097.00 "," $1,88,337.44 ",4.3,37,5873,52,Thomas Peterson,Ashley Gilmore," $3,51,004.53 ",52.84%,flop,Average
1754,Scientist writer,Drama,1993,01-01-1993,Australia," $5,15,208.54 "," $8,31,288.92 "," $19,99,174.64 "," $1,75,117.46 "," $4,79,697.56 ",9.2,100,831,763,Julie Maxwell,Stephanie Ferrell," $14,83,966.10 ",288.03%,Hit,Excellent Performance
1755,Need later,Action,2021,10-09-2021,South Korea," $44,43,210.75 "," $94,20,650.17 "," $1,74,38,173.16 "," $17,70,903.95 "," $55,15,558.67 ",8.1,87,249,1123,Oscar Santos,Jason Ramos," $1,29,94,962.41 ",292.47%,Hit,Excellent Performance
1756,Bad lose remain prove,Drama,2013,02-12-2013,Japan," $1,47,24,060.73 "," $3,89,61,345.25 "," $6,04,53,338.96 "," $95,92,853.93 "," $2,03,08,090.52 ",7.8,70,5235,50,Ashley Medina,Patricia Keller," $4,57,29,278.23 ",310.58%,Hit,Good Performance
1757,Before care,Action,2015,03-04-2015,USA," $26,13,438.78 "," $60,47,303.28 "," $1,16,02,580.53 "," $8,25,875.75 "," $33,51,827.02 ",6.5,70,8607,2317,Amanda Cantrell,Tracy Klein," $89,89,141.75 ",343.96%,Hit,Good Performance
1758,Ahead thousand within,Drama,2014,14-08-2014,UK," $1,70,82,630.18 "," $1,94,73,142.78 "," $4,02,35,501.47 "," $25,74,977.44 "," $86,01,715.77 ",4.7,56,37248,136,Courtney Reynolds,Nicole Turner," $2,31,52,871.29 ",135.53%,Hit,Average
1759,Fine court fight,Drama,1996,26-12-1996,USA," $8,81,910.63 "," $13,28,791.52 "," $28,62,271.37 "," $3,73,202.19 "," $5,62,641.65 ",7.7,63,4833,330,Roberto Underwood,Paige Gonzalez," $19,80,360.74 ",224.55%,Hit,Good Performance
1760,Your since Congress,Comedy,2012,21-09-2012,USA," $2,02,27,275.75 "," $2,61,59,524.09 "," $5,04,12,100.17 "," $55,45,557.18 "," $1,29,40,426.06 ",6.6,62,20706,6895,Diane Skinner,Tricia Thomas," $3,01,84,824.42 ",149.23%,Hit,Good Performance
1761,Kitchen better,Drama,1989,07-12-1989,USA," $28,39,832.41 "," $57,64,352.01 "," $1,37,67,980.88 "," $7,18,212.72 "," $32,40,712.85 ",6.2,53,7221,165,Samantha Campbell,David Martin," $1,09,28,148.47 ",384.82%,Hit,Good Performance
1762,So either movie summer,Comedy,2008,14-06-2008,Germany," $1,36,48,563.74 "," $2,30,24,734.27 "," $4,31,73,809.15 "," $29,93,494.20 "," $1,36,79,025.28 ",6.2,51,3517,827,Mrs. Hannah Campbell DDS,Kimberly Ray," $2,95,25,245.41 ",216.32%,Hit,Good Performance
1763,None campaign reach,Action,2018,13-02-2018,USA," $1,10,59,153.42 "," $2,53,81,896.43 "," $4,23,67,590.25 "," $63,39,625.40 "," $1,42,13,424.14 ",7.1,54,14610,66,Melanie Olson,Brian Gentry," $3,13,08,436.83 ",283.10%,Hit,Good Performance
1764,Activity painting,Action,1985,17-02-1985,China," $33,01,421.92 "," $14,85,862.55 "," $33,01,421.92 "," $2,41,598.20 "," $8,52,487.08 ",5.8,49,8761,439,Melanie Olson,Casey Collins, $-   ,0.00%,Break_even,Average
1765,Somebody fall decision,Comedy,2016,24-01-2016,USA," $1,58,05,472.66 "," $1,56,20,131.17 "," $2,89,76,237.53 "," $30,40,788.65 "," $85,64,946.59 ",7.7,76,2485,50,Jerry Owens,Trevor Lee," $1,31,70,764.87 ",83.33%,flop,Good Performance
1766,Loss,Drama,1970,29-07-1970,USA," $11,26,388.14 "," $28,57,485.09 "," $47,22,731.18 "," $4,87,108.59 "," $14,20,697.02 ",6.4,60,113,86,Jerry Owens,Sabrina Massey," $35,96,343.04 ",319.28%,Hit,Good Performance
1767,Feeling hotel interview,Horror,1984,29-03-1984,USA," $55,30,057.03 "," $1,10,19,461.39 "," $2,59,17,297.05 "," $28,20,542.84 "," $65,08,823.89 ",6.4,61,6219,2195,Michael Richards,Patrick Barnett," $2,03,87,240.02 ",368.66%,Hit,Good Performance
1768,Always enter safe,Comedy,2003,25-04-2003,USA," $1,26,65,598.67 "," $2,41,64,333.35 "," $3,94,77,640.94 "," $31,08,106.09 "," $1,36,29,919.10 ",4.2,27,2751,190,Diana Davis,Ashley French," $2,68,12,042.27 ",211.69%,Hit,Average
1769,Approach consumer front,Drama,2010,13-09-2010,USA," $12,36,078.31 "," $25,51,139.76 "," $51,20,121.86 "," $6,50,064.86 "," $11,04,031.78 ",6.2,58,62694,79,Melissa Cohen,William Ramirez," $38,84,043.55 ",314.22%,Hit,Good Performance
1770,Democratic,Drama,1995,04-05-1995,USA," $94,23,132.24 "," $1,76,44,305.48 "," $3,28,28,008.53 "," $27,15,333.39 "," $1,00,18,257.68 ",7.6,78,330,169,Sara Higgins,Theresa Cooley," $2,34,04,876.29 ",248.38%,Hit,Good Performance
1771,Pick artist,Horror,1988,09-11-1988,USA," $11,14,028.76 "," $7,59,269.50 "," $11,14,028.76 "," $1,78,262.25 "," $3,17,050.43 ",9.4,93,18973,84,Vanessa Fox,Rachel Howard, $-   ,0.00%,Break_even,Excellent Performance
1772,Second,Action,2000,01-05-2000,USA," $1,02,68,230.80 "," $1,21,18,885.05 "," $2,34,45,468.09 "," $29,96,644.97 "," $61,96,545.53 ",6.1,58,403,588,David Hall,Karen Shaffer," $1,31,77,237.29 ",128.33%,Hit,Good Performance
1773,Traditional table know,Drama,2019,17-09-2019,USA," $66,04,702.00 "," $1,78,59,865.99 "," $2,86,37,742.51 "," $26,07,016.93 "," $82,20,355.28 ",2.6,31,1204,268,Stephanie Hayes,Olivia Allen," $2,20,33,040.51 ",333.60%,Hit,Average
1774,Contain memory,Thriller,1954,04-08-1954,Germany," $71,09,039.49 "," $51,95,147.72 "," $1,05,42,264.53 "," $10,57,181.44 "," $28,28,953.28 ",4.9,49,1057,8619,Megan Sharp,Meghan Mcintosh," $34,33,225.04 ",48.29%,flop,Average
1775,Name care,Comedy,2010,08-08-2010,USA," $18,42,105.19 "," $11,59,644.43 "," $18,42,105.19 "," $2,04,363.00 "," $5,48,224.89 ",5.1,55,1194,59,Benjamin Ray,Sharon Rodriguez, $-   ,0.00%,Break_even,Average
1776,Serve life throughout,Comedy,2001,03-11-2001,UK," $3,41,670.99 "," $7,42,561.14 "," $16,12,410.03 "," $1,35,352.62 "," $4,19,748.69 ",7.2,87,2485,61,Mrs. Hannah Campbell DDS,Nicholas Richards," $12,70,739.04 ",371.92%,Hit,Good Performance
1777,Whatever bag,Drama,1979,21-05-1979,USA," $21,22,997.71 "," $50,14,801.37 "," $1,00,96,300.75 "," $7,83,899.45 "," $26,32,417.22 ",5.7,57,4034,67,Michael Chung,Andrew Walker PhD," $79,73,303.04 ",375.57%,Hit,Average
1778,Case since,Thriller,2015,15-06-2015,USA," $9,54,62,865.54 "," $6,86,33,273.73 "," $9,97,24,234.90 "," $91,45,878.34 "," $3,49,54,902.39 ",5.6,68,4903,2679,Elizabeth Lane,Nicole Morales," $42,61,369.36 ",4.46%,flop,Average
1779,Picture prevent her,Comedy,1974,20-09-1974,USA," $3,29,769.97 "," $5,12,819.10 "," $12,74,781.17 "," $1,42,293.99 "," $2,41,643.65 ",3.3,28,100,211,Kim Watkins,Cassandra Dennis," $9,45,011.20 ",286.57%,Hit,Average
1780,Know color probably,Drama,2008,07-03-2008,USA," $52,73,396.56 "," $33,85,928.68 "," $69,92,801.80 "," $5,06,362.56 "," $19,89,314.12 ",7,67,394,3299,William Walker,Brandon Mcguire," $17,19,405.24 ",32.61%,flop,Good Performance
1781,Candidate history,Romance,2025,02-04-2025,USA," $2,01,15,203.79 "," $2,25,79,715.02 "," $3,72,56,943.17 "," $51,80,378.04 "," $96,07,220.38 ",6.5,69,1093,6813,Chad Peters MD,William Brooks," $1,71,41,739.38 ",85.22%,flop,Good Performance
1782,All economic remain,Drama,1977,24-03-1977,Australia," $2,83,13,426.07 "," $7,19,60,167.94 "," $11,23,82,725.50 "," $90,99,870.25 "," $3,15,27,557.31 ",6.2,67,4560,2341,Joshua Morales,Stephanie Ferrell," $8,40,69,299.43 ",296.92%,Hit,Good Performance
1783,Trade,Documentary,1976,08-11-1976,USA," $11,37,022.41 "," $13,15,370.48 "," $27,69,971.44 "," $3,90,335.52 "," $6,38,191.92 ",8.7,87,20783,50,James Wright,Shannon Hunt," $16,32,949.03 ",143.62%,Hit,Excellent Performance
1784,Blue say another painting,Horror,1997,13-08-1997,France," $25,04,081.10 "," $49,37,816.85 "," $1,22,67,452.79 "," $14,77,693.33 "," $24,73,610.29 ",4.8,34,16667,1940,Roberto Underwood,Patricia Ramirez," $97,63,371.69 ",389.90%,Hit,Average
1785,Evening else,Documentary,1968,02-09-1968,Canada," $29,24,423.58 "," $22,45,790.09 "," $54,82,040.16 "," $5,65,275.80 "," $10,59,654.97 ",7.2,62,70141,6949,Jason Jones,John Jones," $25,57,616.58 ",87.46%,flop,Good Performance
1786,Trial general over,Drama,2024,26-08-2024,USA," $1,45,88,945.70 "," $3,20,82,952.62 "," $6,71,48,744.22 "," $86,43,655.30 "," $1,62,62,278.10 ",4.5,39,1810,50,Ryan Tate,William Ramirez," $5,25,59,798.52 ",360.27%,Hit,Average
1787,Day crime catch,Thriller,2017,25-01-2017,USA," $25,00,675.53 "," $42,66,333.53 "," $92,21,973.14 "," $7,50,488.84 "," $25,43,302.06 ",8,71,630,1335,Gary Simmons,Becky Kerr," $67,21,297.61 ",268.78%,Hit,Excellent Performance
1788,Practice line,Drama,1992,09-08-1992,USA," $2,26,85,515.09 "," $5,32,67,741.97 "," $9,90,22,183.63 "," $1,34,79,766.77 "," $2,32,09,483.94 ",8.9,87,122,120,Barbara Torres,Christopher Hanson," $7,63,36,668.54 ",336.50%,Hit,Excellent Performance
1789,Activity join long,Drama,2016,27-06-2016,USA," $74,45,616.46 "," $82,73,174.09 "," $1,96,85,292.99 "," $24,16,493.52 "," $43,80,033.86 ",6.4,74,5359,60,Dr. Michael Monroe,Paul Glover," $1,22,39,676.53 ",164.39%,Hit,Good Performance
1790,Knowledge college home when,Comedy,1997,21-05-1997,USA," $1,30,71,138.03 "," $94,33,807.47 "," $1,45,16,161.21 "," $26,04,626.28 "," $50,91,456.25 ",6.2,54,2698,50,Sharon Wilson,Douglas Davis," $14,45,023.18 ",11.06%,flop,Good Performance
1791,Stop fact,Drama,1994,08-10-1994,India," $1,64,92,931.43 "," $1,26,54,209.52 "," $3,05,75,233.17 "," $20,35,960.28 "," $65,03,043.05 ",3.8,33,4151,62,Heidi Cisneros,Adam Bowman," $1,40,82,301.74 ",85.38%,flop,Average
1792,Spend fire value,Comedy,2017,20-06-2017,China," $46,40,823.89 "," $38,27,997.80 "," $83,73,531.96 "," $9,50,121.65 "," $15,42,679.17 ",10,100,3844,521,Dr. Michael Monroe,Jeffrey Smith," $37,32,708.07 ",80.43%,flop,Excellent Performance
1793,Light go,Drama,1995,25-06-1995,France," $36,22,099.15 "," $40,11,475.87 "," $98,65,268.67 "," $6,77,031.91 "," $19,20,851.86 ",7.3,75,5427,1249,Denise Horne,Brian Rodriguez," $62,43,169.52 ",172.36%,Hit,Good Performance
1794,Manage market,Comedy,1995,06-06-1995,USA," $1,78,701.10 "," $1,00,847.65 "," $2,30,142.72 "," $21,435.03 "," $44,082.72 ",5.4,67,2547,153,Claudia Smith,Shawn Washington," $51,441.62 ",28.79%,flop,Average
1795,Employee toward,Thriller,1968,28-07-1968,USA," $1,09,27,049.85 "," $1,02,52,465.39 "," $1,53,62,800.48 "," $19,76,715.83 "," $42,62,295.30 ",5.9,50,1450,801,Mary Mitchell,Rachel Howard," $44,35,750.63 ",40.59%,flop,Average
1796,Once,Comedy,2003,31-10-2003,UK," $30,64,174.36 "," $27,94,811.24 "," $62,18,479.35 "," $3,16,257.40 "," $16,34,125.02 ",7,74,6292,10534,Maria Lane,Mark Smith," $31,54,304.99 ",102.94%,Hit,Good Performance
1797,Word arrive feeling,Drama,1974,29-09-1974,USA," $37,83,924.04 "," $24,94,185.70 "," $37,83,924.04 "," $7,07,988.72 "," $13,70,539.24 ",8.7,100,4127,115,Emily Miller,Jennifer Moore, $-   ,0.00%,Break_even,Excellent Performance
1798,Style accept for,Sci-Fi,1982,16-07-1982,USA," $79,81,508.97 "," $1,55,01,013.15 "," $3,38,86,315.24 "," $24,95,817.38 "," $62,71,533.26 ",7,60,271,383,Michael Manning,Amanda Lawson," $2,59,04,806.27 ",324.56%,Hit,Good Performance
1799,Everybody control,Horror,1994,16-05-1994,USA," $2,61,18,734.26 "," $2,88,16,319.66 "," $4,17,76,566.80 "," $86,26,784.16 "," $1,67,97,334.37 ",7.7,80,17207,158,Sharon Wilson,William Brooks," $1,56,57,832.54 ",59.95%,flop,Good Performance
1800,Operation maintain today,Romance,1963,04-07-1963,India," $20,85,295.15 "," $39,30,684.46 "," $59,03,468.56 "," $6,04,752.77 "," $18,67,592.99 ",4,46,8077,50,Albert Phillips,Jason Chavez," $38,18,173.41 ",183.10%,Hit,Average
1801,Language sea world,Comedy,2009,02-07-2009,USA," $4,71,033.59 "," $11,56,119.84 "," $18,32,393.27 "," $2,38,804.56 "," $5,23,770.09 ",4.7,52,6657,50,Michael Richards,Douglas Davis," $13,61,359.68 ",289.02%,Hit,Average
1802,International describe,Thriller,2016,30-10-2016,USA," $77,68,810.03 "," $2,11,39,305.05 "," $3,15,38,772.12 "," $46,13,680.06 "," $1,14,55,599.34 ",6.3,61,4781,238,William Carpenter,Mr. Michael Snyder," $2,37,69,962.09 ",305.97%,Hit,Good Performance
1803,Prevent process,Comedy,2022,03-02-2022,USA," $46,39,018.74 "," $96,38,297.62 "," $1,42,24,164.85 "," $10,31,233.59 "," $42,63,550.64 ",6.9,80,3735,759,Rachel Kirby,Heather Allison," $95,85,146.11 ",206.62%,Hit,Good Performance
1804,Garden prepare both,Drama,2024,30-06-2024,USA," $1,02,10,881.50 "," $1,43,51,105.10 "," $2,31,72,017.06 "," $38,31,803.71 "," $76,85,408.43 ",3.6,44,1303,454,Claudia Smith,Nicole Dawson," $1,29,61,135.56 ",126.93%,Hit,Average
1805,Generation south tough behind,Horror,1974,01-03-1974,USA," $3,53,53,124.46 "," $6,60,97,366.18 "," $13,52,39,116.80 "," $1,12,79,294.17 "," $3,24,02,084.17 ",7.4,90,8350,4621,Philip Simmons,Diane Jacobs," $9,98,85,992.34 ",282.54%,Hit,Good Performance
1806,Wide respond suggest,Thriller,1984,28-09-1984,USA," $8,38,674.57 "," $14,71,555.88 "," $34,03,320.57 "," $2,12,568.97 "," $8,76,856.60 ",7.7,70,655,393,Kelsey Ellis,Daniel Thompson," $25,64,646.00 ",305.80%,Hit,Good Performance
1807,Practice describe,Drama,2012,07-07-2012,USA," $2,85,77,523.44 "," $7,55,69,684.92 "," $11,36,59,051.90 "," $1,59,41,053.73 "," $4,11,70,001.57 ",10,100,3249,468,Kristina Moore,Carl Schneider," $8,50,81,528.46 ",297.72%,Hit,Excellent Performance
1808,Compare break meeting,Drama,1979,31-05-1979,USA," $59,71,406.15 "," $1,67,79,144.83 "," $2,48,29,708.65 "," $50,24,379.35 "," $97,62,285.21 ",8.1,79,4978,50,Michael Richards,Nicholas Richards," $1,88,58,302.50 ",315.81%,Hit,Excellent Performance
1809,Physical themselves money,Comedy,1987,31-10-1987,USA," $86,00,631.03 "," $1,42,57,174.86 "," $2,80,68,899.89 "," $18,07,879.78 "," $81,82,920.85 ",6.1,61,2402,75,Tyler Sanchez,Kathryn Stevenson," $1,94,68,268.86 ",226.36%,Hit,Good Performance
1810,Off protect,Drama,2003,10-03-2003,USA," $95,03,784.08 "," $87,78,042.71 "," $1,48,89,490.88 "," $18,48,755.94 "," $50,32,903.26 ",4.8,26,4213,50,Sophia Gomez,Ashley French," $53,85,706.80 ",56.67%,flop,Average
1811,Sing professor,Sci-Fi,2003,11-10-2003,UK," $10,94,990.51 "," $14,90,563.31 "," $22,64,088.71 "," $1,84,151.56 "," $6,55,960.54 ",8.2,96,6475,910,Joshua Baker,Pamela Lopez," $11,69,098.20 ",106.77%,Hit,Excellent Performance
1812,Worry window,Drama,2016,02-08-2016,USA," $8,64,832.14 "," $7,62,422.37 "," $15,24,059.65 "," $1,63,887.30 "," $3,20,529.57 ",4.8,38,178,2583,Darrell Carlson,Mathew Castillo," $6,59,227.51 ",76.23%,flop,Average
1813,Black behind yes,Drama,1988,22-11-1988,India," $51,28,799.87 "," $42,27,957.96 "," $80,74,322.81 "," $11,44,751.21 "," $24,23,735.41 ",7.6,80,2416,50,John Jones,Melissa Mcgee," $29,45,522.94 ",57.43%,flop,Good Performance
1814,Clear remember then,Drama,2011,10-04-2011,USA," $24,11,884.08 "," $77,19,081.17 "," $1,13,08,907.20 "," $14,00,428.03 "," $42,75,089.90 ",6.6,77,1908,91,Joseph Willis,Duane Fletcher DDS," $88,97,023.12 ",368.88%,Hit,Good Performance
1815,Phone approach commercial,Thriller,2017,23-03-2017,USA," $2,82,27,203.59 "," $4,39,75,619.95 "," $8,73,82,709.46 "," $94,98,796.25 "," $1,86,04,694.70 ",9.2,78,1690,467,Nicholas Murphy,Theresa Cooley," $5,91,55,505.87 ",209.57%,Hit,Excellent Performance
1816,Rock stay,Action,2004,02-04-2004,USA," $5,85,068.11 "," $18,60,946.43 "," $27,67,024.62 "," $5,14,284.63 "," $7,85,671.26 ",7.5,87,314,1013,Oscar Santos,Thomas Sims," $21,81,956.51 ",372.94%,Hit,Good Performance
1817,Without memory ability,Action,2013,29-11-2013,USA," $11,60,709.16 "," $25,64,909.44 "," $44,42,275.85 "," $5,08,564.93 "," $10,42,254.59 ",7.3,80,2920,577,Christian Hernandez,Thomas Sims," $32,81,566.69 ",282.72%,Hit,Good Performance
1818,Think song operation,Romance,2015,10-05-2015,USA," $22,79,652.30 "," $64,70,822.40 "," $1,04,11,059.93 "," $12,47,647.03 "," $33,14,203.53 ",5,36,481,1238,Christopher Roach,Stephanie Ferrell," $81,31,407.63 ",356.70%,Hit,Average
1819,Know section,Drama,2020,07-06-2020,Australia," $1,00,000.00 "," $2,79,084.03 "," $4,74,300.36 "," $75,629.91 "," $1,12,559.97 ",7.8,94,531,50,Diane Skinner,Russell Martin," $3,74,300.36 ",374.30%,Hit,Good Performance
1820,Pick appear,Action,1975,11-07-1975,Canada," $35,78,580.85 "," $16,59,590.08 "," $35,78,580.85 "," $4,50,894.79 "," $9,09,149.74 ",3.2,41,14604,309,Philip Simmons,Catherine Rogers, $-   ,0.00%,Break_even,Average
1821,Pass human,Romance,1982,03-10-1982,USA," $38,87,966.84 "," $78,34,487.35 "," $1,44,08,987.43 "," $14,10,395.28 "," $43,79,564.69 ",6.7,45,15414,729,Jessica Gonzalez,Corey Johnson," $1,05,21,020.59 ",270.60%,Hit,Good Performance
1822,Serve story history,Thriller,2005,29-08-2005,UK," $10,30,779.74 "," $28,30,873.42 "," $46,70,845.18 "," $5,05,236.00 "," $12,14,533.51 ",7.1,89,25311,273,Bryan Murray,Christopher Rodgers," $36,40,065.44 ",353.14%,Hit,Good Performance
1823,Charge seem,Action,2010,21-11-2010,USA," $14,19,465.66 "," $38,30,504.41 "," $57,13,843.02 "," $6,98,761.65 "," $18,92,673.22 ",8.3,80,623,50,Diana Davis,Steven Green," $42,94,377.36 ",302.53%,Hit,Excellent Performance
1824,Someone on,Thriller,1994,20-09-1994,UK," $26,01,489.43 "," $39,19,431.07 "," $86,73,837.78 "," $7,24,559.92 "," $20,85,849.31 ",5.4,65,5516,296,Jacqueline Briggs,Benjamin Walters," $60,72,348.35 ",233.42%,Hit,Average
1825,Require agency,Action,1958,29-07-1958,USA," $72,74,377.91 "," $94,46,926.57 "," $2,35,45,866.42 "," $14,96,980.28 "," $43,17,000.17 ",4.5,31,5817,3322,Kim Watkins,Christopher Patterson," $1,62,71,488.51 ",223.68%,Hit,Average
1826,Series,Comedy,2018,17-01-2018,USA," $11,08,276.06 "," $21,23,698.35 "," $41,38,314.06 "," $2,77,204.49 "," $10,82,305.46 ",7.4,61,30576,477,Faith Franklin,Russell Martin," $30,30,038.00 ",273.40%,Hit,Good Performance
1827,Certain throughout produce,Action,2012,24-10-2012,USA," $59,84,965.71 "," $1,32,88,263.47 "," $2,57,34,546.45 "," $16,03,433.16 "," $53,87,436.32 ",7.8,87,1545,1553,Matthew Beck,Krystal Cross," $1,97,49,580.74 ",329.99%,Hit,Good Performance
1828,Prove fast well,Drama,2015,14-07-2015,USA," $30,24,462.01 "," $38,11,649.99 "," $61,46,150.31 "," $6,50,200.59 "," $15,56,914.86 ",6.7,58,20709,50,Jennifer Atkinson,Joseph Leon," $31,21,688.30 ",103.21%,Hit,Good Performance
1829,This its,Drama,2022,22-05-2022,USA," $15,47,907.11 "," $36,83,618.25 "," $59,83,571.14 "," $9,24,389.36 "," $21,93,966.75 ",6.4,70,29137,566,Kayla Young,Jonathan Lee," $44,35,664.03 ",286.56%,Hit,Good Performance
1830,Land customer take,Comedy,2025,07-08-2025,USA," $26,72,286.90 "," $43,03,238.55 "," $61,72,008.14 "," $12,31,155.68 "," $19,97,540.47 ",7.5,78,8418,745,Elizabeth Lane,John Perry," $34,99,721.24 ",130.96%,Hit,Good Performance
1831,Until least stage,Romance,2012,07-05-2012,France," $17,23,572.15 "," $29,69,567.19 "," $61,63,263.69 "," $5,28,473.44 "," $17,33,565.21 ",7.3,80,13926,311,Amanda Montgomery,Sarah Ross," $44,39,691.54 ",257.59%,Hit,Good Performance
1832,Conference why final,Horror,1970,23-08-1970,UK," $3,84,512.95 "," $5,38,369.83 "," $13,41,256.16 "," $1,30,331.41 "," $2,78,458.07 ",8.7,88,245,50,Robin Hooper,Stephanie Moore," $9,56,743.21 ",248.82%,Hit,Excellent Performance
1833,Perhaps low,Drama,2014,08-11-2014,China," $15,09,844.54 "," $25,44,834.18 "," $41,26,502.79 "," $7,30,174.12 "," $15,26,186.71 ",9.1,88,1853,99,Jason Jones,David Hart," $26,16,658.25 ",173.31%,Hit,Excellent Performance
1834,Talk,Drama,1971,01-12-1971,USA," $42,11,588.86 "," $28,71,442.04 "," $42,11,588.86 "," $8,30,517.88 "," $15,08,494.44 ",8.1,92,56455,10758,Patricia Munoz,Mark Jones, $-   ,0.00%,Break_even,Excellent Performance
1835,Change blue receive,Romance,2017,07-04-2017,USA," $14,38,262.71 "," $30,02,889.15 "," $61,93,201.41 "," $3,61,119.60 "," $13,53,999.34 ",6.6,62,9642,1634,Melissa Cohen,Brian Rodriguez," $47,54,938.70 ",330.60%,Hit,Good Performance
1836,Work commercial,Romance,1968,30-11-1968,USA," $11,54,272.29 "," $18,56,006.30 "," $29,10,057.22 "," $4,25,804.55 "," $9,11,025.25 ",8,58,1356,425,Ashley Medina,Dustin Jackson," $17,55,784.93 ",152.11%,Hit,Excellent Performance
1837,Street realize,Sci-Fi,1979,08-11-1979,USA," $16,17,338.58 "," $10,30,486.29 "," $16,17,338.58 "," $2,38,579.91 "," $5,31,195.91 ",7.4,82,556,3290,Gary Simmons,Shannon Hunt, $-   ,0.00%,Break_even,Good Performance
1838,Recent project,Action,2013,01-06-2013,USA," $31,58,999.25 "," $62,09,097.28 "," $1,29,67,954.62 "," $7,90,474.42 "," $30,57,842.51 ",8.8,71,2185,50,Michael Manning,Lorraine White DDS," $98,08,955.37 ",310.51%,Hit,Excellent Performance
1839,Position region should,Drama,1967,14-09-1967,USA," $41,16,081.65 "," $71,23,007.25 "," $1,57,06,305.37 "," $7,69,535.12 "," $30,58,601.73 ",8,100,790,3602,Rachel Kirby,Meghan Mcintosh," $1,15,90,223.72 ",281.58%,Hit,Excellent Performance
1840,Support shake suggest up,Comedy,2013,13-02-2013,USA," $21,90,202.74 "," $40,92,478.89 "," $84,77,872.30 "," $8,82,782.46 "," $24,27,828.38 ",6.2,61,20110,94,Donna Wagner,James Erickson," $62,87,669.56 ",287.08%,Hit,Good Performance
1841,Or series,Thriller,1980,04-03-1980,USA," $16,74,583.20 "," $14,96,343.47 "," $27,82,353.53 "," $2,08,159.37 "," $6,15,454.15 ",5.2,53,1536,5289,Jordan Orozco,Ashley French," $11,07,770.33 ",66.15%,flop,Average
1842,Wish,Documentary,1966,13-03-1966,USA," $6,23,05,841.89 "," $18,20,97,233.00 "," $26,47,74,877.40 "," $4,06,81,308.89 "," $8,77,24,745.12 ",4.5,44,8687,217,Donna Hall,Elizabeth Shannon," $20,24,69,035.51 ",324.96%,Hit,Average
1843,Specific soldier street,Sci-Fi,2021,15-01-2021,USA," $8,17,136.84 "," $5,25,274.29 "," $12,56,665.21 "," $1,10,673.00 "," $2,85,933.73 ",6.6,79,6371,466,Vanessa Fox,Richard Davis," $4,39,528.37 ",53.79%,flop,Good Performance
1844,Purpose plan southern,Horror,2021,02-11-2021,Australia," $13,47,247.57 "," $22,42,040.85 "," $42,24,532.89 "," $4,89,746.37 "," $9,57,042.18 ",8.1,72,907,285,Terry Lawrence,Christopher Rodgers," $28,77,285.32 ",213.57%,Hit,Excellent Performance
1845,Begin develop even hospital,Romance,1971,08-11-1971,USA," $48,07,029.33 "," $24,69,795.84 "," $48,07,029.33 "," $3,41,940.31 "," $13,97,298.80 ",8.8,100,2108,83,Karen Barrett,Sydney Jordan, $-   ,0.00%,Break_even,Excellent Performance
1846,Us check artist,Drama,2001,23-11-2001,USA," $1,45,24,246.58 "," $2,96,94,290.84 "," $4,81,07,468.81 "," $66,89,310.82 "," $1,23,56,854.90 ",7.9,87,928,1864,Jeremy Davis,David Martin," $3,35,83,222.23 ",231.22%,Hit,Good Performance
1847,By result else rise,Drama,2018,05-08-2018,Canada," $9,32,138.20 "," $11,14,274.93 "," $25,20,240.50 "," $2,96,899.86 "," $4,50,517.52 ",7.2,80,424,2060,Daniel Brown,Teresa Davis," $15,88,102.30 ",170.37%,Hit,Good Performance
1848,Growth collection like,Action,1999,13-03-1999,USA," $85,07,358.52 "," $1,29,27,724.07 "," $2,50,38,418.01 "," $15,25,775.96 "," $67,45,572.82 ",7,77,13602,101,Donna Hall,Joel Hunt," $1,65,31,059.49 ",194.31%,Hit,Good Performance
1849,Rich human audience,Action,2020,15-06-2020,India," $12,86,450.22 "," $32,46,422.58 "," $52,79,150.41 "," $6,12,855.44 "," $17,15,716.84 ",7.8,84,1203,78,Jessica Gonzalez,John Sullivan," $39,92,700.19 ",310.37%,Hit,Good Performance
1850,Show there plant,Thriller,1961,04-08-1961,USA," $76,42,434.20 "," $1,35,07,459.45 "," $2,17,68,538.63 "," $34,07,596.80 "," $56,90,589.20 ",7.1,54,3707,9273,David Morris,William Prince," $1,41,26,104.43 ",184.84%,Hit,Good Performance
1851,Sport discussion,Drama,2011,05-11-2011,USA," $8,62,075.71 "," $18,61,744.39 "," $36,11,655.11 "," $4,91,128.35 "," $10,44,359.70 ",4.8,52,3087,6523,Jennifer Miller,David Hart," $27,49,579.40 ",318.95%,Hit,Average
1852,Marriage,Comedy,2008,29-08-2008,USA," $7,91,693.54 "," $4,41,041.80 "," $8,16,061.89 "," $56,916.21 "," $1,98,325.78 ",7.7,63,199,111,Bryan Murray,Heather Allison," $24,368.35 ",3.08%,flop,Good Performance
1853,Cause life stuff,Drama,2020,18-03-2020,USA," $7,38,63,439.31 "," $5,64,95,916.27 "," $10,93,97,251.50 "," $1,50,41,473.76 "," $3,24,86,381.13 ",5.3,46,508,4561,Melissa Hernandez,Jason Ramos," $3,55,33,812.19 ",48.11%,flop,Average
1854,Company,Action,1995,14-05-1995,USA," $3,63,05,794.06 "," $2,23,27,555.76 "," $4,51,34,426.13 "," $60,55,692.74 "," $97,41,296.33 ",7.5,100,1350,156,Darlene Murphy,Chad Santiago," $88,28,632.07 ",24.32%,flop,Good Performance
1855,Couple people,Drama,1997,06-05-1997,USA," $43,27,391.58 "," $1,05,41,867.70 "," $1,91,56,316.49 "," $28,02,320.93 "," $48,21,356.18 ",6.7,83,236,482,Crystal Harris,Tracy Klein," $1,48,28,924.91 ",342.68%,Hit,Good Performance
1856,Rock trial score item,Drama,1975,17-09-1975,USA," $5,70,44,909.20 "," $15,30,49,478.40 "," $27,92,49,478.70 "," $3,75,58,424.03 "," $8,80,99,434.06 ",5.1,59,1768,2709,Jordan Orozco,April Murphy," $22,22,04,569.50 ",389.53%,Hit,Average
1857,Three program hard,Action,2010,19-10-2010,China," $13,82,055.22 "," $25,15,508.31 "," $37,69,923.92 "," $2,70,975.53 "," $10,91,351.54 ",2.8,14,110,188,Jerry Owens,Kathryn Stevenson," $23,87,868.70 ",172.78%,Hit,Average
1858,Blue under reduce,Horror,2014,23-08-2014,USA," $1,51,33,329.83 "," $63,80,282.17 "," $1,51,33,329.83 "," $18,99,482.08 "," $30,76,147.76 ",4.8,37,3402,997,Faith Franklin,Russell Martin, $-   ,0.00%,Break_even,Average
1859,Themselves station two,Comedy,2025,12-10-2025,USA," $29,63,759.79 "," $41,71,952.34 "," $65,37,723.29 "," $4,45,839.93 "," $19,68,967.68 ",5,51,12513,189,Brandon Fuller,Meghan Johnson," $35,73,963.50 ",120.59%,Hit,Average
1860,Party federal,Drama,2025,12-02-2025,USA," $26,48,588.90 "," $63,99,843.71 "," $1,16,77,961.44 "," $7,61,769.81 "," $36,97,299.87 ",4.9,31,1824,246,Heidi Cisneros,Julie Hoffman," $90,29,372.54 ",340.91%,Hit,Average
1861,Let forget type include,Comedy,2020,15-09-2020,USA," $3,65,473.03 "," $4,61,571.84 "," $8,94,078.91 "," $72,602.50 "," $2,72,600.07 ",6.3,60,24560,398,Robert Webster,Marissa Pena," $5,28,605.88 ",144.64%,Hit,Good Performance
1862,Thing company middle,Documentary,1998,05-10-1998,USA," $3,27,396.13 "," $2,19,477.96 "," $4,23,433.27 "," $64,574.26 "," $1,10,130.95 ",6.7,72,370,50,Jennifer Atkinson,Kathryn Stevenson," $96,037.14 ",29.33%,flop,Good Performance
1863,Few radio media,Drama,1993,06-05-1993,Canada," $46,57,550.77 "," $32,83,504.21 "," $49,20,967.37 "," $5,45,053.96 "," $17,27,354.63 ",5.7,40,214,690,David Morris,Rachel Howard," $2,63,416.60 ",5.66%,flop,Average
1864,Personal direction table you,Action,2015,21-09-2015,USA," $11,64,930.31 "," $19,54,498.75 "," $34,26,087.55 "," $2,32,837.57 "," $8,59,328.30 ",6.5,73,1114,232,Tara Underwood,John James," $22,61,157.24 ",194.10%,Hit,Good Performance
1865,Past,Romance,2001,29-01-2001,UK," $4,55,409.34 "," $2,25,382.74 "," $5,47,556.32 "," $54,143.28 "," $1,33,415.71 ",6.1,64,4235,50,Tyler Sanchez,Ashley Reeves," $92,146.98 ",20.23%,flop,Good Performance
1866,Name care,Sci-Fi,2015,02-11-2015,India," $1,23,23,790.22 "," $1,59,45,855.97 "," $3,55,63,894.85 "," $44,76,560.80 "," $95,29,061.26 ",3.9,33,6245,506,Brandon Fuller,Stephanie Cervantes," $2,32,40,104.63 ",188.58%,Hit,Average
1867,Behind region hospital,Action,2011,05-04-2011,USA," $20,62,527.56 "," $21,39,420.11 "," $37,88,903.60 "," $2,99,009.36 "," $9,33,815.11 ",6.7,64,3395,527,Paul Rogers,Alan Mullins," $17,26,376.04 ",83.70%,flop,Good Performance
1868,Machine rock,Thriller,2018,13-11-2018,Canada," $2,13,889.40 "," $3,99,790.05 "," $6,81,401.16 "," $79,404.74 "," $2,29,688.57 ",8,95,5625,4409,Darrell Carlson,Donald Benson," $4,67,511.76 ",218.58%,Hit,Excellent Performance
1869,Class natural matter I,Drama,1986,20-03-1986,USA," $8,43,272.02 "," $19,21,726.84 "," $32,67,597.99 "," $4,30,755.79 "," $9,14,341.71 ",7.7,70,1176,4147,James Wright,Jason Ramos," $24,24,325.97 ",287.49%,Hit,Good Performance
1870,Practice line,Romance,1973,17-10-1973,USA," $1,00,000.00 "," $2,14,694.92 "," $3,75,340.83 "," $23,607.12 "," $1,28,524.54 ",5,65,15026,211,Joshua Baker,Jeffrey Smith," $2,75,340.83 ",275.34%,Hit,Average
1871,Call,Comedy,1998,11-02-1998,India," $22,33,333.27 "," $39,56,244.76 "," $88,46,131.38 "," $9,91,604.73 "," $16,78,999.99 ",5.9,45,833,796,Bryan Murray,William Brooks," $66,12,798.11 ",296.10%,Hit,Average
1872,Improve risk,Romance,2006,30-04-2006,USA," $1,74,22,620.07 "," $4,77,35,163.88 "," $8,57,48,831.32 "," $91,27,836.78 "," $2,32,20,066.55 ",7.2,71,18332,116,Melissa Hernandez,Chelsea Armstrong," $6,83,26,211.25 ",392.17%,Hit,Good Performance
1873,Reflect dream sense,Drama,2001,29-12-2001,USA," $28,19,705.26 "," $48,42,821.51 "," $1,16,13,077.29 "," $7,69,347.83 "," $24,68,677.75 ",4.4,50,1613,77202,Lori Callahan,Jeffrey Jenkins," $87,93,372.03 ",311.85%,Hit,Average
1874,Capital health,Drama,2016,22-12-2016,USA," $14,65,579.51 "," $38,41,291.21 "," $70,53,133.96 "," $8,71,610.76 "," $20,86,772.44 ",7,82,6936,395,Carolyn Schwartz,Miss Jennifer Parsons," $55,87,554.45 ",381.25%,Hit,Good Performance
1875,Minute eye,Horror,1974,30-08-1974,USA," $20,69,875.53 "," $37,22,085.56 "," $56,28,768.56 "," $6,07,372.39 "," $15,73,302.70 ",8,87,1653,106,Michael Manning,Timothy George," $35,58,893.03 ",171.94%,Hit,Excellent Performance
1876,Unit end,Romance,1981,05-06-1981,USA," $31,53,892.72 "," $76,36,803.71 "," $1,11,70,045.95 "," $8,27,604.87 "," $36,61,832.00 ",5.2,61,1410,722,Albert Phillips,Jessica Scott," $80,16,153.23 ",254.17%,Hit,Average
1877,Five without answer,Comedy,2020,23-07-2020,USA," $20,23,511.42 "," $49,68,371.22 "," $97,28,653.39 "," $13,57,400.27 "," $25,26,084.88 ",8.1,75,228,124,Adriana Campbell,Michael Ramirez," $77,05,141.97 ",380.78%,Hit,Excellent Performance
1878,Guy also,Comedy,2009,11-11-2009,USA," $1,57,767.85 "," $2,07,715.78 "," $4,77,407.28 "," $27,599.71 "," $1,08,539.54 ",4.5,53,4520,270,Anthony Henry,Mr. Michael Snyder," $3,19,639.43 ",202.60%,Hit,Average
1879,Interesting or matter wind,Romance,2023,03-04-2023,Australia," $6,45,920.27 "," $7,03,744.81 "," $10,30,088.53 "," $2,06,252.44 "," $3,75,271.98 ",6.6,83,5066,12248,Charlotte Williams,Carl Schneider," $3,84,168.26 ",59.48%,flop,Good Performance
1880,Again sign window,Drama,2024,02-10-2024,USA," $94,64,438.61 "," $1,01,67,568.79 "," $1,73,96,057.26 "," $26,43,222.30 "," $47,27,496.74 ",7.9,65,8427,10011,Susan Farley,Trevor Lee," $79,31,618.65 ",83.80%,flop,Good Performance
1881,Face pressure,Drama,2006,14-04-2006,USA," $31,13,000.45 "," $16,68,274.59 "," $41,62,805.14 "," $3,02,765.78 "," $8,55,593.55 ",5.2,60,352,1241,Michael Richards,Kelly Horn," $10,49,804.69 ",33.72%,flop,Average
1882,Commercial movement page,Comedy,2007,28-08-2007,USA," $8,55,494.67 "," $17,71,377.34 "," $27,62,501.47 "," $2,05,193.99 "," $10,11,682.34 ",7.6,82,18276,276,Karen Robinson,Joy Huber," $19,07,006.80 ",222.91%,Hit,Good Performance
1883,Plant young station,Documentary,1952,25-08-1952,USA," $8,04,449.60 "," $17,15,302.95 "," $30,28,913.96 "," $1,78,021.97 "," $9,61,938.89 ",4.1,48,19490,50,Daniel Brown,William Prince," $22,24,464.36 ",276.52%,Hit,Average
1884,Seem treatment,Comedy,2006,24-10-2006,UK," $5,21,763.55 "," $6,83,295.25 "," $13,38,644.78 "," $1,68,489.56 "," $3,70,245.39 ",3.2,29,42167,3678,Brenda Smith,Elizabeth Shannon," $8,16,881.23 ",156.56%,Hit,Average
1885,Democrat government natural,Drama,1956,01-03-1956,USA," $17,33,207.29 "," $36,54,641.47 "," $65,17,445.85 "," $10,43,550.30 "," $18,14,848.60 ",4.6,43,435,50,David Lee,Amanda Rivas," $47,84,238.56 ",276.03%,Hit,Average
1886,But history best,Romance,2013,09-09-2013,USA," $1,02,89,123.30 "," $1,43,78,553.47 "," $2,68,49,139.44 "," $31,16,861.23 "," $72,00,889.40 ",5.4,61,4872,689,Samantha Campbell,John Barker," $1,65,60,016.14 ",160.95%,Hit,Average
1887,Manager present most,Horror,2021,04-08-2021,UK," $1,14,34,232.14 "," $1,54,59,997.15 "," $2,69,26,495.91 "," $38,83,910.24 "," $77,26,166.66 ",7,70,10193,50,John Jones,Robin Dawson," $1,54,92,263.77 ",135.49%,Hit,Good Performance
1888,Worry third,Documentary,1970,09-05-1970,USA," $28,83,274.51 "," $38,61,858.68 "," $61,69,385.17 "," $6,15,533.13 "," $17,27,551.46 ",4.4,50,589,489,Chad Koch,Joshua Willis," $32,86,110.66 ",113.97%,Hit,Average
1889,Land federal bed popular,Documentary,2020,08-11-2020,India," $25,37,575.39 "," $12,87,708.04 "," $25,37,575.39 "," $3,24,719.12 "," $7,33,486.77 ",6.8,57,2931,572,Karen Barrett,Joel Hunt, $-   ,0.00%,Break_even,Good Performance
1890,Case onto drop,Comedy,1972,03-09-1972,USA," $38,32,270.49 "," $45,96,907.49 "," $82,73,622.00 "," $5,18,334.98 "," $27,40,278.84 ",8.1,76,1218,59,Terry Lawrence,Kimberly Smith," $44,41,351.51 ",115.89%,Hit,Excellent Performance
1891,Serve hundred,Drama,2000,02-02-2000,USA," $8,09,22,579.12 "," $16,01,67,640.80 "," $33,08,31,650.20 "," $1,98,72,381.80 "," $7,57,74,303.95 ",6.9,56,740,9817,Karen Robinson,Seth Smith," $24,99,09,071.08 ",308.82%,Hit,Good Performance
1892,Employee interesting,Romance,1997,12-02-1997,India," $20,05,744.36 "," $31,88,965.17 "," $66,73,273.85 "," $4,93,480.90 "," $14,95,298.74 ",8.2,80,3481,68,Jonathan Evans,Miss Jennifer Parsons," $46,67,529.49 ",232.71%,Hit,Excellent Performance
1893,Population section,Drama,1981,18-01-1981,USA," $12,40,877.33 "," $11,66,747.03 "," $19,44,041.06 "," $2,64,489.40 "," $6,79,961.93 ",5.2,55,5889,50,Patricia Munoz,Larry Bishop," $7,03,163.73 ",56.67%,flop,Average
1894,Official after focus,Romance,2023,25-01-2023,USA," $18,61,685.14 "," $19,27,328.16 "," $38,58,446.90 "," $4,96,831.38 "," $11,33,691.51 ",9.5,100,4978,121,Robert Webster,Joseph Gonzalez," $19,96,761.76 ",107.26%,Hit,Excellent Performance
1895,Win stand language,Action,1985,21-08-1985,USA," $75,74,924.00 "," $36,62,614.17 "," $75,74,924.00 "," $10,36,214.05 "," $17,56,903.70 ",8.9,87,1576,67,Alyssa Adams,Logan Martin, $-   ,0.00%,Break_even,Excellent Performance
1896,Social,Action,2010,06-07-2010,USA," $5,17,892.02 "," $17,33,340.25 "," $24,92,013.42 "," $4,87,644.80 "," $7,22,658.38 ",8.3,89,152,50,Rachel Kirby,Monica Nelson MD," $19,74,121.40 ",381.18%,Hit,Excellent Performance
1897,Instead fact design,Horror,2019,19-01-2019,USA," $11,65,134.05 "," $12,76,329.17 "," $21,91,801.21 "," $2,19,666.71 "," $5,52,528.73 ",5.5,53,688,259,Lori Callahan,Tracy Klein," $10,26,667.16 ",88.12%,flop,Average
1898,Another information catch,Drama,2008,18-04-2008,India," $41,32,184.47 "," $27,79,386.84 "," $41,32,184.47 "," $4,28,144.71 "," $16,61,948.80 ",8.6,85,116475,50,Joseph Willis,Joseph Gonzalez, $-   ,0.00%,Break_even,Excellent Performance
1899,Development level,Action,2013,07-04-2013,USA," $8,64,577.15 "," $8,08,340.38 "," $12,01,167.86 "," $1,36,455.63 "," $3,91,120.96 ",6.2,82,8485,4522,Andrew Chambers,John Jones," $3,36,590.71 ",38.93%,flop,Good Performance
1900,Admit box,Comedy,1971,20-12-1971,USA," $39,14,125.38 "," $1,03,97,140.53 "," $1,62,51,940.79 "," $17,72,337.33 "," $46,03,787.67 ",6.7,73,1088,50,Terry Lawrence,Robert Walker," $1,23,37,815.41 ",315.21%,Hit,Good Performance
1901,Investment one factor,Horror,1991,03-03-1991,USA," $52,53,054.91 "," $69,91,498.18 "," $1,39,57,817.21 "," $10,05,999.22 "," $40,27,454.96 ",6.6,63,9158,50,Gary Simmons,Dennis Rogers," $87,04,762.30 ",165.71%,Hit,Good Performance
1902,Attack mission,Action,1996,08-06-1996,India," $57,35,606.87 "," $1,52,66,186.39 "," $2,72,11,677.65 "," $24,99,768.01 "," $68,25,689.14 ",8.8,98,5700,12659,Christopher Roach,Timothy George," $2,14,76,070.78 ",374.43%,Hit,Excellent Performance
1903,Administration claim democratic,Action,1996,27-07-1996,China," $40,88,046.56 "," $42,61,158.67 "," $63,31,852.17 "," $11,75,015.31 "," $18,05,667.88 ",7.2,88,1280,580,Rachel Hayes,April Murphy," $22,43,805.61 ",54.89%,flop,Good Performance
1904,Purpose heart thank,Drama,1960,05-03-1960,USA," $51,41,942.05 "," $21,47,116.73 "," $51,41,942.05 "," $2,28,643.12 "," $10,36,282.31 ",4.9,51,6746,381,David Hall,Victoria Phillips, $-   ,0.00%,Break_even,Average
1905,Measure stage,Drama,2013,10-11-2013,USA," $1,26,05,666.55 "," $95,73,542.06 "," $1,91,55,758.22 "," $27,66,446.54 "," $41,87,655.11 ",5.8,54,634,588,Oscar Santos,David Castillo," $65,50,091.67 ",51.96%,flop,Average
1906,Suggest wear nearly,Drama,2021,26-05-2021,USA," $3,15,59,682.14 "," $3,37,60,674.78 "," $5,22,26,351.95 "," $38,35,102.62 "," $1,99,81,199.31 ",5.4,42,3635,342,Judy Walker,Donald Benson," $2,06,66,669.81 ",65.48%,flop,Average
1907,Expect my exist,Comedy,2007,28-08-2007,USA," $1,09,32,103.01 "," $91,42,561.39 "," $1,61,13,681.56 "," $21,45,097.45 "," $48,11,230.85 ",6.9,68,14221,1018,Mr. Drew Clark Jr.,Miss Jennifer Parsons," $51,81,578.55 ",47.40%,flop,Good Performance
1908,Young,Documentary,1963,11-10-1963,USA," $34,57,655.46 "," $54,76,597.56 "," $90,56,663.92 "," $15,16,700.56 "," $24,00,680.66 ",6.5,76,397,89,Daniel Rivera,Olivia Ortiz," $55,99,008.46 ",161.93%,Hit,Good Performance
1909,Open seem pattern,Drama,1976,16-12-1976,USA," $1,82,88,401.80 "," $2,47,09,433.21 "," $3,74,69,035.99 "," $44,35,731.41 "," $1,15,55,302.62 ",4.5,45,372,685,Robert Webster,Dalton Johnson," $1,91,80,634.19 ",104.88%,Hit,Average
1910,Study across let state,Thriller,2021,14-09-2021,USA," $15,46,146.88 "," $30,55,494.13 "," $52,91,775.24 "," $8,10,669.27 "," $14,41,606.41 ",4.5,28,192,15250,Jennifer Willis,Dennis Rogers," $37,45,628.36 ",242.26%,Hit,Average
1911,Head best,Horror,2006,23-06-2006,USA," $70,88,335.61 "," $1,18,70,562.68 "," $2,30,02,278.05 "," $32,34,644.51 "," $51,77,458.19 ",6.4,64,4781,688,Brandon Fuller,Joy Huber," $1,59,13,942.44 ",224.51%,Hit,Good Performance
1912,A use education,Drama,1982,22-08-1982,USA," $65,48,250.10 "," $70,87,966.27 "," $1,28,07,993.27 "," $12,60,771.69 "," $39,71,180.58 ",7.5,77,18236,50,James Wright,Brian Gentry," $62,59,743.17 ",95.59%,flop,Good Performance
1913,Join these,Romance,1985,08-12-1985,USA," $45,91,457.45 "," $59,01,478.76 "," $1,09,36,361.19 "," $11,46,803.69 "," $33,33,919.77 ",6.2,64,1134,163,Paul Weiss,Derrick Smith," $63,44,903.74 ",138.19%,Hit,Good Performance
1914,Address buy cold,Comedy,2003,09-08-2003,USA," $1,30,39,866.30 "," $54,23,427.70 "," $1,31,89,762.33 "," $8,70,218.14 "," $25,15,638.03 ",8.4,72,804,217,Lori Callahan,Melissa Lopez," $1,49,896.03 ",1.15%,flop,Excellent Performance
1915,Model western,Action,1997,18-10-1997,Australia," $1,16,91,682.21 "," $1,58,43,389.84 "," $3,64,80,317.79 "," $19,46,983.95 "," $71,88,830.25 ",4.6,73,1104,53,Christian Hernandez,Dennis Perry," $2,47,88,635.58 ",212.02%,Hit,Average
1916,Add education candidate,Sci-Fi,1953,20-06-1953,Japan," $6,35,245.00 "," $4,61,839.27 "," $7,19,674.68 "," $61,355.43 "," $2,33,429.23 ",6.2,64,19446,68,Paul Weiss,Joel Hunt," $84,429.68 ",13.29%,flop,Good Performance
1917,Senior time to him,Drama,1989,24-11-1989,USA," $9,19,927.75 "," $12,37,218.58 "," $28,33,508.88 "," $1,62,478.76 "," $7,28,978.75 ",7.6,92,2077,1086,Jeremy Davis,Brooke Stanley," $19,13,581.13 ",208.01%,Hit,Good Performance
1918,Increase probably blue,Comedy,2015,05-08-2015,Japan," $5,96,43,603.90 "," $4,69,04,405.75 "," $8,06,45,066.60 "," $1,12,00,151.89 "," $2,28,34,780.92 ",4.8,39,6214,50,Adriana Campbell,Sheila Dunn," $2,10,01,462.70 ",35.21%,flop,Average
1919,Item moment perhaps form,Drama,1951,21-05-1951,USA," $19,27,986.84 "," $30,12,665.72 "," $57,07,621.12 "," $4,98,571.20 "," $12,97,753.95 ",6.4,71,215,372,Colleen Willis,Kevin Fernandez," $37,79,634.28 ",196.04%,Hit,Good Performance
1920,Parent identify gun,Romance,2025,14-12-2025,UK," $20,88,434.00 "," $17,30,530.96 "," $27,38,246.93 "," $4,98,974.18 "," $10,20,125.35 ",8.5,93,1082,67,Christopher Roach,Karen Shaffer," $6,49,812.93 ",31.11%,flop,Excellent Performance
1921,Market,Comedy,2016,14-10-2016,India," $10,69,125.49 "," $7,46,702.50 "," $11,85,631.41 "," $2,00,989.94 "," $3,10,484.65 ",7.6,84,8527,1078,Brian Robinson,Christopher Patterson," $1,16,505.92 ",10.90%,flop,Good Performance
1922,Get although draw,Drama,1983,22-10-1983,Canada," $10,25,206.66 "," $12,22,341.42 "," $30,20,707.61 "," $2,23,225.72 "," $4,94,237.97 ",6.6,72,3398,1079,Karen Smith,Thomas Hill," $19,95,500.95 ",194.64%,Hit,Good Performance
1923,Argue medical event,Drama,2015,10-12-2015,China," $9,67,451.89 "," $23,42,950.10 "," $35,82,435.93 "," $5,33,172.02 "," $13,73,358.75 ",6.9,75,14525,490,Jeremy Davis,Andrew Lyons," $26,14,984.04 ",270.30%,Hit,Good Performance
1924,Inside phone president,Horror,2003,26-04-2003,UK," $1,48,17,517.57 "," $62,73,003.70 "," $1,48,17,517.57 "," $16,19,518.95 "," $36,67,432.52 ",7.3,80,948,175,Colleen Willis,Michelle Thomas, $-   ,0.00%,Break_even,Good Performance
1925,Something,Comedy,2024,17-07-2024,USA," $59,88,151.66 "," $39,80,936.38 "," $90,99,470.26 "," $5,00,437.42 "," $21,16,777.21 ",7.6,93,1521,791,Oscar Santos,Sherry Turner," $31,11,318.60 ",51.96%,flop,Good Performance
1926,Manager difficult such ball,Comedy,1969,30-05-1969,USA," $12,98,290.63 "," $18,32,192.75 "," $32,10,624.50 "," $4,28,670.16 "," $9,44,754.15 ",8,91,1365,262,Roberto Underwood,Kimberly Smith," $19,12,333.87 ",147.30%,Hit,Excellent Performance
1927,Culture rather,Action,2019,30-07-2019,USA," $14,36,346.50 "," $16,61,938.04 "," $30,85,740.32 "," $4,46,411.76 "," $7,67,060.21 ",8.4,82,6518,195,Melissa Cohen,Christopher Patterson," $16,49,393.82 ",114.83%,Hit,Excellent Performance
1928,Rule medical yard,Thriller,2021,15-06-2021,France," $1,73,14,510.63 "," $2,78,44,435.52 "," $4,75,67,881.87 "," $68,78,102.45 "," $1,31,03,949.61 ",4.4,54,1071,1814,Philip Simmons,Matthew Simmons," $3,02,53,371.24 ",174.73%,Hit,Average
1929,Public,Thriller,2017,02-02-2017,China," $1,00,000.00 "," $1,69,770.08 "," $2,86,414.13 "," $35,647.81 "," $1,01,710.24 ",6.7,86,10997,419,Jeremy Ray,Jeffrey Sharp," $1,86,414.13 ",186.41%,Hit,Good Performance
1930,Also wait turn,Romance,2015,20-06-2015,USA," $2,61,82,028.02 "," $4,42,38,775.21 "," $9,62,15,335.46 "," $1,09,39,632.51 "," $2,35,38,757.19 ",8.4,80,4401,50,David Lee,Michael Torres," $7,00,33,307.44 ",267.49%,Hit,Excellent Performance
1931,Lawyer size,Horror,2003,04-06-2003,Canada," $11,58,160.54 "," $16,06,743.81 "," $27,15,004.52 "," $3,03,254.41 "," $8,20,265.57 ",5.3,37,1519,50,John Jones,Lucas Collins," $15,56,843.98 ",134.42%,Hit,Average
1932,Religious administration,Thriller,2024,04-06-2024,USA," $38,25,087.52 "," $61,94,547.82 "," $1,15,83,858.12 "," $15,78,766.30 "," $31,08,409.50 ",6.3,47,2097,160,Jessica Singh,Benjamin Mitchell," $77,58,770.60 ",202.84%,Hit,Good Performance
1933,Paper,Sci-Fi,2015,06-07-2015,USA," $2,28,654.53 "," $4,26,413.49 "," $8,10,139.31 "," $71,474.72 "," $1,87,547.56 ",5.6,55,674,52,Patricia Munoz,Gabriel Mathis," $5,81,484.78 ",254.31%,Hit,Average
1934,Much seem,Drama,2014,06-02-2014,USA," $16,00,075.82 "," $49,82,764.26 "," $78,35,181.07 "," $8,53,838.66 "," $25,75,902.19 ",8.2,75,6781,536,Diane Skinner,Cindy Barnes," $62,35,105.25 ",389.68%,Hit,Excellent Performance
1935,Both beyond feeling coach,Drama,2014,28-09-2014,USA," $28,64,310.40 "," $40,46,858.37 "," $77,69,824.98 "," $8,27,323.11 "," $20,06,613.37 ",3.9,45,9478,83,Jordan Orozco,Valerie Dennis," $49,05,514.58 ",171.26%,Hit,Average
1936,Rich throughout himself,Documentary,2024,14-09-2024,China," $6,94,624.09 "," $13,62,694.96 "," $20,34,296.69 "," $3,67,689.91 "," $7,60,327.20 ",3.7,33,2679,232,Kim Watkins,Shawna Bryant," $13,39,672.60 ",192.86%,Hit,Average
1937,Operation others better,Drama,2021,02-07-2021,USA," $62,43,429.59 "," $87,87,398.79 "," $1,72,87,828.47 "," $25,53,101.93 "," $43,38,683.47 ",5.1,40,9762,445,Kristina Moore,Ronald Thompson DDS," $1,10,44,398.88 ",176.90%,Hit,Average
1938,Per early,Sci-Fi,2018,03-01-2018,USA," $5,14,404.26 "," $15,90,582.50 "," $24,28,398.04 "," $4,23,449.59 "," $9,10,706.41 ",7.1,78,11202,2353,William Walker,Nicole Dawson," $19,13,993.78 ",372.08%,Hit,Good Performance
1939,Describe air us,Drama,1973,08-04-1973,USA," $1,95,31,376.78 "," $1,02,72,685.25 "," $2,03,80,459.61 "," $28,29,287.54 "," $49,39,717.01 ",5.6,62,765,1724,David Perez,Jessica Scott," $8,49,082.83 ",4.35%,flop,Average
1940,Policy whose threat,Drama,2024,11-03-2024,France," $37,01,280.68 "," $15,26,603.75 "," $37,01,280.68 "," $4,47,400.86 "," $8,02,155.27 ",7.7,83,5024,2068,Sean Howard,Rodney Smith, $-   ,0.00%,Break_even,Good Performance
1941,Store top establish,Horror,1989,06-12-1989,USA," $21,30,349.79 "," $70,32,974.89 "," $1,01,41,451.56 "," $19,40,272.41 "," $37,58,205.73 ",5,65,1973,50,David Rosales,Krystal Cross," $80,11,101.77 ",376.05%,Hit,Average
1942,Lay recognize,Action,2022,27-05-2022,USA," $62,12,130.44 "," $1,08,37,163.42 "," $1,64,31,657.81 "," $28,87,501.30 "," $58,17,932.69 ",7.3,50,848,161955,Amanda Cantrell,Mathew Castillo," $1,02,19,527.37 ",164.51%,Hit,Good Performance
1943,Fire,Comedy,2000,20-08-2000,UK," $12,62,723.53 "," $22,21,777.95 "," $48,34,274.99 "," $5,47,912.48 "," $12,62,926.62 ",9.5,96,100,4712,Lisa Atkins,David Perez," $35,71,551.46 ",282.85%,Hit,Excellent Performance
1944,Wait,Drama,2012,31-03-2012,USA," $3,30,023.48 "," $7,69,160.42 "," $14,79,340.54 "," $1,09,420.85 "," $3,43,888.92 ",8.8,87,2657,56,Darlene Murphy,Michael Martinez," $11,49,317.06 ",348.25%,Hit,Excellent Performance
1945,Enough civil various,Drama,2012,18-01-2012,USA," $4,75,636.80 "," $10,83,674.90 "," $18,78,500.56 "," $2,59,801.19 "," $4,50,500.65 ",5.6,46,5087,293,Tracy Tucker,Amber Willis," $14,02,863.76 ",294.94%,Hit,Average
1946,Material election note cause,Comedy,1998,01-04-1998,USA," $4,89,239.79 "," $9,13,020.06 "," $13,38,680.77 "," $2,23,797.67 "," $5,18,373.87 ",3.1,21,4292,208,Shannon Ross,Samuel Bond MD," $8,49,440.98 ",173.62%,Hit,Average
1947,Direction job,Documentary,2013,11-07-2013,USA," $1,99,27,738.70 "," $4,90,36,769.49 "," $8,49,86,580.18 "," $99,08,789.27 "," $2,84,51,821.17 ",5.3,54,621,3244,Francisco Ford,Dr. Edward Smith," $6,50,58,841.48 ",326.47%,Hit,Average
1948,Same lay,Comedy,1988,26-04-1988,USA," $4,07,473.32 "," $5,80,208.71 "," $14,29,325.47 "," $1,56,569.66 "," $3,01,375.82 ",7,62,7121,3015,William Banks,Mark Jones," $10,21,852.15 ",250.78%,Hit,Good Performance
1949,Determine concern,Comedy,2024,04-06-2024,Canada," $1,80,16,485.14 "," $3,47,23,529.89 "," $6,97,07,154.44 "," $73,87,964.88 "," $1,70,55,589.38 ",6.7,67,3385,324,Tyler Sanchez,Johnathan Chen," $5,16,90,669.30 ",286.91%,Hit,Good Performance
1950,Law like,Thriller,1979,18-03-1979,France," $30,41,973.40 "," $54,21,483.16 "," $1,06,91,552.84 "," $10,59,082.65 "," $31,56,107.84 ",8.3,78,3493,2544,Caitlin Brewer,Richard Miller," $76,49,579.44 ",251.47%,Hit,Excellent Performance
1951,Little oil war,Action,1962,12-03-1962,USA," $26,26,565.07 "," $71,83,238.47 "," $1,17,13,548.43 "," $11,67,806.02 "," $29,49,834.32 ",6.5,74,10732,19806,Jennifer Willis,Derek Jones," $90,86,983.36 ",345.96%,Hit,Good Performance
1952,Work,Documentary,2017,10-06-2017,USA," $29,65,851.58 "," $18,73,588.78 "," $29,65,851.58 "," $2,49,119.79 "," $9,24,835.68 ",3.6,48,149,50,Kayla Young,Brittany Kelly, $-   ,0.00%,Break_even,Average
1953,Him argue spend,Drama,2011,15-05-2011,USA," $2,85,44,594.71 "," $5,57,23,937.88 "," $10,51,35,813.10 "," $1,38,56,980.54 "," $2,32,65,170.85 ",8.4,89,60258,1380,Amanda Cantrell,Sarah Ross," $7,65,91,218.39 ",268.32%,Hit,Excellent Performance
1954,Near television meeting,Drama,2000,09-01-2000,USA," $9,59,483.91 "," $20,43,254.65 "," $35,74,297.70 "," $2,24,316.35 "," $10,56,612.31 ",7.3,85,565,2085,James Miller,Jennifer Richards," $26,14,813.79 ",272.52%,Hit,Good Performance
1955,Score by attorney,Thriller,2019,15-09-2019,India," $12,02,004.11 "," $16,84,003.62 "," $39,83,779.79 "," $3,88,753.15 "," $8,52,746.16 ",6.8,75,2137,50,Kim Watkins,Jimmy Miller," $27,81,775.68 ",231.43%,Hit,Good Performance
1956,Magazine model degree side,Drama,2021,25-04-2021,USA," $6,58,958.75 "," $13,92,275.44 "," $24,69,245.48 "," $3,30,803.07 "," $7,02,092.10 ",7.6,84,12552,761,Kevin Green,William Crawford," $18,10,286.73 ",274.72%,Hit,Good Performance
1957,Two actually,Comedy,2000,07-06-2000,USA," $3,40,72,798.23 "," $6,10,24,509.83 "," $11,67,70,801.00 "," $1,76,13,536.38 "," $2,93,92,745.23 ",5.8,58,880,948,David Lee,Sandra Spears," $8,26,98,002.77 ",242.71%,Hit,Average
1958,Dog eat carry,Horror,2014,08-12-2014,USA," $12,03,693.61 "," $32,91,344.89 "," $48,85,413.65 "," $9,63,126.50 "," $16,68,145.10 ",6.6,72,6049,133,Jeffrey Myers MD,Kimberly Ray," $36,81,720.04 ",305.87%,Hit,Good Performance
1959,Need onto agree,Comedy,2012,24-06-2012,USA," $1,02,16,059.66 "," $2,19,99,697.53 "," $4,80,06,504.45 "," $64,11,841.79 "," $96,16,934.31 ",5.2,52,23031,431,Sara Higgins,Joseph Contreras," $3,77,90,444.79 ",369.91%,Hit,Average
1960,Save throughout,Romance,1992,25-04-1992,USA," $2,21,80,283.34 "," $1,81,63,162.32 "," $2,90,73,056.33 "," $39,15,693.36 "," $77,68,487.40 ",5.7,49,2404,1985,Robert Hendricks,Kimberly Ramirez," $68,92,772.99 ",31.08%,flop,Average
1961,Local walk street,Action,1957,29-07-1957,China," $1,95,58,012.66 "," $4,52,64,676.17 "," $8,21,24,087.92 "," $1,15,96,983.76 "," $2,50,42,775.62 ",6.1,58,15970,55,Sharon Wilson,William Brooks," $6,25,66,075.26 ",319.90%,Hit,Good Performance
1962,Manager difficult such ball,Horror,1996,12-12-1996,USA," $3,48,20,888.70 "," $8,23,67,902.31 "," $13,02,46,158.10 "," $1,78,20,398.97 "," $4,56,06,742.32 ",5.6,41,377,1284,Jennifer Miller,Joshua Walker," $9,54,25,269.40 ",274.05%,Hit,Average
1963,Special cold near,Documentary,1980,05-02-1980,USA," $3,71,34,291.48 "," $2,54,67,321.67 "," $3,71,34,291.48 "," $55,33,627.05 "," $1,13,39,288.32 ",8.7,71,3390,205,Vanessa Fox,Valerie Dennis, $-   ,0.00%,Break_even,Excellent Performance
1964,Whatever specific cup,Drama,1991,28-01-1991,USA," $16,70,644.13 "," $35,02,423.46 "," $55,99,416.31 "," $5,25,228.27 "," $14,41,976.40 ",6.8,81,3419,226,Robert Webster,Andrew Lyons," $39,28,772.18 ",235.17%,Hit,Good Performance
1965,Second light visit,Romance,1967,09-07-1967,USA," $51,34,218.27 "," $1,05,22,370.49 "," $2,03,45,415.36 "," $30,55,533.36 "," $49,49,717.13 ",6.9,66,10135,50,Ryan Tate,Carl Schneider," $1,52,11,197.09 ",296.27%,Hit,Good Performance
1966,Baby until,Drama,2015,31-01-2015,USA," $2,49,700.79 "," $1,57,920.67 "," $2,49,700.79 "," $38,849.77 "," $83,847.39 ",3.9,50,147,3048,Kristina Moore,Jennifer Leach, $-   ,0.00%,Break_even,Average
1967,Wonder international,Comedy,1976,16-03-1976,Australia," $2,07,36,850.64 "," $4,59,97,658.29 "," $8,32,92,909.53 "," $1,06,67,290.28 "," $2,55,46,808.42 ",7.1,78,4559,361,Judy Walker,David Perez," $6,25,56,058.89 ",301.67%,Hit,Good Performance
1968,Company partner,Drama,1981,10-11-1981,USA," $5,22,371.66 "," $3,87,404.86 "," $9,25,235.38 "," $1,09,873.65 "," $1,94,099.88 ",8.2,75,8157,902,Suzanne Gonzalez,Seth Smith," $4,02,863.72 ",77.12%,flop,Excellent Performance
1969,Building every of,Romance,1990,26-07-1990,UK," $3,95,94,100.45 "," $9,52,21,302.09 "," $16,27,41,025.60 "," $2,40,72,922.53 "," $4,41,42,502.05 ",10,92,1178,604,Diana Davis,Robin Dawson," $12,31,46,925.15 ",311.02%,Hit,Excellent Performance
1970,Season wait return,Drama,2005,22-04-2005,USA," $1,92,467.65 "," $1,14,109.55 "," $2,23,953.58 "," $17,381.47 "," $68,039.79 ",4.8,45,50847,347,Donna Wagner,Sabrina Massey," $31,485.93 ",16.36%,flop,Average
1971,Close five bar fish,Action,2007,22-12-2007,USA," $1,00,000.00 "," $2,05,257.62 "," $3,33,123.18 "," $25,986.37 "," $98,536.48 ",6.9,55,3824,812,Maria Lane,Joy Huber," $2,33,123.18 ",233.12%,Hit,Good Performance
1972,Stay reveal,Drama,2005,09-01-2005,USA," $6,34,57,165.96 "," $2,67,03,828.91 "," $6,34,57,165.96 "," $30,87,029.07 "," $1,56,17,849.23 ",5.3,57,5760,439,Mr. Jorge Anderson,Dominique Aguirre, $-   ,0.00%,Break_even,Average
1973,Support big investment,Action,1968,28-06-1968,USA," $1,38,27,577.50 "," $1,48,68,786.35 "," $2,93,65,185.90 "," $16,19,249.55 "," $73,90,910.82 ",9.2,93,14904,12790,Amanda Cantrell,Patricia Keller," $1,55,37,608.40 ",112.37%,Hit,Excellent Performance
1974,Prove imagine address over,Comedy,1953,12-06-1953,USA," $6,41,76,101.65 "," $2,68,48,791.60 "," $6,41,76,101.65 "," $46,50,164.51 "," $1,12,95,887.70 ",4.4,44,22032,50,Mrs. Hannah Campbell DDS,Anna Vasquez, $-   ,0.00%,Break_even,Average
1975,Become evidence just,Horror,2024,12-12-2024,USA," $8,45,908.02 "," $21,52,863.00 "," $31,93,851.90 "," $5,53,621.82 "," $9,73,100.19 ",7.1,69,4664,91,Brooke Morales,William Washington," $23,47,943.88 ",277.56%,Hit,Good Performance
1976,Interest cut,Romance,1954,24-05-1954,USA," $17,07,299.62 "," $18,93,877.64 "," $31,35,624.23 "," $4,90,941.75 "," $8,76,169.49 ",4.1,59,3676,50,David Morris,David Castillo," $14,28,324.61 ",83.66%,flop,Average
1977,Similar off,Comedy,2012,29-09-2012,USA," $46,40,252.52 "," $24,36,241.59 "," $46,40,252.52 "," $3,76,389.48 "," $14,08,382.39 ",7.9,87,88608,65,Jacqueline Briggs,Michael Ramirez, $-   ,0.00%,Break_even,Good Performance
1978,Wait,Documentary,1978,03-04-1978,USA," $31,05,177.97 "," $18,65,680.00 "," $31,70,189.30 "," $4,79,395.25 "," $9,98,435.48 ",5.4,44,2697,1281,Dr. Michael Monroe,David Lopez," $65,011.33 ",2.09%,flop,Average
1979,Plant young station,Comedy,1967,25-07-1967,USA," $5,64,400.13 "," $14,07,226.13 "," $27,87,012.89 "," $2,64,181.56 "," $5,97,961.62 ",4.6,45,1474,592,Maria Lane,Jonathan Lee," $22,22,612.76 ",393.80%,Hit,Average
1980,Hand no use,Action,1991,04-03-1991,USA," $1,93,03,292.57 "," $2,77,65,373.78 "," $5,66,91,968.54 "," $48,78,682.32 "," $1,25,79,586.08 ",5.3,42,7063,442,Amber Anderson,Lorraine White DDS," $3,73,88,675.97 ",193.69%,Hit,Average
1981,Might other,Action,2009,25-10-2009,USA," $27,57,074.75 "," $15,75,593.46 "," $27,57,074.75 "," $2,15,524.24 "," $8,77,691.24 ",4.4,45,4072,168,Elizabeth Lane,Victoria Phillips, $-   ,0.00%,Break_even,Average
1982,Step Mrs,Romance,2012,06-09-2012,USA," $98,14,843.76 "," $1,86,71,706.04 "," $3,43,51,386.92 "," $52,74,711.41 "," $98,17,537.40 ",4.8,39,2015,790,Nathan Bolton,Christopher Benson," $2,45,36,543.16 ",249.99%,Hit,Average
1983,Message according information poor,Action,2014,13-04-2014,China," $21,23,289.07 "," $30,61,529.94 "," $60,84,440.04 "," $6,62,260.92 "," $16,35,132.02 ",8,82,3794,61,Matthew Beck,John Jones," $39,61,150.97 ",186.56%,Hit,Excellent Performance
1984,Worry marriage number,Action,1986,14-07-1986,USA," $56,52,253.94 "," $37,30,461.20 "," $56,52,253.94 "," $4,37,835.22 "," $15,27,728.70 ",8,88,2974,343,Jordan Orozco,Kathryn Stevenson, $-   ,0.00%,Break_even,Excellent Performance
1985,Rather page,Action,2018,14-01-2018,Canada," $2,87,57,640.21 "," $7,39,85,890.35 "," $12,42,23,893.40 "," $1,50,40,242.97 "," $3,71,38,462.30 ",9.2,82,348,50,Nicholas Murphy,Larry Bishop," $9,54,66,253.19 ",331.97%,Hit,Excellent Performance
1986,Region cell,Sci-Fi,2022,25-03-2022,USA," $1,02,79,081.99 "," $1,61,37,024.47 "," $3,86,78,910.13 "," $28,36,507.60 "," $80,99,365.70 ",4.9,48,4509,2430,Mary Mitchell,Jimmy Smith," $2,83,99,828.14 ",276.29%,Hit,Average
1987,Law do age,Horror,1970,21-02-1970,UK," $13,40,361.79 "," $15,01,271.91 "," $32,39,879.60 "," $2,12,458.73 "," $8,43,195.41 ",4.6,52,1871,50,William Carpenter,Amanda Lawson," $18,99,517.81 ",141.72%,Hit,Average
1988,Factor,Drama,1991,13-10-1991,UK," $69,68,965.88 "," $1,89,02,855.10 "," $3,05,37,646.66 "," $42,46,688.60 "," $78,45,099.49 ",4.7,56,8639,770,Amber Anderson,Catherine Willis," $2,35,68,680.78 ",338.19%,Hit,Average
1989,Carry story,Horror,1970,02-03-1970,USA," $11,11,861.80 "," $10,05,783.21 "," $22,23,358.97 "," $1,04,675.63 "," $5,70,476.92 ",3.1,38,709,4695,Adam Brown,Brenda Gomez," $11,11,497.17 ",99.97%,flop,Average
1990,Young,Drama,2009,04-10-2009,USA," $1,45,81,887.92 "," $97,06,975.01 "," $1,95,56,393.31 "," $10,01,644.06 "," $53,09,533.05 ",7.6,81,8199,441,Ashley Medina,Kimberly Johnson," $49,74,505.39 ",34.11%,flop,Good Performance
1991,Prove participant whose,Thriller,2010,12-04-2010,USA," $25,70,266.66 "," $39,73,233.52 "," $67,27,009.45 "," $6,99,855.88 "," $22,08,472.63 ",4.2,47,11252,1583,Brandon Fuller,Nicole Dawson," $41,56,742.79 ",161.72%,Hit,Average
1992,Few,Action,1972,12-02-1972,Canada," $82,65,216.98 "," $1,14,94,626.77 "," $1,68,69,640.36 "," $31,44,980.42 "," $52,19,987.74 ",7.8,91,2736,54,Emily Miller,Seth Johnson," $86,04,423.38 ",104.10%,Hit,Good Performance
1993,Rest simply,Thriller,1963,30-01-1963,USA," $12,29,365.04 "," $9,56,379.86 "," $14,65,061.03 "," $1,80,329.42 "," $5,33,164.75 ",4.9,34,5923,776,David Lee,Ashley Reeves," $2,35,695.99 ",19.17%,flop,Average
1994,Plant drug level,Drama,2009,10-03-2009,UK," $71,97,238.78 "," $83,16,245.11 "," $1,59,94,429.50 "," $10,22,636.04 "," $35,80,346.13 ",9.7,100,2614,50,William Banks,Jennifer Leach," $87,97,190.72 ",122.23%,Hit,Excellent Performance
1995,Serious house,Action,1999,31-01-1999,USA," $24,43,651.74 "," $55,42,098.70 "," $1,03,10,057.48 "," $10,72,244.37 "," $25,89,582.93 ",6,62,2300,540,Heidi Cisneros,Richard Mata," $78,66,405.74 ",321.91%,Hit,Good Performance
1996,Sing research,Drama,2010,14-02-2010,France," $5,37,158.47 "," $3,43,863.17 "," $7,17,296.18 "," $79,950.67 "," $1,68,778.71 ",6.9,64,21884,787,Sara Higgins,Mark Morris," $1,80,137.71 ",33.54%,flop,Good Performance
1997,Professional job security,Documentary,1985,30-01-1985,USA," $55,38,344.45 "," $94,93,031.28 "," $2,21,11,732.26 "," $13,04,951.93 "," $55,16,637.06 ",5.7,50,258,758,Philip Simmons,Meghan Mcintosh," $1,65,73,387.81 ",299.25%,Hit,Average
1998,Others line four,Action,2018,01-01-2018,UK," $65,96,913.87 "," $1,17,15,113.53 "," $2,13,79,388.63 "," $27,70,418.61 "," $57,58,335.82 ",6.6,41,8648,2697,Kim Watkins,Samuel Wyatt," $1,47,82,474.76 ",224.08%,Hit,Good Performance
1999,Culture theory,Drama,1986,30-01-1986,France," $6,33,992.99 "," $4,01,225.49 "," $6,33,992.99 "," $1,16,460.60 "," $1,68,687.16 ",6.3,54,15355,50,James Miller,William Prince, $-   ,0.00%,Break_even,Good Performance
2000,Important almost,Action,1977,29-12-1977,USA," $24,07,368.82 "," $38,95,359.97 "," $93,92,239.56 "," $11,60,288.76 "," $15,59,929.02 ",7.5,79,494,556,Megan Sharp,Tyler Cooper," $69,84,870.74 ",290.15%,Hit,Good Performance
2001,Blood grow,Horror,2024,02-07-2024,USA," $5,21,950.46 "," $4,34,604.43 "," $6,85,573.93 "," $71,280.73 "," $2,01,861.82 ",5.6,49,2003,94,Dr. Jonathan Long,Elizabeth Shannon," $1,63,623.47 ",31.35%,flop,Average
,,,,,,,,,,,,,,,,,,,,
,,,,,,,,,,,,,,,,,,,,
,Count of movies,,,,,,,,,,,,,,,,,,,
,2000,,,,,,,,,,,,,,,,,,,
,,,,,,,,,,,,,,,,,,,,
,Count of IMDb ratings by genres,,,,,,,,,,,,,,,,,,,
,16681303,,,,,,,,,,,,,,,,,,,
,,,,,,,,,,,,,,,,,,,,
,Count of directors ,,,,,,,,,,,,,,,,,,,
,2000,,,,,,,,,,,,,,,,,,,
,,,,,,,,,,,,,,,,,,,,
,Avg IMDb rating,,,,,,,,,,,,,,,,,,,
,6.6,,,,,,,,,,,,,,,,,,,
,,,,,,,,,,,,,,,,,,,,
,Total Global BO,,,,,,,,,,,,,,,,,,,
,$51.84cr,,,,,,,,,,,,,,,,,,,
